id,value
07-01-2026 09:45||NIFTY27JAN2625200CE,0.12758187932909504
07-01-2026 09:50||NIFTY27JAN2625200CE,0.13116460710941752
07-01-2026 10:05||NIFTY27JAN2625200CE,0.054087482451933434
07-01-2026 10:40||NIFTY27JAN2625200CE,0.13051503428502248
07-01-2026 11:05||NIFTY27JAN2625200CE,0.02272808222044847
07-01-2026 11:10||NIFTY27JAN2625200CE,0.08561571132290292
07-01-2026 11:40||NIFTY27JAN2625200CE,0.11064350658984833
07-01-2026 11:55||NIFTY27JAN2625200CE,0.14916911660753462
07-01-2026 12:10||NIFTY27JAN2625200CE,0.16676933199295163
07-01-2026 12:30||NIFTY27JAN2625200CE,0.13667555118664979
07-01-2026 12:55||NIFTY27JAN2625200CE,0.12680973410919918
07-01-2026 13:05||NIFTY27JAN2625200CE,0.11783226838684788
07-01-2026 13:35||NIFTY27JAN2625200CE,0.16356799498894783
07-01-2026 13:45||NIFTY27JAN2625200CE,0.14426927932397798
07-01-2026 14:15||NIFTY27JAN2625200CE,0.12679468406225294
08-01-2026 09:40||NIFTY27JAN2625200CE,0.04096960131491501
08-01-2026 10:10||NIFTY27JAN2625200CE,0.16031497572957146
08-01-2026 10:20||NIFTY27JAN2625200CE,0.11660367675690037
08-01-2026 10:25||NIFTY27JAN2625200CE,0.12653760442629244
08-01-2026 10:45||NIFTY27JAN2625200CE,0.13275317917188978
08-01-2026 11:10||NIFTY27JAN2625200CE,0.14733637501625046
08-01-2026 11:15||NIFTY27JAN2625200CE,0.13727539549913736
08-01-2026 11:30||NIFTY27JAN2625200CE,0.15647877628001775
08-01-2026 11:35||NIFTY27JAN2625200CE,0.12457291290481458
08-01-2026 12:15||NIFTY27JAN2625200CE,0.12787965274464136
08-01-2026 12:40||NIFTY27JAN2625200CE,0.13829475011119394
08-01-2026 13:55||NIFTY27JAN2625200CE,0.1377115884573239
08-01-2026 14:10||NIFTY27JAN2625200CE,0.12173635212859689
08-01-2026 14:15||NIFTY27JAN2625200CE,0.12840850362793693
08-01-2026 14:25||NIFTY27JAN2625200CE,0.12124436737704128
08-01-2026 15:00||NIFTY27JAN2625200CE,0.13342771844921936
09-01-2026 09:55||NIFTY27JAN2625200CE,0.13340541754802598
09-01-2026 10:20||NIFTY27JAN2625200CE,0.144280373508397
09-01-2026 10:45||NIFTY27JAN2625200CE,0.13310574196394953
09-01-2026 11:00||NIFTY27JAN2625200CE,0.16664945972851614
09-01-2026 11:10||NIFTY27JAN2625200CE,0.11955449868150184
09-01-2026 11:20||NIFTY27JAN2625200CE,0.13150289183829172
09-01-2026 11:35||NIFTY27JAN2625200CE,0.1206243573061738
09-01-2026 11:50||NIFTY27JAN2625200CE,0.11870937159674155
09-01-2026 13:00||NIFTY27JAN2625200CE,0.11597012707315599
09-01-2026 13:10||NIFTY27JAN2625200CE,0.11981558432267059
09-01-2026 13:20||NIFTY27JAN2625200CE,0.1208092377837718
09-01-2026 13:45||NIFTY27JAN2625200CE,0.11238219292663904
09-01-2026 14:05||NIFTY27JAN2625200CE,0.12528818082436866
09-01-2026 14:20||NIFTY27JAN2625200CE,0.1146529021655268
09-01-2026 14:40||NIFTY27JAN2625200CE,0.12425774257289568
09-01-2026 15:10||NIFTY27JAN2625200CE,0.1185476710630452
09-01-2026 15:15||NIFTY27JAN2625200CE,0.11379608190549118
09-01-2026 15:20||NIFTY27JAN2625200CE,0.12546318374394363
12-01-2026 09:15||NIFTY27JAN2625200CE,0.11480200070484822
12-01-2026 09:20||NIFTY27JAN2625200CE,0.1274949568060426
12-01-2026 09:30||NIFTY27JAN2625200CE,0.13969428680484822
12-01-2026 09:40||NIFTY27JAN2625200CE,0.13206338716003133
12-01-2026 10:00||NIFTY27JAN2625200CE,0.14403992470017477
12-01-2026 10:20||NIFTY27JAN2625200CE,0.13197091609158684
12-01-2026 10:25||NIFTY27JAN2625200CE,0.14291674368296342
12-01-2026 10:30||NIFTY27JAN2625200CE,0.1283540106900154
12-01-2026 11:00||NIFTY27JAN2625200CE,0.12954194424650645
12-01-2026 11:05||NIFTY27JAN2625200CE,0.13206344122760094
12-01-2026 11:10||NIFTY27JAN2625200CE,0.12766495564723862
12-01-2026 11:40||NIFTY27JAN2625200CE,0.12405514982648433
12-01-2026 12:25||NIFTY27JAN2625200CE,0.12685158617857945
12-01-2026 13:20||NIFTY27JAN2625200CE,0.14031984032562808
12-01-2026 13:40||NIFTY27JAN2625200CE,0.14303624372187834
12-01-2026 13:50||NIFTY27JAN2625200CE,0.13794385891965066
12-01-2026 14:10||NIFTY27JAN2625200CE,0.14002196247768853
12-01-2026 14:20||NIFTY27JAN2625200CE,0.15055144146815208
12-01-2026 14:30||NIFTY27JAN2625200CE,0.12338361826421462
12-01-2026 15:10||NIFTY27JAN2625200CE,0.13682518871628313
12-01-2026 15:15||NIFTY27JAN2625200CE,0.14086036541597127
12-01-2026 15:20||NIFTY27JAN2625200CE,0.13987074477681816
13-01-2026 09:40||NIFTY27JAN2625200CE,0.11840551413039352
13-01-2026 10:45||NIFTY27JAN2625200CE,0.130830521496194
13-01-2026 10:55||NIFTY27JAN2625200CE,0.13660120724499022
13-01-2026 11:15||NIFTY27JAN2625200CE,0.11491909593431114
13-01-2026 12:10||NIFTY27JAN2625200CE,0.11407554994436057
13-01-2026 13:05||NIFTY27JAN2625200CE,0.1214291403347637
13-01-2026 14:10||NIFTY27JAN2625200CE,0.1027648596125909
13-01-2026 14:20||NIFTY27JAN2625200CE,0.11038567851454853
14-01-2026 09:50||NIFTY27JAN2625200CE,0.1424586204806842
14-01-2026 10:15||NIFTY27JAN2625200CE,0.09719899382082572
14-01-2026 10:30||NIFTY27JAN2625200CE,0.1233261540366378
14-01-2026 10:50||NIFTY27JAN2625200CE,0.114916829587681
14-01-2026 10:55||NIFTY27JAN2625200CE,0.12538107225411618
14-01-2026 11:10||NIFTY27JAN2625200CE,0.1172530461467839
14-01-2026 11:55||NIFTY27JAN2625200CE,0.11412403004479522
14-01-2026 13:15||NIFTY27JAN2625200CE,0.11278946244331424
14-01-2026 13:20||NIFTY27JAN2625200CE,0.09067438403123156
14-01-2026 13:25||NIFTY27JAN2625200CE,0.106400591389664
14-01-2026 13:30||NIFTY27JAN2625200CE,0.09856218546966644
14-01-2026 13:55||NIFTY27JAN2625200CE,0.10306672069326266
14-01-2026 14:05||NIFTY27JAN2625200CE,0.10875523110715904
14-01-2026 14:50||NIFTY27JAN2625200CE,0.1092426005222397
14-01-2026 15:25||NIFTY27JAN2625200CE,0.10430030716688847
16-01-2026 09:20||NIFTY27JAN2625200CE,0.12104747694984037
16-01-2026 10:35||NIFTY27JAN2625200CE,0.14973623315785964
16-01-2026 10:45||NIFTY27JAN2625200CE,0.13557109018401076
16-01-2026 12:00||NIFTY27JAN2625200CE,0.15323608563085533
16-01-2026 12:05||NIFTY27JAN2625200CE,0.1495170963510101
16-01-2026 12:40||NIFTY27JAN2625200CE,0.12073145525909454
16-01-2026 13:10||NIFTY27JAN2625200CE,0.13063119419028407
16-01-2026 13:25||NIFTY27JAN2625200CE,0.13913013001255986
16-01-2026 13:30||NIFTY27JAN2625200CE,0.12590628277897709
16-01-2026 13:40||NIFTY27JAN2625200CE,0.12600349266392785
16-01-2026 14:55||NIFTY27JAN2625200CE,0.1224349255001392
19-01-2026 10:05||NIFTY27JAN2625200CE,0.12580482723091407
19-01-2026 10:35||NIFTY27JAN2625200CE,0.10936154133238744
19-01-2026 10:50||NIFTY27JAN2625200CE,0.12260693366323783
19-01-2026 11:50||NIFTY27JAN2625200CE,0.11405401756623473
19-01-2026 12:05||NIFTY27JAN2625200CE,0.11279906699389858
19-01-2026 13:20||NIFTY27JAN2625200CE,0.11073552040483306
19-01-2026 14:10||NIFTY27JAN2625200CE,0.1003805395276377
19-01-2026 14:40||NIFTY27JAN2625200CE,0.11202650135447695
19-01-2026 15:20||NIFTY27JAN2625200CE,0.09784273944226571
20-01-2026 09:15||NIFTY27JAN2625200CE,0.10928003335286167
20-01-2026 09:20||NIFTY27JAN2625200CE,0.08465698377367147
20-01-2026 09:35||NIFTY27JAN2625200CE,0.10631428102571704
20-01-2026 09:50||NIFTY27JAN2625200CE,0.10295977692198414
20-01-2026 10:00||NIFTY27JAN2625200CE,0.12090592882933796
20-01-2026 10:35||NIFTY27JAN2625200CE,0.13054359898101736
20-01-2026 11:10||NIFTY27JAN2625200CE,0.11298329735103844
20-01-2026 11:25||NIFTY27JAN2625200CE,0.12465959699489411
20-01-2026 11:30||NIFTY27JAN2625200CE,0.11435114980742514
20-01-2026 12:20||NIFTY27JAN2625200CE,0.1065957252447786
20-01-2026 12:35||NIFTY27JAN2625200CE,0.11408459670174481
20-01-2026 13:15||NIFTY27JAN2625200CE,0.11701468690960976
20-01-2026 13:50||NIFTY27JAN2625200CE,0.11833646040530511
20-01-2026 13:55||NIFTY27JAN2625200CE,0.11916144594305324
20-01-2026 14:00||NIFTY27JAN2625200CE,0.11530550959743043
20-01-2026 14:05||NIFTY27JAN2625200CE,0.11412983924772564
20-01-2026 14:15||NIFTY27JAN2625200CE,0.11180893879118768
20-01-2026 14:40||NIFTY27JAN2625200CE,0.11097496635532828
20-01-2026 15:05||NIFTY27JAN2625200CE,0.09745100458308796
20-01-2026 15:25||NIFTY27JAN2625200CE,0.13629384874658446
21-01-2026 09:15||NIFTY27JAN2625200CE,0.15922896872371975
21-01-2026 09:35||NIFTY27JAN2625200CE,0.10881703693430933
21-01-2026 09:40||NIFTY27JAN2625200CE,0.12762754535718232
21-01-2026 09:45||NIFTY27JAN2625200CE,0.12602294118525426
21-01-2026 10:05||NIFTY27JAN2625200CE,0.1167455178886201
21-01-2026 10:30||NIFTY27JAN2625200CE,0.12142810316535925
21-01-2026 10:40||NIFTY27JAN2625200CE,0.10944783042951989
21-01-2026 11:05||NIFTY27JAN2625200CE,0.1364539786781879
21-01-2026 11:10||NIFTY27JAN2625200CE,0.13801242222584054
21-01-2026 11:40||NIFTY27JAN2625200CE,0.13245494686718778
21-01-2026 11:45||NIFTY27JAN2625200CE,0.13215224759541466
21-01-2026 12:40||NIFTY27JAN2625200CE,0.1341308756236999
21-01-2026 12:50||NIFTY27JAN2625200CE,0.14964923072035557
21-01-2026 13:25||NIFTY27JAN2625200CE,0.13337520986385287
21-01-2026 13:30||NIFTY27JAN2625200CE,0.11315796518192464
21-01-2026 14:00||NIFTY27JAN2625200CE,0.1315567037113
21-01-2026 14:10||NIFTY27JAN2625200CE,0.12206744272185488
21-01-2026 14:20||NIFTY27JAN2625200CE,0.11149946950631126
21-01-2026 14:30||NIFTY27JAN2625200CE,0.13298262346687903
21-01-2026 14:35||NIFTY27JAN2625200CE,0.12812234354672658
21-01-2026 14:40||NIFTY27JAN2625200CE,0.1191873596576509
21-01-2026 14:50||NIFTY27JAN2625200CE,0.11647020346327823
21-01-2026 15:00||NIFTY27JAN2625200CE,0.1300295490332778
21-01-2026 15:15||NIFTY27JAN2625200CE,0.11717534416008049
22-01-2026 09:20||NIFTY27JAN2625200CE,0.11466864236266888
22-01-2026 09:25||NIFTY27JAN2625200CE,0.14536081795471634
22-01-2026 09:55||NIFTY27JAN2625200CE,0.13631508586518262
22-01-2026 10:35||NIFTY27JAN2625200CE,0.09687835957662036
22-01-2026 11:40||NIFTY27JAN2625200CE,0.10933102143774884
22-01-2026 11:50||NIFTY27JAN2625200CE,0.11787030437561655
22-01-2026 12:45||NIFTY27JAN2625200CE,0.11433627376032979
22-01-2026 13:15||NIFTY27JAN2625200CE,0.12697009067877768
22-01-2026 13:20||NIFTY27JAN2625200CE,0.1187015480765691
22-01-2026 13:45||NIFTY27JAN2625200CE,0.12788115329906888
22-01-2026 13:50||NIFTY27JAN2625200CE,0.1290061216890833
22-01-2026 14:05||NIFTY27JAN2625200CE,0.10719467260487914
22-01-2026 14:40||NIFTY27JAN2625200CE,0.11858274712776616
22-01-2026 15:20||NIFTY27JAN2625200CE,0.134967514791302
22-01-2026 15:25||NIFTY27JAN2625200CE,0.12330726246571135
23-01-2026 09:30||NIFTY27JAN2625200CE,0.10627661935264851
23-01-2026 09:50||NIFTY27JAN2625200CE,0.10469539770760639
23-01-2026 09:55||NIFTY27JAN2625200CE,0.11985786517021255
23-01-2026 11:25||NIFTY27JAN2625200CE,0.10626558896474494
23-01-2026 12:00||NIFTY27JAN2625200CE,0.10706113548268414
23-01-2026 12:20||NIFTY27JAN2625200CE,0.09148943325757945
23-01-2026 13:05||NIFTY27JAN2625200CE,0.10249222862191394
23-01-2026 14:25||NIFTY27JAN2625200CE,0.11315950497351769
23-01-2026 14:40||NIFTY27JAN2625200CE,0.10132526926900776
23-01-2026 14:50||NIFTY27JAN2625200CE,0.1070831614339179
23-01-2026 14:55||NIFTY27JAN2625200CE,0.101314510155714
27-01-2026 10:35||NIFTY27JAN2625200CE,0.25332728717717734
27-01-2026 10:40||NIFTY27JAN2625200CE,0.2465918661824175
27-01-2026 10:50||NIFTY27JAN2625200CE,0.29020718050713135
27-01-2026 11:00||NIFTY27JAN2625200CE,0.2927692982436469
27-01-2026 11:35||NIFTY27JAN2625200CE,0.3230409751844944
27-01-2026 11:55||NIFTY27JAN2625200CE,0.36252901081037076
27-01-2026 12:40||NIFTY27JAN2625200CE,0.3305778545195317
27-01-2026 12:45||NIFTY27JAN2625200CE,0.2919743778319146
27-01-2026 13:15||NIFTY27JAN2625200CE,0.37949600280718176
27-01-2026 14:50||NIFTY27JAN2625200CE,0.307590115599779
07-01-2026 09:20||NIFTY27JAN2625300CE,0.1019403048687537
07-01-2026 09:25||NIFTY27JAN2625300CE,0.0952557060079646
07-01-2026 10:45||NIFTY27JAN2625300CE,0.12048837864125805
07-01-2026 11:20||NIFTY27JAN2625300CE,0.12825994111042047
07-01-2026 11:25||NIFTY27JAN2625300CE,0.13550806383169176
07-01-2026 12:05||NIFTY27JAN2625300CE,0.14601517871567438
07-01-2026 12:15||NIFTY27JAN2625300CE,0.1493316780960673
07-01-2026 12:25||NIFTY27JAN2625300CE,0.1338717876421128
07-01-2026 12:35||NIFTY27JAN2625300CE,0.12933081229097945
07-01-2026 12:55||NIFTY27JAN2625300CE,0.12464669282000415
07-01-2026 13:00||NIFTY27JAN2625300CE,0.13004153523070067
07-01-2026 13:30||NIFTY27JAN2625300CE,0.13713396562764935
07-01-2026 13:35||NIFTY27JAN2625300CE,0.14928463610833645
07-01-2026 13:55||NIFTY27JAN2625300CE,0.13308089265923337
07-01-2026 14:30||NIFTY27JAN2625300CE,0.11760151140097339
08-01-2026 09:15||NIFTY27JAN2625300CE,0.1083414972806129
08-01-2026 09:20||NIFTY27JAN2625300CE,0.09544518010002302
08-01-2026 09:25||NIFTY27JAN2625300CE,0.10595609245437307
08-01-2026 09:35||NIFTY27JAN2625300CE,0.13139994243580622
08-01-2026 09:55||NIFTY27JAN2625300CE,0.11505635136356207
08-01-2026 10:45||NIFTY27JAN2625300CE,0.1241493516331692
08-01-2026 11:35||NIFTY27JAN2625300CE,0.12257425441135911
08-01-2026 12:05||NIFTY27JAN2625300CE,0.13684137221095277
08-01-2026 12:45||NIFTY27JAN2625300CE,0.1251311323527961
08-01-2026 13:20||NIFTY27JAN2625300CE,0.1305423908998514
08-01-2026 13:40||NIFTY27JAN2625300CE,0.12667557718034883
08-01-2026 14:00||NIFTY27JAN2625300CE,0.10945442841837719
08-01-2026 14:05||NIFTY27JAN2625300CE,0.11269102060619773
08-01-2026 14:10||NIFTY27JAN2625300CE,0.12076586439860208
08-01-2026 14:40||NIFTY27JAN2625300CE,0.12015588909128669
08-01-2026 14:45||NIFTY27JAN2625300CE,0.12278848403102456
09-01-2026 09:20||NIFTY27JAN2625300CE,0.11099634889893602
09-01-2026 09:30||NIFTY27JAN2625300CE,0.11425407133277901
09-01-2026 09:50||NIFTY27JAN2625300CE,0.1382855208891051
09-01-2026 11:05||NIFTY27JAN2625300CE,0.12521676139632984
09-01-2026 11:30||NIFTY27JAN2625300CE,0.12095544716404126
09-01-2026 11:35||NIFTY27JAN2625300CE,0.11648684323889537
09-01-2026 11:40||NIFTY27JAN2625300CE,0.11808425170860432
09-01-2026 12:45||NIFTY27JAN2625300CE,0.10613619730293491
09-01-2026 12:50||NIFTY27JAN2625300CE,0.12148624500781446
09-01-2026 13:15||NIFTY27JAN2625300CE,0.11634541652715122
09-01-2026 13:25||NIFTY27JAN2625300CE,0.11687112357897284
09-01-2026 13:35||NIFTY27JAN2625300CE,0.12138407554090297
09-01-2026 13:40||NIFTY27JAN2625300CE,0.10645019685911143
09-01-2026 14:10||NIFTY27JAN2625300CE,0.11307548399168968
09-01-2026 14:25||NIFTY27JAN2625300CE,0.11009508852811234
09-01-2026 14:45||NIFTY27JAN2625300CE,0.11458002360570253
09-01-2026 15:20||NIFTY27JAN2625300CE,0.11932605455283384
12-01-2026 10:40||NIFTY27JAN2625300CE,0.1292984584903378
12-01-2026 11:35||NIFTY27JAN2625300CE,0.12444693596481951
12-01-2026 11:40||NIFTY27JAN2625300CE,0.12213577488787757
12-01-2026 12:20||NIFTY27JAN2625300CE,0.14449755427990676
12-01-2026 12:40||NIFTY27JAN2625300CE,0.1490979898260601
12-01-2026 12:45||NIFTY27JAN2625300CE,0.12843504096401182
12-01-2026 12:50||NIFTY27JAN2625300CE,0.13726366337282547
12-01-2026 13:05||NIFTY27JAN2625300CE,0.14042243725490589
12-01-2026 13:30||NIFTY27JAN2625300CE,0.152044267275379
12-01-2026 13:50||NIFTY27JAN2625300CE,0.1337749079814557
12-01-2026 14:40||NIFTY27JAN2625300CE,0.1339461782560743
12-01-2026 14:45||NIFTY27JAN2625300CE,0.12676719422499608
12-01-2026 15:20||NIFTY27JAN2625300CE,0.13408926920228767
13-01-2026 09:25||NIFTY27JAN2625300CE,0.07721302908800325
13-01-2026 09:30||NIFTY27JAN2625300CE,0.09583329312734921
13-01-2026 09:35||NIFTY27JAN2625300CE,0.11422390225201258
13-01-2026 10:20||NIFTY27JAN2625300CE,0.11715487715216823
13-01-2026 10:30||NIFTY27JAN2625300CE,0.1185905275424079
13-01-2026 11:15||NIFTY27JAN2625300CE,0.11312896897875653
13-01-2026 11:35||NIFTY27JAN2625300CE,0.11027509260535852
13-01-2026 11:40||NIFTY27JAN2625300CE,0.09834855776259722
13-01-2026 12:05||NIFTY27JAN2625300CE,0.11292430422047314
13-01-2026 12:15||NIFTY27JAN2625300CE,0.11577061986432075
13-01-2026 12:45||NIFTY27JAN2625300CE,0.0992082962351493
13-01-2026 12:55||NIFTY27JAN2625300CE,0.11246951307976014
13-01-2026 13:20||NIFTY27JAN2625300CE,0.11708101908837132
13-01-2026 13:45||NIFTY27JAN2625300CE,0.11106397814278
13-01-2026 14:00||NIFTY27JAN2625300CE,0.10450477113527579
13-01-2026 14:40||NIFTY27JAN2625300CE,0.12195189983725387
13-01-2026 15:10||NIFTY27JAN2625300CE,0.09529366571321311
13-01-2026 15:20||NIFTY27JAN2625300CE,0.10370008614118739
14-01-2026 09:15||NIFTY27JAN2625300CE,0.12918899175923487
14-01-2026 09:25||NIFTY27JAN2625300CE,0.12620306012626048
14-01-2026 09:50||NIFTY27JAN2625300CE,0.13608582003894829
14-01-2026 10:05||NIFTY27JAN2625300CE,0.11383793094009943
14-01-2026 10:40||NIFTY27JAN2625300CE,0.10597359376602956
14-01-2026 11:05||NIFTY27JAN2625300CE,0.10611244182506274
14-01-2026 11:20||NIFTY27JAN2625300CE,0.11029911024023742
14-01-2026 11:30||NIFTY27JAN2625300CE,0.10759337144159642
14-01-2026 12:20||NIFTY27JAN2625300CE,0.1020406015885871
14-01-2026 12:35||NIFTY27JAN2625300CE,0.10544723984062815
14-01-2026 13:10||NIFTY27JAN2625300CE,0.09896898844020072
14-01-2026 14:15||NIFTY27JAN2625300CE,0.09334495461043457
14-01-2026 14:55||NIFTY27JAN2625300CE,0.09626260775344783
16-01-2026 09:25||NIFTY27JAN2625300CE,0.12948481564426828
16-01-2026 09:55||NIFTY27JAN2625300CE,0.11577515514648799
16-01-2026 10:10||NIFTY27JAN2625300CE,0.14040320988092925
16-01-2026 10:15||NIFTY27JAN2625300CE,0.15893726604147326
16-01-2026 11:00||NIFTY27JAN2625300CE,0.13665235201020212
16-01-2026 11:35||NIFTY27JAN2625300CE,0.11937959172598091
16-01-2026 12:10||NIFTY27JAN2625300CE,0.14551142814747908
16-01-2026 13:05||NIFTY27JAN2625300CE,0.12847700471493542
16-01-2026 13:25||NIFTY27JAN2625300CE,0.13378737625305157
16-01-2026 13:40||NIFTY27JAN2625300CE,0.11981223830329901
16-01-2026 14:35||NIFTY27JAN2625300CE,0.10363808558570145
16-01-2026 14:45||NIFTY27JAN2625300CE,0.11022074561757934
16-01-2026 14:55||NIFTY27JAN2625300CE,0.11822368397385642
16-01-2026 15:15||NIFTY27JAN2625300CE,0.11967431715550832
19-01-2026 09:50||NIFTY27JAN2625300CE,0.1003553127029144
19-01-2026 11:25||NIFTY27JAN2625300CE,0.11782874762560003
19-01-2026 12:20||NIFTY27JAN2625300CE,0.1079394065468022
19-01-2026 12:35||NIFTY27JAN2625300CE,0.11026566242015168
19-01-2026 13:25||NIFTY27JAN2625300CE,0.11149929812255116
19-01-2026 13:40||NIFTY27JAN2625300CE,0.1013589426405285
19-01-2026 14:00||NIFTY27JAN2625300CE,0.12183495813398783
19-01-2026 14:55||NIFTY27JAN2625300CE,0.1052384811471619
19-01-2026 15:15||NIFTY27JAN2625300CE,0.08424400477192433
20-01-2026 10:50||NIFTY27JAN2625300CE,0.10476487403783404
20-01-2026 10:55||NIFTY27JAN2625300CE,0.10863921524111479
20-01-2026 11:00||NIFTY27JAN2625300CE,0.10750075021934928
20-01-2026 11:15||NIFTY27JAN2625300CE,0.11480687647455179
20-01-2026 11:25||NIFTY27JAN2625300CE,0.12077290513222294
20-01-2026 11:40||NIFTY27JAN2625300CE,0.115783508568266
20-01-2026 12:20||NIFTY27JAN2625300CE,0.10525291540240207
20-01-2026 12:30||NIFTY27JAN2625300CE,0.10704810839865338
20-01-2026 13:05||NIFTY27JAN2625300CE,0.10842438780778739
20-01-2026 15:10||NIFTY27JAN2625300CE,0.10037956958249028
20-01-2026 15:25||NIFTY27JAN2625300CE,0.1328706278626742
21-01-2026 09:25||NIFTY27JAN2625300CE,0.10954088967960338
21-01-2026 09:30||NIFTY27JAN2625300CE,0.1288925908735087
21-01-2026 09:35||NIFTY27JAN2625300CE,0.10854133241233772
21-01-2026 10:00||NIFTY27JAN2625300CE,0.12113869067729359
21-01-2026 10:55||NIFTY27JAN2625300CE,0.14166975803161722
21-01-2026 11:00||NIFTY27JAN2625300CE,0.1341804665046832
21-01-2026 11:10||NIFTY27JAN2625300CE,0.13906408838222414
21-01-2026 12:30||NIFTY27JAN2625300CE,0.13724800334579332
21-01-2026 12:45||NIFTY27JAN2625300CE,0.14055840171901365
21-01-2026 12:55||NIFTY27JAN2625300CE,0.13289675923007482
21-01-2026 13:30||NIFTY27JAN2625300CE,0.1134298101181272
21-01-2026 13:40||NIFTY27JAN2625300CE,0.1285733524669325
21-01-2026 14:30||NIFTY27JAN2625300CE,0.13142136324417533
21-01-2026 14:50||NIFTY27JAN2625300CE,0.11726826106243679
21-01-2026 14:55||NIFTY27JAN2625300CE,0.11932750658051487
21-01-2026 15:00||NIFTY27JAN2625300CE,0.12791184826509835
21-01-2026 15:15||NIFTY27JAN2625300CE,0.11696901235673524
22-01-2026 09:15||NIFTY27JAN2625300CE,0.10407350463120646
22-01-2026 10:10||NIFTY27JAN2625300CE,0.12711566198285976
22-01-2026 10:15||NIFTY27JAN2625300CE,0.0968062018544009
22-01-2026 10:35||NIFTY27JAN2625300CE,0.0992123327589288
22-01-2026 10:50||NIFTY27JAN2625300CE,0.1160827185886921
22-01-2026 12:25||NIFTY27JAN2625300CE,0.12596945768118248
22-01-2026 13:05||NIFTY27JAN2625300CE,0.11482511015539565
22-01-2026 13:10||NIFTY27JAN2625300CE,0.11097907304244303
22-01-2026 13:35||NIFTY27JAN2625300CE,0.10538490729159565
22-01-2026 13:40||NIFTY27JAN2625300CE,0.12022984359255776
22-01-2026 14:00||NIFTY27JAN2625300CE,0.11054714366649598
22-01-2026 15:05||NIFTY27JAN2625300CE,0.12927209697163483
22-01-2026 15:25||NIFTY27JAN2625300CE,0.11849009249190148
23-01-2026 09:50||NIFTY27JAN2625300CE,0.10270008199236155
23-01-2026 10:10||NIFTY27JAN2625300CE,0.10474486472922968
23-01-2026 10:40||NIFTY27JAN2625300CE,0.10460186586515298
23-01-2026 11:10||NIFTY27JAN2625300CE,0.10020240551228649
23-01-2026 11:15||NIFTY27JAN2625300CE,0.09011829479806098
23-01-2026 11:45||NIFTY27JAN2625300CE,0.09512729219113107
23-01-2026 12:05||NIFTY27JAN2625300CE,0.09486714226802773
23-01-2026 12:20||NIFTY27JAN2625300CE,0.09387172390917514
23-01-2026 12:35||NIFTY27JAN2625300CE,0.10716459680120452
23-01-2026 12:40||NIFTY27JAN2625300CE,0.10804135248845462
23-01-2026 12:50||NIFTY27JAN2625300CE,0.10996420733721919
23-01-2026 13:15||NIFTY27JAN2625300CE,0.09376978500037987
23-01-2026 13:45||NIFTY27JAN2625300CE,0.11290982088268493
23-01-2026 14:00||NIFTY27JAN2625300CE,0.11428687036981554
23-01-2026 14:50||NIFTY27JAN2625300CE,0.1120219487444408
23-01-2026 15:10||NIFTY27JAN2625300CE,0.11222137471819194
27-01-2026 10:00||NIFTY27JAN2625300CE,0.3048396309010412
27-01-2026 10:10||NIFTY27JAN2625300CE,0.37023003446300956
27-01-2026 10:35||NIFTY27JAN2625300CE,0.27984788091330265
27-01-2026 10:55||NIFTY27JAN2625300CE,0.35333575190081434
27-01-2026 11:00||NIFTY27JAN2625300CE,0.34273589845590463
27-01-2026 11:05||NIFTY27JAN2625300CE,0.37176739699899336
27-01-2026 11:10||NIFTY27JAN2625300CE,0.3674518377521676
27-01-2026 11:20||NIFTY27JAN2625300CE,0.33791769078255435
27-01-2026 12:20||NIFTY27JAN2625300CE,0.37546037013397815
27-01-2026 12:30||NIFTY27JAN2625300CE,0.3453195663702116
27-01-2026 13:35||NIFTY27JAN2625300CE,0.3488871184283012
27-01-2026 13:45||NIFTY27JAN2625300CE,0.46629036665865536
07-01-2026 09:20||NIFTY27JAN2625400CE,0.10819932417423615
07-01-2026 10:35||NIFTY27JAN2625400CE,0.12156192552383926
07-01-2026 10:40||NIFTY27JAN2625400CE,0.11672437552404095
07-01-2026 11:15||NIFTY27JAN2625400CE,0.12069799504653371
07-01-2026 11:55||NIFTY27JAN2625400CE,0.12379518892212119
07-01-2026 12:35||NIFTY27JAN2625400CE,0.1225131099204487
07-01-2026 13:05||NIFTY27JAN2625400CE,0.11745799278328545
07-01-2026 13:10||NIFTY27JAN2625400CE,0.11808291883283463
07-01-2026 13:15||NIFTY27JAN2625400CE,0.12191801303705
07-01-2026 13:45||NIFTY27JAN2625400CE,0.13059407859867425
07-01-2026 14:00||NIFTY27JAN2625400CE,0.11936867508484345
07-01-2026 14:20||NIFTY27JAN2625400CE,0.11814951783271091
07-01-2026 14:25||NIFTY27JAN2625400CE,0.11875887645039915
07-01-2026 14:40||NIFTY27JAN2625400CE,0.11871118945525401
07-01-2026 15:05||NIFTY27JAN2625400CE,0.10964878105453243
08-01-2026 09:35||NIFTY27JAN2625400CE,0.12368512381919712
08-01-2026 09:45||NIFTY27JAN2625400CE,0.10504041142171383
08-01-2026 10:55||NIFTY27JAN2625400CE,0.11622497423388063
08-01-2026 11:05||NIFTY27JAN2625400CE,0.11866440745517774
08-01-2026 11:25||NIFTY27JAN2625400CE,0.12362898154021566
08-01-2026 11:30||NIFTY27JAN2625400CE,0.13010502324173073
08-01-2026 11:55||NIFTY27JAN2625400CE,0.10793741946655921
08-01-2026 12:15||NIFTY27JAN2625400CE,0.11707131800252273
08-01-2026 12:35||NIFTY27JAN2625400CE,0.12640419585671597
08-01-2026 13:00||NIFTY27JAN2625400CE,0.12640134137519476
08-01-2026 13:10||NIFTY27JAN2625400CE,0.12182869818714101
08-01-2026 13:20||NIFTY27JAN2625400CE,0.12243370809764267
08-01-2026 13:25||NIFTY27JAN2625400CE,0.1159128960354458
08-01-2026 14:00||NIFTY27JAN2625400CE,0.10958460927721529
08-01-2026 14:40||NIFTY27JAN2625400CE,0.11597185606000517
08-01-2026 14:50||NIFTY27JAN2625400CE,0.1113715960429697
09-01-2026 09:15||NIFTY27JAN2625400CE,0.12601292031018882
09-01-2026 09:25||NIFTY27JAN2625400CE,0.11946051394706295
09-01-2026 09:30||NIFTY27JAN2625400CE,0.11128320350022607
09-01-2026 10:45||NIFTY27JAN2625400CE,0.12005104481009451
09-01-2026 11:50||NIFTY27JAN2625400CE,0.11244976778672974
09-01-2026 11:55||NIFTY27JAN2625400CE,0.11441386673142583
09-01-2026 12:15||NIFTY27JAN2625400CE,0.11077964137661812
09-01-2026 13:35||NIFTY27JAN2625400CE,0.11621176397489603
09-01-2026 13:50||NIFTY27JAN2625400CE,0.10864817489539268
09-01-2026 13:55||NIFTY27JAN2625400CE,0.11727245813634656
09-01-2026 14:05||NIFTY27JAN2625400CE,0.11461917015888878
09-01-2026 14:20||NIFTY27JAN2625400CE,0.10879906309138766
09-01-2026 15:00||NIFTY27JAN2625400CE,0.11289783649814583
12-01-2026 09:40||NIFTY27JAN2625400CE,0.12415846485309687
12-01-2026 09:50||NIFTY27JAN2625400CE,0.12675879758745712
12-01-2026 09:55||NIFTY27JAN2625400CE,0.11669700491706085
12-01-2026 10:35||NIFTY27JAN2625400CE,0.12417391333221162
12-01-2026 10:40||NIFTY27JAN2625400CE,0.12356657681831901
12-01-2026 11:00||NIFTY27JAN2625400CE,0.12258691901075666
12-01-2026 11:15||NIFTY27JAN2625400CE,0.11889532539948564
12-01-2026 11:25||NIFTY27JAN2625400CE,0.12076158577845007
12-01-2026 12:55||NIFTY27JAN2625400CE,0.12968234008294188
12-01-2026 13:40||NIFTY27JAN2625400CE,0.12616275671075822
12-01-2026 13:50||NIFTY27JAN2625400CE,0.12967166481924358
12-01-2026 14:00||NIFTY27JAN2625400CE,0.12278759009095246
12-01-2026 15:15||NIFTY27JAN2625400CE,0.12817780674240384
12-01-2026 15:25||NIFTY27JAN2625400CE,0.1187564511570582
13-01-2026 09:40||NIFTY27JAN2625400CE,0.11428734883466311
13-01-2026 09:45||NIFTY27JAN2625400CE,0.1011861741928336
13-01-2026 11:40||NIFTY27JAN2625400CE,0.09831696847381687
13-01-2026 11:45||NIFTY27JAN2625400CE,0.11384798384222694
13-01-2026 11:55||NIFTY27JAN2625400CE,0.113093807545614
13-01-2026 12:50||NIFTY27JAN2625400CE,0.1063836141814465
13-01-2026 13:20||NIFTY27JAN2625400CE,0.11395931741480468
13-01-2026 14:10||NIFTY27JAN2625400CE,0.10327794487139579
13-01-2026 14:35||NIFTY27JAN2625400CE,0.11696709427216993
13-01-2026 15:05||NIFTY27JAN2625400CE,0.11559701258747598
14-01-2026 09:45||NIFTY27JAN2625400CE,0.10517508533130793
14-01-2026 10:05||NIFTY27JAN2625400CE,0.10917879564206885
14-01-2026 10:10||NIFTY27JAN2625400CE,0.11028259620344089
14-01-2026 10:45||NIFTY27JAN2625400CE,0.11884613922375956
14-01-2026 10:50||NIFTY27JAN2625400CE,0.10956200661228466
14-01-2026 11:25||NIFTY27JAN2625400CE,0.12744856699990953
14-01-2026 12:25||NIFTY27JAN2625400CE,0.0978001726362543
14-01-2026 13:00||NIFTY27JAN2625400CE,0.09848164704676843
14-01-2026 13:45||NIFTY27JAN2625400CE,0.10172812533521507
14-01-2026 13:50||NIFTY27JAN2625400CE,0.08643422556371082
14-01-2026 14:30||NIFTY27JAN2625400CE,0.10650708618637664
14-01-2026 14:40||NIFTY27JAN2625400CE,0.10622654976670508
14-01-2026 14:45||NIFTY27JAN2625400CE,0.09901529552868034
14-01-2026 14:55||NIFTY27JAN2625400CE,0.09418826444242166
16-01-2026 09:20||NIFTY27JAN2625400CE,0.1114326472417969
16-01-2026 09:45||NIFTY27JAN2625400CE,0.12611562499491719
16-01-2026 09:55||NIFTY27JAN2625400CE,0.11089724090581808
16-01-2026 10:00||NIFTY27JAN2625400CE,0.1313708952350904
16-01-2026 10:25||NIFTY27JAN2625400CE,0.13931351885159873
16-01-2026 10:50||NIFTY27JAN2625400CE,0.12929420885813767
16-01-2026 10:55||NIFTY27JAN2625400CE,0.12384958155880116
16-01-2026 11:45||NIFTY27JAN2625400CE,0.1234380135401508
16-01-2026 12:20||NIFTY27JAN2625400CE,0.12683594657087358
16-01-2026 13:00||NIFTY27JAN2625400CE,0.11000565360211993
19-01-2026 09:15||NIFTY27JAN2625400CE,0.12950886289278643
19-01-2026 09:30||NIFTY27JAN2625400CE,0.12888044390139008
19-01-2026 09:55||NIFTY27JAN2625400CE,0.10152000984296895
19-01-2026 10:25||NIFTY27JAN2625400CE,0.10171209420408654
19-01-2026 10:40||NIFTY27JAN2625400CE,0.11754465976687939
19-01-2026 10:55||NIFTY27JAN2625400CE,0.12095380715901762
19-01-2026 11:00||NIFTY27JAN2625400CE,0.11607030709364624
19-01-2026 11:20||NIFTY27JAN2625400CE,0.1139977194984596
19-01-2026 11:25||NIFTY27JAN2625400CE,0.11454609492417239
19-01-2026 11:45||NIFTY27JAN2625400CE,0.11296605223068783
19-01-2026 12:05||NIFTY27JAN2625400CE,0.10790084232012766
19-01-2026 12:30||NIFTY27JAN2625400CE,0.10850871379193806
19-01-2026 13:00||NIFTY27JAN2625400CE,0.10852212488103302
19-01-2026 13:20||NIFTY27JAN2625400CE,0.10589323323589857
19-01-2026 13:25||NIFTY27JAN2625400CE,0.10845284334711565
19-01-2026 13:40||NIFTY27JAN2625400CE,0.1012825365204501
19-01-2026 13:50||NIFTY27JAN2625400CE,0.11626255110037513
19-01-2026 14:05||NIFTY27JAN2625400CE,0.10802849975368417
19-01-2026 14:55||NIFTY27JAN2625400CE,0.10310473001682245
19-01-2026 15:15||NIFTY27JAN2625400CE,0.08777239265883582
20-01-2026 09:20||NIFTY27JAN2625400CE,0.0892744169059328
20-01-2026 09:25||NIFTY27JAN2625400CE,0.10411057668502556
20-01-2026 10:00||NIFTY27JAN2625400CE,0.11515777466802177
20-01-2026 10:35||NIFTY27JAN2625400CE,0.12046153732367461
20-01-2026 10:55||NIFTY27JAN2625400CE,0.10735937443941951
20-01-2026 11:05||NIFTY27JAN2625400CE,0.1065389555160132
20-01-2026 11:50||NIFTY27JAN2625400CE,0.11025897327521547
20-01-2026 12:15||NIFTY27JAN2625400CE,0.10368693245768196
20-01-2026 12:40||NIFTY27JAN2625400CE,0.10454234064791135
20-01-2026 12:55||NIFTY27JAN2625400CE,0.10858864261817724
20-01-2026 13:05||NIFTY27JAN2625400CE,0.10628847120843161
20-01-2026 13:50||NIFTY27JAN2625400CE,0.11180394905361431
20-01-2026 13:55||NIFTY27JAN2625400CE,0.11205903959018357
20-01-2026 14:15||NIFTY27JAN2625400CE,0.10802097606421135
20-01-2026 14:20||NIFTY27JAN2625400CE,0.11457859751233757
20-01-2026 14:25||NIFTY27JAN2625400CE,0.11283603191000548
20-01-2026 14:30||NIFTY27JAN2625400CE,0.10644576916935983
20-01-2026 15:10||NIFTY27JAN2625400CE,0.10231129777794645
21-01-2026 09:15||NIFTY27JAN2625400CE,0.1457104108694124
21-01-2026 09:50||NIFTY27JAN2625400CE,0.11552920291762762
21-01-2026 09:55||NIFTY27JAN2625400CE,0.1105827156126565
21-01-2026 10:00||NIFTY27JAN2625400CE,0.11891226871615769
21-01-2026 10:40||NIFTY27JAN2625400CE,0.11532778388942284
21-01-2026 10:50||NIFTY27JAN2625400CE,0.1253722494418132
21-01-2026 11:15||NIFTY27JAN2625400CE,0.13878176618502286
21-01-2026 11:30||NIFTY27JAN2625400CE,0.13040366437677814
21-01-2026 11:45||NIFTY27JAN2625400CE,0.13141576387719855
21-01-2026 12:15||NIFTY27JAN2625400CE,0.13289088814077246
21-01-2026 12:20||NIFTY27JAN2625400CE,0.12826879233429178
21-01-2026 12:40||NIFTY27JAN2625400CE,0.12738580418984932
21-01-2026 12:55||NIFTY27JAN2625400CE,0.12853428528018968
21-01-2026 13:15||NIFTY27JAN2625400CE,0.1250602352263166
21-01-2026 13:20||NIFTY27JAN2625400CE,0.12186465674124942
21-01-2026 13:45||NIFTY27JAN2625400CE,0.12533181997034515
21-01-2026 14:05||NIFTY27JAN2625400CE,0.11973877615476221
21-01-2026 14:15||NIFTY27JAN2625400CE,0.1314928584534701
21-01-2026 14:40||NIFTY27JAN2625400CE,0.11817844334790076
21-01-2026 14:45||NIFTY27JAN2625400CE,0.12168771444374377
21-01-2026 15:20||NIFTY27JAN2625400CE,0.11098452383665677
22-01-2026 10:00||NIFTY27JAN2625400CE,0.10390848861359853
22-01-2026 10:05||NIFTY27JAN2625400CE,0.10955914895276975
22-01-2026 10:15||NIFTY27JAN2625400CE,0.09722488569543998
22-01-2026 10:20||NIFTY27JAN2625400CE,0.12135258886262013
22-01-2026 10:35||NIFTY27JAN2625400CE,0.10172408359212032
22-01-2026 10:45||NIFTY27JAN2625400CE,0.1107723634384962
22-01-2026 11:10||NIFTY27JAN2625400CE,0.11562023863427949
22-01-2026 13:05||NIFTY27JAN2625400CE,0.1150889804829571
22-01-2026 13:40||NIFTY27JAN2625400CE,0.11894908578803348
22-01-2026 13:55||NIFTY27JAN2625400CE,0.11258073686942216
22-01-2026 14:20||NIFTY27JAN2625400CE,0.11392443684531045
22-01-2026 14:40||NIFTY27JAN2625400CE,0.11135689997954326
22-01-2026 14:50||NIFTY27JAN2625400CE,0.10589257384849206
22-01-2026 15:05||NIFTY27JAN2625400CE,0.12202964715172909
22-01-2026 15:15||NIFTY27JAN2625400CE,0.11636471001185297
23-01-2026 09:40||NIFTY27JAN2625400CE,0.10379960366284183
23-01-2026 10:25||NIFTY27JAN2625400CE,0.11231153584190963
23-01-2026 10:50||NIFTY27JAN2625400CE,0.09843745210322888
23-01-2026 11:00||NIFTY27JAN2625400CE,0.09336287292452847
23-01-2026 11:15||NIFTY27JAN2625400CE,0.08823648492762752
23-01-2026 11:35||NIFTY27JAN2625400CE,0.08995487738578375
23-01-2026 11:50||NIFTY27JAN2625400CE,0.10445040964582625
23-01-2026 12:05||NIFTY27JAN2625400CE,0.09541425926717732
23-01-2026 12:20||NIFTY27JAN2625400CE,0.09670716405457988
23-01-2026 12:25||NIFTY27JAN2625400CE,0.10225823249283258
23-01-2026 12:55||NIFTY27JAN2625400CE,0.09082038668619566
23-01-2026 13:25||NIFTY27JAN2625400CE,0.10217223711665946
23-01-2026 13:30||NIFTY27JAN2625400CE,0.10920082010019244
23-01-2026 14:00||NIFTY27JAN2625400CE,0.11689411635002228
23-01-2026 14:15||NIFTY27JAN2625400CE,0.10732093224943257
23-01-2026 14:20||NIFTY27JAN2625400CE,0.11179060273760749
23-01-2026 14:35||NIFTY27JAN2625400CE,0.10964361480965604
23-01-2026 14:45||NIFTY27JAN2625400CE,0.10835000076475948
23-01-2026 15:20||NIFTY27JAN2625400CE,0.11997218747262994
27-01-2026 09:20||NIFTY27JAN2625400CE,0.40142358563960817
27-01-2026 09:30||NIFTY27JAN2625400CE,0.4387432553866734
27-01-2026 10:00||NIFTY27JAN2625400CE,0.3064424318511393
27-01-2026 10:20||NIFTY27JAN2625400CE,0.2997057038641141
27-01-2026 10:30||NIFTY27JAN2625400CE,0.3202793995612047
27-01-2026 10:50||NIFTY27JAN2625400CE,0.3707206875184047
27-01-2026 10:55||NIFTY27JAN2625400CE,0.3887867944059153
27-01-2026 11:00||NIFTY27JAN2625400CE,0.39293862034111643
27-01-2026 11:55||NIFTY27JAN2625400CE,0.3824452630963633
27-01-2026 12:25||NIFTY27JAN2625400CE,0.33184783290313036
27-01-2026 13:00||NIFTY27JAN2625400CE,0.39861425353453955
27-01-2026 13:30||NIFTY27JAN2625400CE,0.42953997950880496
27-01-2026 13:55||NIFTY27JAN2625400CE,0.5230349498372421
27-01-2026 14:05||NIFTY27JAN2625400CE,0.5785108907202667
27-01-2026 14:45||NIFTY27JAN2625400CE,0.5541432079953255
27-01-2026 15:00||NIFTY27JAN2625400CE,0.5973259835091891
27-01-2026 15:10||NIFTY27JAN2625400CE,0.6103863767257145
07-01-2026 09:15||NIFTY27JAN2625500CE,0.11313560139643725
07-01-2026 09:50||NIFTY27JAN2625500CE,0.10966978991543702
07-01-2026 09:55||NIFTY27JAN2625500CE,0.1229907868501516
07-01-2026 10:05||NIFTY27JAN2625500CE,0.10828673879850836
07-01-2026 10:10||NIFTY27JAN2625500CE,0.10757945028819285
07-01-2026 10:20||NIFTY27JAN2625500CE,0.110901766939916
07-01-2026 10:30||NIFTY27JAN2625500CE,0.11641617761666986
07-01-2026 10:35||NIFTY27JAN2625500CE,0.11485091737306644
07-01-2026 10:55||NIFTY27JAN2625500CE,0.10254301780469757
07-01-2026 11:10||NIFTY27JAN2625500CE,0.10686800828055408
07-01-2026 11:45||NIFTY27JAN2625500CE,0.11879656340133254
07-01-2026 12:00||NIFTY27JAN2625500CE,0.11857757263793038
07-01-2026 12:15||NIFTY27JAN2625500CE,0.12501052196977386
07-01-2026 13:15||NIFTY27JAN2625500CE,0.11713651192487973
07-01-2026 14:00||NIFTY27JAN2625500CE,0.11527800094570682
07-01-2026 15:25||NIFTY27JAN2625500CE,0.10430612564153346
08-01-2026 09:50||NIFTY27JAN2625500CE,0.11631698531006628
08-01-2026 10:05||NIFTY27JAN2625500CE,0.10348052888414191
08-01-2026 10:25||NIFTY27JAN2625500CE,0.11053899404932624
08-01-2026 10:40||NIFTY27JAN2625500CE,0.11306246171766202
08-01-2026 10:50||NIFTY27JAN2625500CE,0.10457102102435556
08-01-2026 11:30||NIFTY27JAN2625500CE,0.11957397274730057
08-01-2026 11:45||NIFTY27JAN2625500CE,0.10863385391842657
08-01-2026 12:00||NIFTY27JAN2625500CE,0.10572413538698965
08-01-2026 12:15||NIFTY27JAN2625500CE,0.11212393790149294
08-01-2026 12:35||NIFTY27JAN2625500CE,0.12057381462610689
08-01-2026 13:25||NIFTY27JAN2625500CE,0.10944962142636315
08-01-2026 13:50||NIFTY27JAN2625500CE,0.11682771106126066
08-01-2026 14:40||NIFTY27JAN2625500CE,0.1120698379096787
08-01-2026 14:50||NIFTY27JAN2625500CE,0.10670969216297846
08-01-2026 15:15||NIFTY27JAN2625500CE,0.11033661625786279
09-01-2026 09:15||NIFTY27JAN2625500CE,0.12048888758678662
09-01-2026 09:40||NIFTY27JAN2625500CE,0.1374637879578186
09-01-2026 10:00||NIFTY27JAN2625500CE,0.10641043560943846
09-01-2026 10:40||NIFTY27JAN2625500CE,0.11658013734807723
09-01-2026 10:45||NIFTY27JAN2625500CE,0.11405658645590667
09-01-2026 11:05||NIFTY27JAN2625500CE,0.11377204990602786
09-01-2026 11:10||NIFTY27JAN2625500CE,0.1054597239229609
09-01-2026 11:20||NIFTY27JAN2625500CE,0.11040467093864292
09-01-2026 11:50||NIFTY27JAN2625500CE,0.10928560419311062
09-01-2026 12:05||NIFTY27JAN2625500CE,0.10885172491166684
09-01-2026 12:10||NIFTY27JAN2625500CE,0.10597388643839631
09-01-2026 12:15||NIFTY27JAN2625500CE,0.10629376291279465
09-01-2026 12:50||NIFTY27JAN2625500CE,0.1110869749279943
09-01-2026 13:40||NIFTY27JAN2625500CE,0.10067095787759199
09-01-2026 13:55||NIFTY27JAN2625500CE,0.11297392780839978
09-01-2026 14:00||NIFTY27JAN2625500CE,0.1055819120144628
09-01-2026 14:15||NIFTY27JAN2625500CE,0.10543547190147395
09-01-2026 15:25||NIFTY27JAN2625500CE,0.11652863511123589
12-01-2026 10:40||NIFTY27JAN2625500CE,0.11871727383489923
12-01-2026 10:50||NIFTY27JAN2625500CE,0.11215879332857734
12-01-2026 10:55||NIFTY27JAN2625500CE,0.11700455213086763
12-01-2026 11:05||NIFTY27JAN2625500CE,0.11991396595033477
12-01-2026 12:05||NIFTY27JAN2625500CE,0.11904954214087016
12-01-2026 12:20||NIFTY27JAN2625500CE,0.13293165031450047
12-01-2026 12:30||NIFTY27JAN2625500CE,0.13333768227445922
12-01-2026 12:40||NIFTY27JAN2625500CE,0.13787055827372602
12-01-2026 13:00||NIFTY27JAN2625500CE,0.12817079169756704
12-01-2026 13:05||NIFTY27JAN2625500CE,0.1304434015266016
12-01-2026 13:15||NIFTY27JAN2625500CE,0.11678388079279803
12-01-2026 13:20||NIFTY27JAN2625500CE,0.12600369407746037
12-01-2026 13:25||NIFTY27JAN2625500CE,0.11662897627570042
12-01-2026 13:30||NIFTY27JAN2625500CE,0.13773413438628826
12-01-2026 13:35||NIFTY27JAN2625500CE,0.12063059574415692
12-01-2026 14:10||NIFTY27JAN2625500CE,0.11784236145190691
12-01-2026 14:45||NIFTY27JAN2625500CE,0.11871613111778853
12-01-2026 15:15||NIFTY27JAN2625500CE,0.12266201680934005
12-01-2026 15:25||NIFTY27JAN2625500CE,0.11472689432562938
13-01-2026 09:15||NIFTY27JAN2625500CE,0.1005230375680157
13-01-2026 09:25||NIFTY27JAN2625500CE,0.08459582799681307
13-01-2026 09:30||NIFTY27JAN2625500CE,0.0981457626187935
13-01-2026 10:50||NIFTY27JAN2625500CE,0.105906865723918
13-01-2026 11:30||NIFTY27JAN2625500CE,0.11559717298185336
13-01-2026 11:55||NIFTY27JAN2625500CE,0.10831834638107597
13-01-2026 12:10||NIFTY27JAN2625500CE,0.10122231006871814
13-01-2026 12:50||NIFTY27JAN2625500CE,0.10538863659674044
13-01-2026 12:55||NIFTY27JAN2625500CE,0.10643628379291006
13-01-2026 13:30||NIFTY27JAN2625500CE,0.11013295029996147
13-01-2026 13:40||NIFTY27JAN2625500CE,0.11147702024194885
13-01-2026 13:55||NIFTY27JAN2625500CE,0.1091292208738149
14-01-2026 09:35||NIFTY27JAN2625500CE,0.10289896513790363
14-01-2026 09:40||NIFTY27JAN2625500CE,0.10084503440461219
14-01-2026 10:00||NIFTY27JAN2625500CE,0.10456244683118995
14-01-2026 10:20||NIFTY27JAN2625500CE,0.10192055969739701
14-01-2026 11:15||NIFTY27JAN2625500CE,0.10998529921859536
14-01-2026 11:35||NIFTY27JAN2625500CE,0.1043058074903186
14-01-2026 11:40||NIFTY27JAN2625500CE,0.10192891752403833
14-01-2026 12:25||NIFTY27JAN2625500CE,0.09614636449554409
14-01-2026 12:35||NIFTY27JAN2625500CE,0.10063947269622474
14-01-2026 13:35||NIFTY27JAN2625500CE,0.08217911766672456
14-01-2026 14:35||NIFTY27JAN2625500CE,0.10739438035822058
14-01-2026 14:45||NIFTY27JAN2625500CE,0.09765299709808618
14-01-2026 15:10||NIFTY27JAN2625500CE,0.09616474686813993
14-01-2026 15:15||NIFTY27JAN2625500CE,0.10272660190290692
16-01-2026 09:30||NIFTY27JAN2625500CE,0.10626099966470237
16-01-2026 09:50||NIFTY27JAN2625500CE,0.11330288684695317
16-01-2026 09:55||NIFTY27JAN2625500CE,0.10650347582921066
16-01-2026 10:30||NIFTY27JAN2625500CE,0.12477995400520198
16-01-2026 11:35||NIFTY27JAN2625500CE,0.11081344730422185
16-01-2026 11:40||NIFTY27JAN2625500CE,0.11201844037911454
16-01-2026 11:50||NIFTY27JAN2625500CE,0.11787448676052181
16-01-2026 12:55||NIFTY27JAN2625500CE,0.10587684044773263
16-01-2026 13:25||NIFTY27JAN2625500CE,0.12305941092354969
16-01-2026 13:35||NIFTY27JAN2625500CE,0.11827972135630199
16-01-2026 14:05||NIFTY27JAN2625500CE,0.10280424995165109
16-01-2026 14:10||NIFTY27JAN2625500CE,0.10893343803750005
16-01-2026 14:15||NIFTY27JAN2625500CE,0.11156763076920481
16-01-2026 14:25||NIFTY27JAN2625500CE,0.1006118837249452
16-01-2026 15:00||NIFTY27JAN2625500CE,0.10109355181542931
16-01-2026 15:15||NIFTY27JAN2625500CE,0.11004553855340816
16-01-2026 15:20||NIFTY27JAN2625500CE,0.10867136242820914
19-01-2026 09:15||NIFTY27JAN2625500CE,0.1248958673247253
19-01-2026 09:25||NIFTY27JAN2625500CE,0.10217758658287301
19-01-2026 09:35||NIFTY27JAN2625500CE,0.0990747699968545
19-01-2026 10:05||NIFTY27JAN2625500CE,0.1143534277282635
19-01-2026 10:15||NIFTY27JAN2625500CE,0.10895855751481792
19-01-2026 10:20||NIFTY27JAN2625500CE,0.1069717985288316
19-01-2026 10:55||NIFTY27JAN2625500CE,0.11686695856764773
19-01-2026 11:20||NIFTY27JAN2625500CE,0.11070802404106986
19-01-2026 11:30||NIFTY27JAN2625500CE,0.11249624002997981
19-01-2026 12:05||NIFTY27JAN2625500CE,0.10596724278797467
19-01-2026 13:45||NIFTY27JAN2625500CE,0.12100451474178522
20-01-2026 09:15||NIFTY27JAN2625500CE,0.10411679091608071
20-01-2026 09:20||NIFTY27JAN2625500CE,0.09119287888374424
20-01-2026 09:45||NIFTY27JAN2625500CE,0.11222842773292452
20-01-2026 10:30||NIFTY27JAN2625500CE,0.1077685128145212
20-01-2026 11:05||NIFTY27JAN2625500CE,0.10533984282697491
20-01-2026 12:35||NIFTY27JAN2625500CE,0.1071480839827929
20-01-2026 14:10||NIFTY27JAN2625500CE,0.11070940216150944
20-01-2026 14:30||NIFTY27JAN2625500CE,0.10566543269877302
20-01-2026 14:40||NIFTY27JAN2625500CE,0.10586928475817747
20-01-2026 14:45||NIFTY27JAN2625500CE,0.10908086306860462
20-01-2026 14:50||NIFTY27JAN2625500CE,0.10287350432317129
20-01-2026 15:20||NIFTY27JAN2625500CE,0.11799487823249238
21-01-2026 10:15||NIFTY27JAN2625500CE,0.11756683266091879
21-01-2026 10:35||NIFTY27JAN2625500CE,0.11931319952606127
21-01-2026 11:10||NIFTY27JAN2625500CE,0.1410063732176236
21-01-2026 12:05||NIFTY27JAN2625500CE,0.12487323728943156
21-01-2026 12:50||NIFTY27JAN2625500CE,0.132360188340582
21-01-2026 13:55||NIFTY27JAN2625500CE,0.12187779827862025
21-01-2026 14:50||NIFTY27JAN2625500CE,0.11866870837359912
22-01-2026 09:25||NIFTY27JAN2625500CE,0.1261129335352901
22-01-2026 09:30||NIFTY27JAN2625500CE,0.11609600531812216
22-01-2026 09:55||NIFTY27JAN2625500CE,0.12005382255769137
22-01-2026 10:10||NIFTY27JAN2625500CE,0.1170536770002487
22-01-2026 10:20||NIFTY27JAN2625500CE,0.11821331241801243
22-01-2026 10:45||NIFTY27JAN2625500CE,0.11136651085640255
22-01-2026 11:05||NIFTY27JAN2625500CE,0.1203630005210378
22-01-2026 11:35||NIFTY27JAN2625500CE,0.11602938488788019
22-01-2026 12:10||NIFTY27JAN2625500CE,0.12335151220554728
22-01-2026 13:10||NIFTY27JAN2625500CE,0.11445482988690617
22-01-2026 13:20||NIFTY27JAN2625500CE,0.11786735798120644
22-01-2026 13:35||NIFTY27JAN2625500CE,0.11025741607837655
22-01-2026 13:55||NIFTY27JAN2625500CE,0.11355098976865648
22-01-2026 14:00||NIFTY27JAN2625500CE,0.11165695587364406
22-01-2026 14:35||NIFTY27JAN2625500CE,0.1165609977644035
22-01-2026 14:50||NIFTY27JAN2625500CE,0.10547922618439057
23-01-2026 09:15||NIFTY27JAN2625500CE,0.1139307017646364
23-01-2026 09:20||NIFTY27JAN2625500CE,0.12624293794393024
23-01-2026 09:35||NIFTY27JAN2625500CE,0.1077543464178606
23-01-2026 09:40||NIFTY27JAN2625500CE,0.10269979620294205
23-01-2026 11:15||NIFTY27JAN2625500CE,0.08935978866402208
23-01-2026 11:30||NIFTY27JAN2625500CE,0.08992812583233525
23-01-2026 11:40||NIFTY27JAN2625500CE,0.0974213105875274
23-01-2026 11:50||NIFTY27JAN2625500CE,0.1056054321480552
23-01-2026 12:15||NIFTY27JAN2625500CE,0.10803778791780931
23-01-2026 13:55||NIFTY27JAN2625500CE,0.12236769867801188
23-01-2026 14:00||NIFTY27JAN2625500CE,0.12184638561070454
23-01-2026 14:50||NIFTY27JAN2625500CE,0.12184588942223602
23-01-2026 15:20||NIFTY27JAN2625500CE,0.12584253351061225
27-01-2026 09:20||NIFTY27JAN2625500CE,0.4309713443579182
27-01-2026 09:25||NIFTY27JAN2625500CE,0.4558751674972716
27-01-2026 10:45||NIFTY27JAN2625500CE,0.39410344210187165
27-01-2026 11:10||NIFTY27JAN2625500CE,0.43435775470851334
27-01-2026 12:00||NIFTY27JAN2625500CE,0.40442995211895383
27-01-2026 12:55||NIFTY27JAN2625500CE,0.4418841894279155
27-01-2026 13:40||NIFTY27JAN2625500CE,0.5694948296817092
27-01-2026 14:10||NIFTY27JAN2625500CE,0.6586713175670095
27-01-2026 14:20||NIFTY27JAN2625500CE,0.6902479371002002
27-01-2026 14:55||NIFTY27JAN2625500CE,0.6599337180425087
27-01-2026 15:20||NIFTY27JAN2625500CE,0.9763548369110744
07-01-2026 09:40||NIFTY27JAN2625600CE,0.08639006307850976
07-01-2026 09:50||NIFTY27JAN2625600CE,0.1061118914453757
07-01-2026 10:10||NIFTY27JAN2625600CE,0.10707808646426578
07-01-2026 10:25||NIFTY27JAN2625600CE,0.09911648747963248
07-01-2026 10:30||NIFTY27JAN2625600CE,0.11059954008515162
07-01-2026 10:40||NIFTY27JAN2625600CE,0.10688516642706382
07-01-2026 10:50||NIFTY27JAN2625600CE,0.11185986412451697
07-01-2026 11:45||NIFTY27JAN2625600CE,0.11247692010784342
07-01-2026 12:00||NIFTY27JAN2625600CE,0.11083031496928719
07-01-2026 12:10||NIFTY27JAN2625600CE,0.11520069050488736
07-01-2026 12:15||NIFTY27JAN2625600CE,0.11629047856878699
07-01-2026 14:15||NIFTY27JAN2625600CE,0.10630522218082096
07-01-2026 14:50||NIFTY27JAN2625600CE,0.11764825049997027
07-01-2026 15:15||NIFTY27JAN2625600CE,0.09466079073021563
08-01-2026 09:50||NIFTY27JAN2625600CE,0.11227477222466707
08-01-2026 10:10||NIFTY27JAN2625600CE,0.10781460053939095
08-01-2026 10:25||NIFTY27JAN2625600CE,0.10635595730510193
08-01-2026 10:45||NIFTY27JAN2625600CE,0.10398838883861299
08-01-2026 10:55||NIFTY27JAN2625600CE,0.10429597173025232
08-01-2026 11:10||NIFTY27JAN2625600CE,0.10474153767934273
08-01-2026 11:40||NIFTY27JAN2625600CE,0.10441083994243629
08-01-2026 11:55||NIFTY27JAN2625600CE,0.10007785723835158
08-01-2026 12:50||NIFTY27JAN2625600CE,0.1140391321362651
08-01-2026 13:30||NIFTY27JAN2625600CE,0.11465020436162002
08-01-2026 13:40||NIFTY27JAN2625600CE,0.1126173890619739
08-01-2026 13:45||NIFTY27JAN2625600CE,0.1127295386196572
08-01-2026 14:15||NIFTY27JAN2625600CE,0.11250410492801888
08-01-2026 14:25||NIFTY27JAN2625600CE,0.1065008608781783
08-01-2026 15:00||NIFTY27JAN2625600CE,0.09810561117849712
08-01-2026 15:20||NIFTY27JAN2625600CE,0.10406334627414965
09-01-2026 09:40||NIFTY27JAN2625600CE,0.13214265768634909
09-01-2026 09:45||NIFTY27JAN2625600CE,0.1250579164588403
09-01-2026 09:50||NIFTY27JAN2625600CE,0.11920968395971904
09-01-2026 10:05||NIFTY27JAN2625600CE,0.12011907805697913
09-01-2026 10:15||NIFTY27JAN2625600CE,0.10815329755567107
09-01-2026 10:25||NIFTY27JAN2625600CE,0.1204139524747526
09-01-2026 11:25||NIFTY27JAN2625600CE,0.1091914851014468
09-01-2026 11:55||NIFTY27JAN2625600CE,0.106132405753987
09-01-2026 12:00||NIFTY27JAN2625600CE,0.11096558538765319
09-01-2026 12:55||NIFTY27JAN2625600CE,0.10402582285184146
09-01-2026 13:00||NIFTY27JAN2625600CE,0.10389354208388459
09-01-2026 13:20||NIFTY27JAN2625600CE,0.10365666862737405
09-01-2026 14:25||NIFTY27JAN2625600CE,0.10044789965315058
09-01-2026 14:40||NIFTY27JAN2625600CE,0.10672826893901291
09-01-2026 14:45||NIFTY27JAN2625600CE,0.10446729420928778
09-01-2026 14:55||NIFTY27JAN2625600CE,0.10278771758910989
09-01-2026 15:00||NIFTY27JAN2625600CE,0.10540829582218943
09-01-2026 15:05||NIFTY27JAN2625600CE,0.10532548796903268
09-01-2026 15:20||NIFTY27JAN2625600CE,0.10498261383930467
12-01-2026 09:20||NIFTY27JAN2625600CE,0.11322043562721311
12-01-2026 09:30||NIFTY27JAN2625600CE,0.12342204562285967
12-01-2026 10:10||NIFTY27JAN2625600CE,0.11591573317832897
12-01-2026 10:50||NIFTY27JAN2625600CE,0.10966566023761283
12-01-2026 11:00||NIFTY27JAN2625600CE,0.11591516977099306
12-01-2026 11:05||NIFTY27JAN2625600CE,0.11658851007328135
12-01-2026 11:35||NIFTY27JAN2625600CE,0.11488286579672606
12-01-2026 11:50||NIFTY27JAN2625600CE,0.11544951092950093
12-01-2026 13:30||NIFTY27JAN2625600CE,0.131901409610293
12-01-2026 13:35||NIFTY27JAN2625600CE,0.11774813716260586
12-01-2026 14:00||NIFTY27JAN2625600CE,0.11626817252156783
12-01-2026 14:40||NIFTY27JAN2625600CE,0.11883245471310541
12-01-2026 14:50||NIFTY27JAN2625600CE,0.12176784962668516
12-01-2026 15:10||NIFTY27JAN2625600CE,0.11315308607166107
13-01-2026 09:15||NIFTY27JAN2625600CE,0.09984252813625119
13-01-2026 09:40||NIFTY27JAN2625600CE,0.1106275958494581
13-01-2026 09:55||NIFTY27JAN2625600CE,0.10421094254159985
13-01-2026 10:45||NIFTY27JAN2625600CE,0.1088037094715246
13-01-2026 10:50||NIFTY27JAN2625600CE,0.10282786612765682
13-01-2026 11:25||NIFTY27JAN2625600CE,0.11083267237048239
13-01-2026 12:10||NIFTY27JAN2625600CE,0.1001457467598063
13-01-2026 13:10||NIFTY27JAN2625600CE,0.10351689896789082
13-01-2026 13:25||NIFTY27JAN2625600CE,0.10440004037437087
13-01-2026 14:25||NIFTY27JAN2625600CE,0.10333813689770056
13-01-2026 14:30||NIFTY27JAN2625600CE,0.11155567944177257
13-01-2026 14:40||NIFTY27JAN2625600CE,0.11067088448551833
13-01-2026 15:10||NIFTY27JAN2625600CE,0.09415091016653995
13-01-2026 15:20||NIFTY27JAN2625600CE,0.09855202901994294
14-01-2026 10:10||NIFTY27JAN2625600CE,0.10359174823518205
14-01-2026 10:15||NIFTY27JAN2625600CE,0.09739809027865967
14-01-2026 10:20||NIFTY27JAN2625600CE,0.10056083436147897
14-01-2026 10:35||NIFTY27JAN2625600CE,0.09819594130826817
14-01-2026 10:40||NIFTY27JAN2625600CE,0.09787736762841416
14-01-2026 11:20||NIFTY27JAN2625600CE,0.10093900276532801
14-01-2026 11:40||NIFTY27JAN2625600CE,0.09932174382304794
14-01-2026 11:55||NIFTY27JAN2625600CE,0.10148129996313761
14-01-2026 12:45||NIFTY27JAN2625600CE,0.0948084351393303
14-01-2026 13:15||NIFTY27JAN2625600CE,0.09272158212813437
14-01-2026 13:25||NIFTY27JAN2625600CE,0.09547059340861945
14-01-2026 13:50||NIFTY27JAN2625600CE,0.08746362594947214
14-01-2026 14:25||NIFTY27JAN2625600CE,0.10132439591179492
14-01-2026 14:55||NIFTY27JAN2625600CE,0.09130142776731404
16-01-2026 09:25||NIFTY27JAN2625600CE,0.11076051307342905
16-01-2026 09:50||NIFTY27JAN2625600CE,0.10853065099527791
16-01-2026 10:10||NIFTY27JAN2625600CE,0.11804384140852447
16-01-2026 10:35||NIFTY27JAN2625600CE,0.11949801463579542
16-01-2026 11:30||NIFTY27JAN2625600CE,0.10358275934214864
16-01-2026 12:20||NIFTY27JAN2625600CE,0.11417821011974091
16-01-2026 12:35||NIFTY27JAN2625600CE,0.10953549253127207
16-01-2026 13:20||NIFTY27JAN2625600CE,0.104564185544144
16-01-2026 14:45||NIFTY27JAN2625600CE,0.10157685651850384
16-01-2026 14:55||NIFTY27JAN2625600CE,0.10589154398993172
16-01-2026 15:10||NIFTY27JAN2625600CE,0.10029849086167232
19-01-2026 09:25||NIFTY27JAN2625600CE,0.10246064100829627
19-01-2026 09:35||NIFTY27JAN2625600CE,0.09973588495452831
19-01-2026 10:45||NIFTY27JAN2625600CE,0.10651753978839973
19-01-2026 11:00||NIFTY27JAN2625600CE,0.11173643140302744
19-01-2026 11:05||NIFTY27JAN2625600CE,0.10055880658845286
19-01-2026 11:20||NIFTY27JAN2625600CE,0.10879565567314745
19-01-2026 12:10||NIFTY27JAN2625600CE,0.10960483734400926
19-01-2026 13:00||NIFTY27JAN2625600CE,0.10590615624215252
19-01-2026 13:40||NIFTY27JAN2625600CE,0.10125272838467575
19-01-2026 13:55||NIFTY27JAN2625600CE,0.10307849711695553
19-01-2026 15:00||NIFTY27JAN2625600CE,0.09183725099194484
20-01-2026 11:10||NIFTY27JAN2625600CE,0.1059477836816205
20-01-2026 11:15||NIFTY27JAN2625600CE,0.10702277524402581
20-01-2026 11:45||NIFTY27JAN2625600CE,0.10724365423543733
20-01-2026 12:50||NIFTY27JAN2625600CE,0.106336069753874
20-01-2026 13:05||NIFTY27JAN2625600CE,0.10465296125194101
20-01-2026 13:55||NIFTY27JAN2625600CE,0.10909829170515123
20-01-2026 14:35||NIFTY27JAN2625600CE,0.10574264525055564
20-01-2026 15:00||NIFTY27JAN2625600CE,0.10713206522267295
21-01-2026 09:25||NIFTY27JAN2625600CE,0.11087667870826022
21-01-2026 09:35||NIFTY27JAN2625600CE,0.11025921266299064
21-01-2026 09:45||NIFTY27JAN2625600CE,0.11852236250324216
21-01-2026 09:50||NIFTY27JAN2625600CE,0.11681935181266237
21-01-2026 10:05||NIFTY27JAN2625600CE,0.11666453121399105
21-01-2026 10:35||NIFTY27JAN2625600CE,0.12272742430912777
21-01-2026 12:00||NIFTY27JAN2625600CE,0.13562150157922476
21-01-2026 12:20||NIFTY27JAN2625600CE,0.12775153801854092
21-01-2026 12:35||NIFTY27JAN2625600CE,0.1317461636790878
21-01-2026 12:50||NIFTY27JAN2625600CE,0.13022052644907184
21-01-2026 12:55||NIFTY27JAN2625600CE,0.1249268585291455
21-01-2026 13:05||NIFTY27JAN2625600CE,0.11655340782777773
21-01-2026 14:20||NIFTY27JAN2625600CE,0.11578365301785383
21-01-2026 15:00||NIFTY27JAN2625600CE,0.12440729569280672
21-01-2026 15:15||NIFTY27JAN2625600CE,0.11864235220555104
21-01-2026 15:20||NIFTY27JAN2625600CE,0.11494533747017746
22-01-2026 09:25||NIFTY27JAN2625600CE,0.12338228005760317
22-01-2026 09:50||NIFTY27JAN2625600CE,0.10771314270637344
22-01-2026 10:00||NIFTY27JAN2625600CE,0.10481076628311783
22-01-2026 10:20||NIFTY27JAN2625600CE,0.11723574736246618
22-01-2026 11:05||NIFTY27JAN2625600CE,0.12248079307496357
22-01-2026 11:15||NIFTY27JAN2625600CE,0.12010330217050932
22-01-2026 11:20||NIFTY27JAN2625600CE,0.1271825480978593
22-01-2026 12:00||NIFTY27JAN2625600CE,0.13135411873257588
22-01-2026 12:05||NIFTY27JAN2625600CE,0.12651679666729512
22-01-2026 13:15||NIFTY27JAN2625600CE,0.12359782125001562
22-01-2026 13:40||NIFTY27JAN2625600CE,0.12218697151997257
22-01-2026 14:00||NIFTY27JAN2625600CE,0.11472094093607937
22-01-2026 14:30||NIFTY27JAN2625600CE,0.12190321038092636
22-01-2026 14:50||NIFTY27JAN2625600CE,0.1068895489306548
22-01-2026 15:00||NIFTY27JAN2625600CE,0.10573454145736505
22-01-2026 15:05||NIFTY27JAN2625600CE,0.11607571050928227
22-01-2026 15:10||NIFTY27JAN2625600CE,0.10773733356292178
22-01-2026 15:25||NIFTY27JAN2625600CE,0.10754202734139111
23-01-2026 10:35||NIFTY27JAN2625600CE,0.09826267090456028
23-01-2026 11:05||NIFTY27JAN2625600CE,0.10073923048081594
23-01-2026 12:25||NIFTY27JAN2625600CE,0.10710046604268093
23-01-2026 12:50||NIFTY27JAN2625600CE,0.10743792273200085
23-01-2026 12:55||NIFTY27JAN2625600CE,0.09957819672115922
23-01-2026 13:15||NIFTY27JAN2625600CE,0.10769205483562536
23-01-2026 13:35||NIFTY27JAN2625600CE,0.12441382980003467
23-01-2026 14:20||NIFTY27JAN2625600CE,0.12539761177583733
23-01-2026 14:35||NIFTY27JAN2625600CE,0.12066211702927472
23-01-2026 14:45||NIFTY27JAN2625600CE,0.12248819570090588
27-01-2026 09:20||NIFTY27JAN2625600CE,0.4680511288429109
27-01-2026 09:30||NIFTY27JAN2625600CE,0.49408533771482965
27-01-2026 09:45||NIFTY27JAN2625600CE,0.3693092854980663
27-01-2026 10:00||NIFTY27JAN2625600CE,0.35875057119951664
27-01-2026 10:10||NIFTY27JAN2625600CE,0.3895024261168467
27-01-2026 10:30||NIFTY27JAN2625600CE,0.3768228056325375
27-01-2026 10:55||NIFTY27JAN2625600CE,0.4808692218663039
27-01-2026 11:25||NIFTY27JAN2625600CE,0.4687914279317298
27-01-2026 11:30||NIFTY27JAN2625600CE,0.43938132272367547
27-01-2026 12:20||NIFTY27JAN2625600CE,0.44607775745760425
27-01-2026 12:55||NIFTY27JAN2625600CE,0.501565254346566
27-01-2026 13:35||NIFTY27JAN2625600CE,0.5772269122100457
27-01-2026 13:45||NIFTY27JAN2625600CE,0.6573003262903436
27-01-2026 14:15||NIFTY27JAN2625600CE,0.7761970530163939
27-01-2026 15:10||NIFTY27JAN2625600CE,1.0053221351916852
07-01-2026 10:10||NIFTY27JAN2625700CE,0.10594974602793693
07-01-2026 10:15||NIFTY27JAN2625700CE,0.09192552126036277
07-01-2026 10:20||NIFTY27JAN2625700CE,0.10151824423050355
07-01-2026 10:25||NIFTY27JAN2625700CE,0.09539397514751449
07-01-2026 11:10||NIFTY27JAN2625700CE,0.10099177457235511
07-01-2026 11:20||NIFTY27JAN2625700CE,0.10052222626105167
07-01-2026 11:25||NIFTY27JAN2625700CE,0.10658094362185375
07-01-2026 11:50||NIFTY27JAN2625700CE,0.10094737730941478
07-01-2026 12:40||NIFTY27JAN2625700CE,0.09886833304669188
07-01-2026 13:15||NIFTY27JAN2625700CE,0.10815794552954068
07-01-2026 13:30||NIFTY27JAN2625700CE,0.10989470712922739
07-01-2026 13:40||NIFTY27JAN2625700CE,0.10965308570041393
07-01-2026 14:20||NIFTY27JAN2625700CE,0.10491707328890537
07-01-2026 14:25||NIFTY27JAN2625700CE,0.10659355521095737
07-01-2026 15:00||NIFTY27JAN2625700CE,0.10115036511635546
08-01-2026 09:40||NIFTY27JAN2625700CE,0.09592323595395334
08-01-2026 10:15||NIFTY27JAN2625700CE,0.09308877539764436
08-01-2026 10:25||NIFTY27JAN2625700CE,0.10265797921520016
08-01-2026 11:20||NIFTY27JAN2625700CE,0.0958451488256234
08-01-2026 11:50||NIFTY27JAN2625700CE,0.10591548409495936
08-01-2026 12:15||NIFTY27JAN2625700CE,0.10454391950032496
08-01-2026 12:25||NIFTY27JAN2625700CE,0.10706076327789224
08-01-2026 12:30||NIFTY27JAN2625700CE,0.10231467222626175
08-01-2026 13:05||NIFTY27JAN2625700CE,0.10784715203332541
08-01-2026 13:10||NIFTY27JAN2625700CE,0.10851837385129608
08-01-2026 13:30||NIFTY27JAN2625700CE,0.1105935310020257
08-01-2026 13:40||NIFTY27JAN2625700CE,0.10897082613106411
08-01-2026 13:45||NIFTY27JAN2625700CE,0.10973372224542545
08-01-2026 13:55||NIFTY27JAN2625700CE,0.10639278737780411
08-01-2026 14:10||NIFTY27JAN2625700CE,0.10985765442137332
08-01-2026 14:20||NIFTY27JAN2625700CE,0.1031951716787275
08-01-2026 14:45||NIFTY27JAN2625700CE,0.10611485123130233
08-01-2026 15:00||NIFTY27JAN2625700CE,0.09511190305005
08-01-2026 15:10||NIFTY27JAN2625700CE,0.10401206480161884
09-01-2026 09:40||NIFTY27JAN2625700CE,0.12647968814232338
09-01-2026 10:20||NIFTY27JAN2625700CE,0.11247892280878956
09-01-2026 11:00||NIFTY27JAN2625700CE,0.10004944052680817
09-01-2026 11:05||NIFTY27JAN2625700CE,0.10511362400660493
09-01-2026 11:15||NIFTY27JAN2625700CE,0.10179040839285937
09-01-2026 11:35||NIFTY27JAN2625700CE,0.10108083551401446
09-01-2026 12:35||NIFTY27JAN2625700CE,0.09744884104195868
09-01-2026 12:55||NIFTY27JAN2625700CE,0.10151940787630141
09-01-2026 13:15||NIFTY27JAN2625700CE,0.10356699325234314
09-01-2026 15:00||NIFTY27JAN2625700CE,0.10256251824774984
12-01-2026 09:35||NIFTY27JAN2625700CE,0.1173286948308681
12-01-2026 09:55||NIFTY27JAN2625700CE,0.10898486670770297
12-01-2026 10:00||NIFTY27JAN2625700CE,0.12023988930734589
12-01-2026 10:35||NIFTY27JAN2625700CE,0.11327407579581815
12-01-2026 11:05||NIFTY27JAN2625700CE,0.11377376703886397
12-01-2026 11:15||NIFTY27JAN2625700CE,0.11099373011501305
12-01-2026 11:55||NIFTY27JAN2625700CE,0.11378473964941382
12-01-2026 12:30||NIFTY27JAN2625700CE,0.12464426635560533
12-01-2026 12:45||NIFTY27JAN2625700CE,0.11373187466120044
12-01-2026 13:30||NIFTY27JAN2625700CE,0.12693837926331636
12-01-2026 14:00||NIFTY27JAN2625700CE,0.11351469720387139
12-01-2026 14:20||NIFTY27JAN2625700CE,0.12309572893479304
12-01-2026 14:30||NIFTY27JAN2625700CE,0.10886486025029417
12-01-2026 15:25||NIFTY27JAN2625700CE,0.10841572119243066
13-01-2026 09:30||NIFTY27JAN2625700CE,0.09904083725096471
13-01-2026 09:35||NIFTY27JAN2625700CE,0.10724910684974605
13-01-2026 10:20||NIFTY27JAN2625700CE,0.10580657186529915
13-01-2026 10:25||NIFTY27JAN2625700CE,0.11466182322911589
13-01-2026 10:50||NIFTY27JAN2625700CE,0.10051776300800982
13-01-2026 10:55||NIFTY27JAN2625700CE,0.10976064156971128
13-01-2026 11:00||NIFTY27JAN2625700CE,0.10206247895121713
13-01-2026 12:20||NIFTY27JAN2625700CE,0.1017047008678939
13-01-2026 12:25||NIFTY27JAN2625700CE,0.11168739396438264
13-01-2026 13:05||NIFTY27JAN2625700CE,0.10774903870705448
13-01-2026 13:35||NIFTY27JAN2625700CE,0.10169786029552391
13-01-2026 13:40||NIFTY27JAN2625700CE,0.10805891190780247
13-01-2026 14:00||NIFTY27JAN2625700CE,0.10136923588753051
13-01-2026 14:05||NIFTY27JAN2625700CE,0.10402323674899912
13-01-2026 14:55||NIFTY27JAN2625700CE,0.10078471153709795
13-01-2026 15:00||NIFTY27JAN2625700CE,0.08909066757903719
13-01-2026 15:05||NIFTY27JAN2625700CE,0.1057599676099844
13-01-2026 15:15||NIFTY27JAN2625700CE,0.09198587022942005
14-01-2026 10:20||NIFTY27JAN2625700CE,0.09924801735695493
14-01-2026 10:35||NIFTY27JAN2625700CE,0.09706206831638607
14-01-2026 11:35||NIFTY27JAN2625700CE,0.09953271460144056
14-01-2026 11:50||NIFTY27JAN2625700CE,0.10023789604156218
14-01-2026 12:45||NIFTY27JAN2625700CE,0.09288541730533482
14-01-2026 13:00||NIFTY27JAN2625700CE,0.09464858291038497
14-01-2026 13:30||NIFTY27JAN2625700CE,0.08964128276307957
14-01-2026 13:35||NIFTY27JAN2625700CE,0.0855973307307053
14-01-2026 14:05||NIFTY27JAN2625700CE,0.09751114095264472
14-01-2026 14:10||NIFTY27JAN2625700CE,0.09908369875596608
14-01-2026 14:50||NIFTY27JAN2625700CE,0.09495546407373098
16-01-2026 09:20||NIFTY27JAN2625700CE,0.10142056921902066
16-01-2026 09:30||NIFTY27JAN2625700CE,0.10018521284394073
16-01-2026 09:50||NIFTY27JAN2625700CE,0.10447483456836237
16-01-2026 09:55||NIFTY27JAN2625700CE,0.09936060073836502
16-01-2026 10:05||NIFTY27JAN2625700CE,0.10900409311877376
16-01-2026 10:20||NIFTY27JAN2625700CE,0.11879718789124326
16-01-2026 12:20||NIFTY27JAN2625700CE,0.10929553592316847
16-01-2026 12:35||NIFTY27JAN2625700CE,0.10574283909572164
16-01-2026 12:45||NIFTY27JAN2625700CE,0.10312258603326156
16-01-2026 13:55||NIFTY27JAN2625700CE,0.10322528789512674
16-01-2026 14:55||NIFTY27JAN2625700CE,0.1026654684990682
19-01-2026 09:20||NIFTY27JAN2625700CE,0.09960371686785532
19-01-2026 09:25||NIFTY27JAN2625700CE,0.1030686711199945
19-01-2026 09:40||NIFTY27JAN2625700CE,0.1091498883188581
19-01-2026 09:55||NIFTY27JAN2625700CE,0.10264690300482233
19-01-2026 10:00||NIFTY27JAN2625700CE,0.1060037656572864
19-01-2026 10:15||NIFTY27JAN2625700CE,0.10700930754990931
19-01-2026 10:40||NIFTY27JAN2625700CE,0.11198360096942683
19-01-2026 11:00||NIFTY27JAN2625700CE,0.11046435049044163
19-01-2026 11:20||NIFTY27JAN2625700CE,0.10815272114232721
19-01-2026 11:30||NIFTY27JAN2625700CE,0.10964349585977082
19-01-2026 12:05||NIFTY27JAN2625700CE,0.10489554433990636
19-01-2026 12:25||NIFTY27JAN2625700CE,0.10527138025148693
19-01-2026 12:40||NIFTY27JAN2625700CE,0.1089403233858137
19-01-2026 12:55||NIFTY27JAN2625700CE,0.10560444950571767
19-01-2026 13:05||NIFTY27JAN2625700CE,0.10347052675224652
19-01-2026 13:50||NIFTY27JAN2625700CE,0.10680576284082877
19-01-2026 13:55||NIFTY27JAN2625700CE,0.10223871493640888
19-01-2026 14:25||NIFTY27JAN2625700CE,0.09826221982677345
19-01-2026 14:50||NIFTY27JAN2625700CE,0.10217057288354303
19-01-2026 15:05||NIFTY27JAN2625700CE,0.09536180492057574
20-01-2026 09:30||NIFTY27JAN2625700CE,0.10791512794788187
20-01-2026 09:35||NIFTY27JAN2625700CE,0.10553371373594517
20-01-2026 10:00||NIFTY27JAN2625700CE,0.11083185491956338
20-01-2026 10:20||NIFTY27JAN2625700CE,0.10561031567250359
20-01-2026 10:30||NIFTY27JAN2625700CE,0.10721015599522785
20-01-2026 11:20||NIFTY27JAN2625700CE,0.10790400646778611
20-01-2026 11:25||NIFTY27JAN2625700CE,0.10967435624773474
20-01-2026 11:30||NIFTY27JAN2625700CE,0.10650256002434538
20-01-2026 11:50||NIFTY27JAN2625700CE,0.10539351860559319
20-01-2026 12:20||NIFTY27JAN2625700CE,0.10369790780455072
20-01-2026 12:25||NIFTY27JAN2625700CE,0.10795682694261238
20-01-2026 12:35||NIFTY27JAN2625700CE,0.10687542590054645
20-01-2026 13:20||NIFTY27JAN2625700CE,0.10460110165009574
20-01-2026 14:10||NIFTY27JAN2625700CE,0.11174256725551572
20-01-2026 14:20||NIFTY27JAN2625700CE,0.11294204310422103
20-01-2026 15:15||NIFTY27JAN2625700CE,0.11613514596950403
20-01-2026 15:20||NIFTY27JAN2625700CE,0.1228263475726962
21-01-2026 09:30||NIFTY27JAN2625700CE,0.12202112703008675
21-01-2026 10:05||NIFTY27JAN2625700CE,0.12022597972470137
21-01-2026 10:20||NIFTY27JAN2625700CE,0.11949531021601732
21-01-2026 10:25||NIFTY27JAN2625700CE,0.12713736358372763
21-01-2026 10:45||NIFTY27JAN2625700CE,0.1415805035622091
21-01-2026 10:50||NIFTY27JAN2625700CE,0.14080272852545642
21-01-2026 11:40||NIFTY27JAN2625700CE,0.13940796612556072
21-01-2026 12:15||NIFTY27JAN2625700CE,0.13426810070869338
21-01-2026 12:20||NIFTY27JAN2625700CE,0.1299677751930797
21-01-2026 12:25||NIFTY27JAN2625700CE,0.12233559605381061
21-01-2026 12:55||NIFTY27JAN2625700CE,0.125382307692678
21-01-2026 13:25||NIFTY27JAN2625700CE,0.12643803810908713
21-01-2026 13:55||NIFTY27JAN2625700CE,0.1263083653382129
21-01-2026 14:55||NIFTY27JAN2625700CE,0.1238504690604267
21-01-2026 15:10||NIFTY27JAN2625700CE,0.12006332774286478
21-01-2026 15:15||NIFTY27JAN2625700CE,0.12157558514232761
22-01-2026 10:05||NIFTY27JAN2625700CE,0.11031385667763084
22-01-2026 10:45||NIFTY27JAN2625700CE,0.11649474789386216
22-01-2026 10:50||NIFTY27JAN2625700CE,0.1194787861733879
22-01-2026 11:50||NIFTY27JAN2625700CE,0.12695681343158027
22-01-2026 12:00||NIFTY27JAN2625700CE,0.1345587372115725
22-01-2026 12:05||NIFTY27JAN2625700CE,0.12970619814147447
22-01-2026 12:30||NIFTY27JAN2625700CE,0.1253098954271376
22-01-2026 12:45||NIFTY27JAN2625700CE,0.12039802971104707
22-01-2026 13:00||NIFTY27JAN2625700CE,0.12533507270567332
22-01-2026 13:05||NIFTY27JAN2625700CE,0.12481977551379674
22-01-2026 13:35||NIFTY27JAN2625700CE,0.11948623597882535
22-01-2026 14:20||NIFTY27JAN2625700CE,0.12325696570070753
22-01-2026 14:30||NIFTY27JAN2625700CE,0.12375484375677898
23-01-2026 09:50||NIFTY27JAN2625700CE,0.10381144336327898
23-01-2026 09:55||NIFTY27JAN2625700CE,0.10853289478475334
23-01-2026 10:15||NIFTY27JAN2625700CE,0.10362606713124162
23-01-2026 10:20||NIFTY27JAN2625700CE,0.1072385317404205
23-01-2026 10:50||NIFTY27JAN2625700CE,0.10217687213919048
23-01-2026 11:05||NIFTY27JAN2625700CE,0.10429828510369896
23-01-2026 11:15||NIFTY27JAN2625700CE,0.09908576684027934
23-01-2026 11:50||NIFTY27JAN2625700CE,0.11545317598748572
23-01-2026 11:55||NIFTY27JAN2625700CE,0.11290038718315513
23-01-2026 12:10||NIFTY27JAN2625700CE,0.1152889596708901
23-01-2026 12:50||NIFTY27JAN2625700CE,0.11250080530075869
23-01-2026 13:00||NIFTY27JAN2625700CE,0.11313583217191468
23-01-2026 13:20||NIFTY27JAN2625700CE,0.12251607384380539
23-01-2026 13:30||NIFTY27JAN2625700CE,0.1321051926455592
23-01-2026 13:40||NIFTY27JAN2625700CE,0.13418384079642032
23-01-2026 13:55||NIFTY27JAN2625700CE,0.13825889955274598
23-01-2026 14:30||NIFTY27JAN2625700CE,0.13304988754061994
23-01-2026 14:40||NIFTY27JAN2625700CE,0.13112993104014492
23-01-2026 15:10||NIFTY27JAN2625700CE,0.13962803710892616
23-01-2026 15:20||NIFTY27JAN2625700CE,0.14235317632492997
23-01-2026 15:25||NIFTY27JAN2625700CE,0.14011840148562946
27-01-2026 09:20||NIFTY27JAN2625700CE,0.5110281686350514
27-01-2026 09:35||NIFTY27JAN2625700CE,0.4819225402643733
27-01-2026 09:55||NIFTY27JAN2625700CE,0.40457534089261377
27-01-2026 10:35||NIFTY27JAN2625700CE,0.4276486085583511
27-01-2026 10:40||NIFTY27JAN2625700CE,0.45099614837503677
27-01-2026 10:50||NIFTY27JAN2625700CE,0.520548720965613
27-01-2026 11:05||NIFTY27JAN2625700CE,0.538356749602354
27-01-2026 11:50||NIFTY27JAN2625700CE,0.4681341080091458
27-01-2026 12:10||NIFTY27JAN2625700CE,0.47873709942927734
27-01-2026 12:45||NIFTY27JAN2625700CE,0.5617132527882405
27-01-2026 13:20||NIFTY27JAN2625700CE,0.6207766103763945
27-01-2026 13:25||NIFTY27JAN2625700CE,0.6264313338219598
27-01-2026 13:45||NIFTY27JAN2625700CE,0.7363552822310948
27-01-2026 13:55||NIFTY27JAN2625700CE,0.7891313568462159
27-01-2026 14:05||NIFTY27JAN2625700CE,0.8725372421462869
27-01-2026 14:25||NIFTY27JAN2625700CE,0.9462444735666395
07-01-2026 09:15||NIFTY27JAN2625800CE,0.10161161717650852
07-01-2026 09:20||NIFTY27JAN2625800CE,0.10810958228874373
07-01-2026 09:40||NIFTY27JAN2625800CE,0.08679074729739453
07-01-2026 09:55||NIFTY27JAN2625800CE,0.11168517765845438
07-01-2026 10:40||NIFTY27JAN2625800CE,0.09984748580716196
07-01-2026 10:50||NIFTY27JAN2625800CE,0.10429243783871477
07-01-2026 11:25||NIFTY27JAN2625800CE,0.10215052478052565
07-01-2026 12:45||NIFTY27JAN2625800CE,0.10247396768348178
07-01-2026 13:00||NIFTY27JAN2625800CE,0.10498849189328906
07-01-2026 13:15||NIFTY27JAN2625800CE,0.1040585317588654
07-01-2026 13:30||NIFTY27JAN2625800CE,0.10504697061094595
07-01-2026 13:55||NIFTY27JAN2625800CE,0.10745880501769045
08-01-2026 10:05||NIFTY27JAN2625800CE,0.09054929108728757
08-01-2026 10:10||NIFTY27JAN2625800CE,0.09925639870528723
08-01-2026 10:15||NIFTY27JAN2625800CE,0.0901473225992493
08-01-2026 10:35||NIFTY27JAN2625800CE,0.09460369648242384
08-01-2026 10:50||NIFTY27JAN2625800CE,0.0951809691581672
08-01-2026 11:30||NIFTY27JAN2625800CE,0.10124215366864414
08-01-2026 11:40||NIFTY27JAN2625800CE,0.09850264108794501
08-01-2026 11:50||NIFTY27JAN2625800CE,0.1026264957772209
08-01-2026 11:55||NIFTY27JAN2625800CE,0.09516395263304596
08-01-2026 12:05||NIFTY27JAN2625800CE,0.11001836847612971
08-01-2026 12:20||NIFTY27JAN2625800CE,0.1046818518186329
08-01-2026 12:35||NIFTY27JAN2625800CE,0.10756694473550983
08-01-2026 12:45||NIFTY27JAN2625800CE,0.1033421766713353
08-01-2026 13:00||NIFTY27JAN2625800CE,0.1088744912576803
08-01-2026 13:05||NIFTY27JAN2625800CE,0.10455810866810543
08-01-2026 13:10||NIFTY27JAN2625800CE,0.10554294060069268
08-01-2026 15:25||NIFTY27JAN2625800CE,0.09550069701862643
09-01-2026 09:15||NIFTY27JAN2625800CE,0.1070063590771485
09-01-2026 10:50||NIFTY27JAN2625800CE,0.09457972585922068
09-01-2026 11:00||NIFTY27JAN2625800CE,0.09693089929973996
09-01-2026 11:10||NIFTY27JAN2625800CE,0.09509300311964641
09-01-2026 11:35||NIFTY27JAN2625800CE,0.09829862261919556
09-01-2026 11:40||NIFTY27JAN2625800CE,0.09809291767455522
09-01-2026 11:55||NIFTY27JAN2625800CE,0.10006854903703118
09-01-2026 12:00||NIFTY27JAN2625800CE,0.10380508314588244
09-01-2026 12:15||NIFTY27JAN2625800CE,0.10002520975879522
09-01-2026 12:40||NIFTY27JAN2625800CE,0.09883967803359389
09-01-2026 12:45||NIFTY27JAN2625800CE,0.09701751193786307
09-01-2026 13:00||NIFTY27JAN2625800CE,0.09945910422464549
09-01-2026 13:15||NIFTY27JAN2625800CE,0.10149127584094182
09-01-2026 13:50||NIFTY27JAN2625800CE,0.09843601516542332
09-01-2026 14:00||NIFTY27JAN2625800CE,0.09832940041101372
09-01-2026 14:35||NIFTY27JAN2625800CE,0.10019447519195523
09-01-2026 15:00||NIFTY27JAN2625800CE,0.10031175477726652
09-01-2026 15:20||NIFTY27JAN2625800CE,0.1001921341257234
12-01-2026 09:20||NIFTY27JAN2625800CE,0.10977567617046016
12-01-2026 09:25||NIFTY27JAN2625800CE,0.11407597235771995
12-01-2026 09:30||NIFTY27JAN2625800CE,0.11746626974826554
12-01-2026 09:35||NIFTY27JAN2625800CE,0.11498564749289711
12-01-2026 10:25||NIFTY27JAN2625800CE,0.11276952139944724
12-01-2026 10:30||NIFTY27JAN2625800CE,0.10900886677160053
12-01-2026 11:10||NIFTY27JAN2625800CE,0.10890059486788779
12-01-2026 11:15||NIFTY27JAN2625800CE,0.10929602685915894
12-01-2026 11:35||NIFTY27JAN2625800CE,0.11140343179653861
12-01-2026 11:50||NIFTY27JAN2625800CE,0.1117431646674151
12-01-2026 12:05||NIFTY27JAN2625800CE,0.11190988230549499
12-01-2026 12:10||NIFTY27JAN2625800CE,0.12007142959404316
12-01-2026 12:45||NIFTY27JAN2625800CE,0.11156322284603988
12-01-2026 12:50||NIFTY27JAN2625800CE,0.11901931277114933
12-01-2026 13:15||NIFTY27JAN2625800CE,0.1093961947734634
12-01-2026 13:25||NIFTY27JAN2625800CE,0.10971916561274622
12-01-2026 14:05||NIFTY27JAN2625800CE,0.11564108407443084
12-01-2026 14:15||NIFTY27JAN2625800CE,0.11210270304164152
13-01-2026 09:15||NIFTY27JAN2625800CE,0.0983373522703893
13-01-2026 09:35||NIFTY27JAN2625800CE,0.1064606608661005
13-01-2026 09:45||NIFTY27JAN2625800CE,0.09802908585203252
13-01-2026 10:10||NIFTY27JAN2625800CE,0.1009962968492343
13-01-2026 10:15||NIFTY27JAN2625800CE,0.10196770648518176
13-01-2026 11:00||NIFTY27JAN2625800CE,0.10135116523849673
13-01-2026 11:05||NIFTY27JAN2625800CE,0.10914139120171668
13-01-2026 11:30||NIFTY27JAN2625800CE,0.10729992969889808
13-01-2026 11:45||NIFTY27JAN2625800CE,0.10389104974601886
13-01-2026 12:05||NIFTY27JAN2625800CE,0.10495100684559565
13-01-2026 12:15||NIFTY27JAN2625800CE,0.10665938036761488
13-01-2026 13:15||NIFTY27JAN2625800CE,0.10666910905628314
13-01-2026 13:45||NIFTY27JAN2625800CE,0.10119693044008399
13-01-2026 14:20||NIFTY27JAN2625800CE,0.09896077671478949
13-01-2026 14:40||NIFTY27JAN2625800CE,0.10621817973359299
13-01-2026 15:05||NIFTY27JAN2625800CE,0.10360197566948139
14-01-2026 09:40||NIFTY27JAN2625800CE,0.09614299858353519
14-01-2026 10:20||NIFTY27JAN2625800CE,0.09814259131950642
14-01-2026 10:50||NIFTY27JAN2625800CE,0.10012553517137156
14-01-2026 11:15||NIFTY27JAN2625800CE,0.10112137494981459
14-01-2026 11:20||NIFTY27JAN2625800CE,0.09718405313428506
14-01-2026 11:30||NIFTY27JAN2625800CE,0.09719858660010877
14-01-2026 11:50||NIFTY27JAN2625800CE,0.09821721699190573
14-01-2026 12:30||NIFTY27JAN2625800CE,0.09613954784623423
14-01-2026 13:00||NIFTY27JAN2625800CE,0.09333911905827261
14-01-2026 13:05||NIFTY27JAN2625800CE,0.09599388786173382
14-01-2026 13:10||NIFTY27JAN2625800CE,0.08869580025908708
14-01-2026 14:40||NIFTY27JAN2625800CE,0.09712777674194954
14-01-2026 14:45||NIFTY27JAN2625800CE,0.09451504237769001
14-01-2026 14:50||NIFTY27JAN2625800CE,0.09401973273642172
14-01-2026 15:00||NIFTY27JAN2625800CE,0.09628640143163092
16-01-2026 09:50||NIFTY27JAN2625800CE,0.10117295050798879
16-01-2026 10:55||NIFTY27JAN2625800CE,0.10264966330037152
16-01-2026 11:10||NIFTY27JAN2625800CE,0.10109271095828355
16-01-2026 11:15||NIFTY27JAN2625800CE,0.10110180114066478
16-01-2026 12:10||NIFTY27JAN2625800CE,0.1128622266530536
16-01-2026 12:15||NIFTY27JAN2625800CE,0.1039831177750272
16-01-2026 12:35||NIFTY27JAN2625800CE,0.10259305875752381
16-01-2026 12:55||NIFTY27JAN2625800CE,0.09716653061693652
16-01-2026 13:15||NIFTY27JAN2625800CE,0.10206017683394353
16-01-2026 13:25||NIFTY27JAN2625800CE,0.11016933431420443
16-01-2026 14:05||NIFTY27JAN2625800CE,0.09731431072005357
16-01-2026 14:40||NIFTY27JAN2625800CE,0.09933509551649364
16-01-2026 14:55||NIFTY27JAN2625800CE,0.10016120980914084
19-01-2026 09:30||NIFTY27JAN2625800CE,0.11575961444412379
19-01-2026 11:00||NIFTY27JAN2625800CE,0.10995229502470089
19-01-2026 11:10||NIFTY27JAN2625800CE,0.10601104249586746
19-01-2026 11:35||NIFTY27JAN2625800CE,0.11016646103949501
19-01-2026 12:40||NIFTY27JAN2625800CE,0.10908847563666325
19-01-2026 13:15||NIFTY27JAN2625800CE,0.10764669942010946
19-01-2026 13:30||NIFTY27JAN2625800CE,0.10679133208775705
19-01-2026 13:40||NIFTY27JAN2625800CE,0.10243476902717893
19-01-2026 13:55||NIFTY27JAN2625800CE,0.10208753429547363
19-01-2026 14:00||NIFTY27JAN2625800CE,0.1083263489387958
19-01-2026 14:20||NIFTY27JAN2625800CE,0.1021528319069301
19-01-2026 14:35||NIFTY27JAN2625800CE,0.1042584880420155
19-01-2026 14:45||NIFTY27JAN2625800CE,0.10032070416073005
19-01-2026 15:10||NIFTY27JAN2625800CE,0.09683294035009897
19-01-2026 15:20||NIFTY27JAN2625800CE,0.09637719755076585
19-01-2026 15:25||NIFTY27JAN2625800CE,0.09529603829898188
20-01-2026 09:20||NIFTY27JAN2625800CE,0.09680075639128628
20-01-2026 09:35||NIFTY27JAN2625800CE,0.10684041436509412
20-01-2026 10:15||NIFTY27JAN2625800CE,0.11226681178126506
20-01-2026 10:25||NIFTY27JAN2625800CE,0.10592680975423233
20-01-2026 10:30||NIFTY27JAN2625800CE,0.10804537494054776
20-01-2026 10:40||NIFTY27JAN2625800CE,0.10506311567879678
20-01-2026 11:05||NIFTY27JAN2625800CE,0.10684819896341331
20-01-2026 11:30||NIFTY27JAN2625800CE,0.1075116035635409
20-01-2026 11:45||NIFTY27JAN2625800CE,0.10729604382808182
20-01-2026 11:55||NIFTY27JAN2625800CE,0.10283392463916635
20-01-2026 12:00||NIFTY27JAN2625800CE,0.1028205235562636
20-01-2026 12:05||NIFTY27JAN2625800CE,0.10308246635263187
20-01-2026 12:20||NIFTY27JAN2625800CE,0.10579543633161874
20-01-2026 12:35||NIFTY27JAN2625800CE,0.1084352107965765
20-01-2026 13:00||NIFTY27JAN2625800CE,0.10750288980396418
20-01-2026 13:25||NIFTY27JAN2625800CE,0.10822426913204462
20-01-2026 13:35||NIFTY27JAN2625800CE,0.10892881636357908
20-01-2026 14:30||NIFTY27JAN2625800CE,0.10960148551792817
21-01-2026 09:25||NIFTY27JAN2625800CE,0.118588842074074
21-01-2026 09:50||NIFTY27JAN2625800CE,0.12450505059855532
21-01-2026 10:05||NIFTY27JAN2625800CE,0.12503207565562016
21-01-2026 10:10||NIFTY27JAN2625800CE,0.1297308509497048
21-01-2026 10:35||NIFTY27JAN2625800CE,0.1331087744341629
21-01-2026 11:20||NIFTY27JAN2625800CE,0.14329420352992736
21-01-2026 11:30||NIFTY27JAN2625800CE,0.1447248161123002
21-01-2026 12:30||NIFTY27JAN2625800CE,0.13506513410576398
21-01-2026 12:45||NIFTY27JAN2625800CE,0.13056859177020905
21-01-2026 12:55||NIFTY27JAN2625800CE,0.12714964535721587
21-01-2026 13:10||NIFTY27JAN2625800CE,0.13015737585049808
21-01-2026 13:15||NIFTY27JAN2625800CE,0.12685353055668752
21-01-2026 13:30||NIFTY27JAN2625800CE,0.12307530286574714
21-01-2026 13:35||NIFTY27JAN2625800CE,0.1350058304991992
21-01-2026 13:40||NIFTY27JAN2625800CE,0.1299234682455101
21-01-2026 14:15||NIFTY27JAN2625800CE,0.13382858429684613
21-01-2026 14:35||NIFTY27JAN2625800CE,0.13153083064766002
21-01-2026 14:40||NIFTY27JAN2625800CE,0.1281183415388459
21-01-2026 14:50||NIFTY27JAN2625800CE,0.1273255715129846
21-01-2026 15:10||NIFTY27JAN2625800CE,0.12453943160279551
22-01-2026 09:30||NIFTY27JAN2625800CE,0.11903982259889791
22-01-2026 09:50||NIFTY27JAN2625800CE,0.11440575567785559
22-01-2026 10:05||NIFTY27JAN2625800CE,0.11340099174665534
22-01-2026 10:30||NIFTY27JAN2625800CE,0.12565101194648298
22-01-2026 10:35||NIFTY27JAN2625800CE,0.11653133912540602
22-01-2026 10:40||NIFTY27JAN2625800CE,0.12141864467221437
22-01-2026 11:10||NIFTY27JAN2625800CE,0.12856714885105752
22-01-2026 11:15||NIFTY27JAN2625800CE,0.1291027017512351
22-01-2026 11:25||NIFTY27JAN2625800CE,0.12420774576577819
22-01-2026 11:30||NIFTY27JAN2625800CE,0.1308962479047974
22-01-2026 12:10||NIFTY27JAN2625800CE,0.13335782764620205
22-01-2026 12:30||NIFTY27JAN2625800CE,0.12943029673931702
22-01-2026 12:45||NIFTY27JAN2625800CE,0.12534853652421057
22-01-2026 13:25||NIFTY27JAN2625800CE,0.13016987763732646
22-01-2026 13:30||NIFTY27JAN2625800CE,0.13677325938856666
22-01-2026 13:45||NIFTY27JAN2625800CE,0.133639187034008
22-01-2026 14:20||NIFTY27JAN2625800CE,0.12953987460701138
22-01-2026 15:15||NIFTY27JAN2625800CE,0.11286545185899892
23-01-2026 09:50||NIFTY27JAN2625800CE,0.10954533185235682
23-01-2026 10:20||NIFTY27JAN2625800CE,0.11303275188454324
23-01-2026 10:40||NIFTY27JAN2625800CE,0.1077391707888885
23-01-2026 11:00||NIFTY27JAN2625800CE,0.10749888851891465
23-01-2026 11:25||NIFTY27JAN2625800CE,0.10870434400466114
23-01-2026 11:30||NIFTY27JAN2625800CE,0.10620646825260097
23-01-2026 12:00||NIFTY27JAN2625800CE,0.1206100315128471
23-01-2026 12:20||NIFTY27JAN2625800CE,0.11827826446912398
23-01-2026 12:55||NIFTY27JAN2625800CE,0.11593508718784983
23-01-2026 13:10||NIFTY27JAN2625800CE,0.1206702418962472
23-01-2026 13:40||NIFTY27JAN2625800CE,0.1446871678215175
23-01-2026 13:55||NIFTY27JAN2625800CE,0.14808940721505345
23-01-2026 14:00||NIFTY27JAN2625800CE,0.14709269143878473
23-01-2026 14:10||NIFTY27JAN2625800CE,0.1464309875178189
23-01-2026 14:20||NIFTY27JAN2625800CE,0.14452148122723846
23-01-2026 14:35||NIFTY27JAN2625800CE,0.13821758190559563
23-01-2026 14:40||NIFTY27JAN2625800CE,0.1408105325244981
27-01-2026 09:30||NIFTY27JAN2625800CE,0.5828038828365124
27-01-2026 10:00||NIFTY27JAN2625800CE,0.4534810466283047
27-01-2026 10:15||NIFTY27JAN2625800CE,0.4561738903518392
27-01-2026 10:20||NIFTY27JAN2625800CE,0.4342354138304562
27-01-2026 11:10||NIFTY27JAN2625800CE,0.5984973680777969
27-01-2026 12:35||NIFTY27JAN2625800CE,0.5960340883285021
27-01-2026 12:55||NIFTY27JAN2625800CE,0.6398343366471335
27-01-2026 13:45||NIFTY27JAN2625800CE,0.8193930670961864
27-01-2026 14:05||NIFTY27JAN2625800CE,0.9715051921593687
27-01-2026 14:15||NIFTY27JAN2625800CE,0.9921951584410128
27-01-2026 14:55||NIFTY27JAN2625800CE,1.1365554677722776
27-01-2026 15:10||NIFTY27JAN2625800CE,1.3726787127734135
07-01-2026 09:20||NIFTY27JAN2625900CE,0.10449108936726269
07-01-2026 09:30||NIFTY27JAN2625900CE,0.10224183491879517
07-01-2026 09:35||NIFTY27JAN2625900CE,0.10405651219804024
07-01-2026 09:40||NIFTY27JAN2625900CE,0.08607440829413925
07-01-2026 09:45||NIFTY27JAN2625900CE,0.09983561485531563
07-01-2026 09:55||NIFTY27JAN2625900CE,0.10776271551743433
07-01-2026 10:00||NIFTY27JAN2625900CE,0.10147726290659985
07-01-2026 10:10||NIFTY27JAN2625900CE,0.10232443558269379
07-01-2026 11:10||NIFTY27JAN2625900CE,0.09510783421305002
07-01-2026 11:25||NIFTY27JAN2625900CE,0.0985485670741133
07-01-2026 11:40||NIFTY27JAN2625900CE,0.10084183899228952
07-01-2026 12:05||NIFTY27JAN2625900CE,0.09951672494843211
07-01-2026 13:10||NIFTY27JAN2625900CE,0.09765167488882577
07-01-2026 14:00||NIFTY27JAN2625900CE,0.10127682286377304
07-01-2026 14:05||NIFTY27JAN2625900CE,0.09944067080630221
07-01-2026 14:15||NIFTY27JAN2625900CE,0.0960015030122049
07-01-2026 14:25||NIFTY27JAN2625900CE,0.09954614939858053
07-01-2026 14:55||NIFTY27JAN2625900CE,0.09794005744097653
07-01-2026 15:20||NIFTY27JAN2625900CE,0.09242640592149536
08-01-2026 09:20||NIFTY27JAN2625900CE,0.08715841686052771
08-01-2026 09:45||NIFTY27JAN2625900CE,0.09342419760889445
08-01-2026 10:00||NIFTY27JAN2625900CE,0.08798088702612018
08-01-2026 10:40||NIFTY27JAN2625900CE,0.09668244349765584
08-01-2026 11:10||NIFTY27JAN2625900CE,0.09472030071622241
08-01-2026 11:45||NIFTY27JAN2625900CE,0.09558881247272026
08-01-2026 12:05||NIFTY27JAN2625900CE,0.10698047613265196
08-01-2026 13:15||NIFTY27JAN2625900CE,0.10060121141230606
08-01-2026 13:25||NIFTY27JAN2625900CE,0.09729198502253367
08-01-2026 14:00||NIFTY27JAN2625900CE,0.09811035465818846
08-01-2026 14:25||NIFTY27JAN2625900CE,0.09634840813850323
09-01-2026 09:40||NIFTY27JAN2625900CE,0.11522248880699631
09-01-2026 09:45||NIFTY27JAN2625900CE,0.10864424642724052
09-01-2026 10:50||NIFTY27JAN2625900CE,0.09277639511699129
09-01-2026 11:40||NIFTY27JAN2625900CE,0.09595173429456821
09-01-2026 11:45||NIFTY27JAN2625900CE,0.09676544483960554
09-01-2026 12:10||NIFTY27JAN2625900CE,0.09612705087677369
09-01-2026 12:15||NIFTY27JAN2625900CE,0.09859141713583347
09-01-2026 12:45||NIFTY27JAN2625900CE,0.0960461360539118
09-01-2026 13:10||NIFTY27JAN2625900CE,0.09915077650499554
09-01-2026 13:15||NIFTY27JAN2625900CE,0.09986559381541148
09-01-2026 13:30||NIFTY27JAN2625900CE,0.09595143655034188
09-01-2026 13:35||NIFTY27JAN2625900CE,0.10052500601074764
09-01-2026 14:20||NIFTY27JAN2625900CE,0.09742489011365513
09-01-2026 14:30||NIFTY27JAN2625900CE,0.10056006431897528
09-01-2026 14:40||NIFTY27JAN2625900CE,0.09980772375752459
09-01-2026 14:55||NIFTY27JAN2625900CE,0.09719981159204522
09-01-2026 15:15||NIFTY27JAN2625900CE,0.09654843461257123
12-01-2026 09:35||NIFTY27JAN2625900CE,0.11338070171024467
12-01-2026 09:50||NIFTY27JAN2625900CE,0.1115007775987906
12-01-2026 09:55||NIFTY27JAN2625900CE,0.10677280076155124
12-01-2026 10:25||NIFTY27JAN2625900CE,0.11092054582410527
12-01-2026 11:50||NIFTY27JAN2625900CE,0.11085857703084247
12-01-2026 12:00||NIFTY27JAN2625900CE,0.109977657656985
12-01-2026 12:15||NIFTY27JAN2625900CE,0.11420066408158353
12-01-2026 12:55||NIFTY27JAN2625900CE,0.11273266395720098
12-01-2026 13:35||NIFTY27JAN2625900CE,0.11074179796911214
12-01-2026 14:35||NIFTY27JAN2625900CE,0.1161262688705301
12-01-2026 15:05||NIFTY27JAN2625900CE,0.10731269061781473
12-01-2026 15:10||NIFTY27JAN2625900CE,0.10597107844230456
13-01-2026 09:15||NIFTY27JAN2625900CE,0.09769647068269993
13-01-2026 09:45||NIFTY27JAN2625900CE,0.0985221404519616
13-01-2026 10:30||NIFTY27JAN2625900CE,0.10257960202495102
13-01-2026 10:50||NIFTY27JAN2625900CE,0.09801492292144846
13-01-2026 11:10||NIFTY27JAN2625900CE,0.1030555792699808
13-01-2026 11:30||NIFTY27JAN2625900CE,0.10547462409675916
13-01-2026 12:00||NIFTY27JAN2625900CE,0.1021535565428977
13-01-2026 12:35||NIFTY27JAN2625900CE,0.10251333501033183
13-01-2026 13:20||NIFTY27JAN2625900CE,0.10475771744114859
13-01-2026 13:40||NIFTY27JAN2625900CE,0.10499086532094364
13-01-2026 14:55||NIFTY27JAN2625900CE,0.09842119618876305
14-01-2026 10:15||NIFTY27JAN2625900CE,0.09544964708115744
14-01-2026 12:10||NIFTY27JAN2625900CE,0.09177949653066962
14-01-2026 12:25||NIFTY27JAN2625900CE,0.09178163584452058
14-01-2026 12:35||NIFTY27JAN2625900CE,0.09400184278925038
14-01-2026 13:10||NIFTY27JAN2625900CE,0.08871420051363625
14-01-2026 13:20||NIFTY27JAN2625900CE,0.08845292934348879
14-01-2026 14:05||NIFTY27JAN2625900CE,0.09625063844082306
14-01-2026 14:15||NIFTY27JAN2625900CE,0.09111935229109248
14-01-2026 14:35||NIFTY27JAN2625900CE,0.09934090962490749
14-01-2026 15:15||NIFTY27JAN2625900CE,0.0976599213344253
16-01-2026 09:30||NIFTY27JAN2625900CE,0.09645344482134961
16-01-2026 09:40||NIFTY27JAN2625900CE,0.10375128152034578
16-01-2026 09:55||NIFTY27JAN2625900CE,0.0947192997661605
16-01-2026 10:00||NIFTY27JAN2625900CE,0.10373744845573628
16-01-2026 10:20||NIFTY27JAN2625900CE,0.11002602694477623
16-01-2026 10:55||NIFTY27JAN2625900CE,0.09998641097214796
16-01-2026 11:20||NIFTY27JAN2625900CE,0.09936145826093803
16-01-2026 12:05||NIFTY27JAN2625900CE,0.11135383441277917
16-01-2026 12:35||NIFTY27JAN2625900CE,0.10015415802299668
16-01-2026 12:40||NIFTY27JAN2625900CE,0.09837776999482555
16-01-2026 12:45||NIFTY27JAN2625900CE,0.09882365923555059
16-01-2026 13:00||NIFTY27JAN2625900CE,0.09792798675427337
16-01-2026 13:40||NIFTY27JAN2625900CE,0.10014433280376107
16-01-2026 13:50||NIFTY27JAN2625900CE,0.0952068580987731
16-01-2026 14:35||NIFTY27JAN2625900CE,0.09563822551318579
16-01-2026 15:20||NIFTY27JAN2625900CE,0.09907060705603575
19-01-2026 09:15||NIFTY27JAN2625900CE,0.11756648909737037
19-01-2026 09:50||NIFTY27JAN2625900CE,0.10511347377145056
19-01-2026 10:00||NIFTY27JAN2625900CE,0.10854800385123058
19-01-2026 10:55||NIFTY27JAN2625900CE,0.11184612644285737
19-01-2026 11:55||NIFTY27JAN2625900CE,0.10526627735151543
19-01-2026 12:50||NIFTY27JAN2625900CE,0.11015805002446112
19-01-2026 13:00||NIFTY27JAN2625900CE,0.10583334233398999
19-01-2026 13:25||NIFTY27JAN2625900CE,0.10622739832312586
19-01-2026 13:40||NIFTY27JAN2625900CE,0.10385947973544227
19-01-2026 13:55||NIFTY27JAN2625900CE,0.10271247192505456
19-01-2026 14:00||NIFTY27JAN2625900CE,0.10727402036368222
19-01-2026 14:25||NIFTY27JAN2625900CE,0.09930997715454815
20-01-2026 09:40||NIFTY27JAN2625900CE,0.11301025242782461
20-01-2026 10:35||NIFTY27JAN2625900CE,0.11233050597946627
20-01-2026 10:45||NIFTY27JAN2625900CE,0.10854327173232846
20-01-2026 10:55||NIFTY27JAN2625900CE,0.10942607698257041
20-01-2026 11:35||NIFTY27JAN2625900CE,0.10794242948783384
20-01-2026 11:45||NIFTY27JAN2625900CE,0.10907655893377638
20-01-2026 11:55||NIFTY27JAN2625900CE,0.1055114535911714
20-01-2026 12:00||NIFTY27JAN2625900CE,0.10561078192321272
20-01-2026 12:20||NIFTY27JAN2625900CE,0.10894614927847432
20-01-2026 13:00||NIFTY27JAN2625900CE,0.1102426001409979
20-01-2026 14:25||NIFTY27JAN2625900CE,0.11599112530047857
20-01-2026 14:50||NIFTY27JAN2625900CE,0.11295963425661636
20-01-2026 15:10||NIFTY27JAN2625900CE,0.12415278807209042
20-01-2026 15:15||NIFTY27JAN2625900CE,0.1262008571540196
20-01-2026 15:25||NIFTY27JAN2625900CE,0.13379465243749988
21-01-2026 09:15||NIFTY27JAN2625900CE,0.14275913590237324
21-01-2026 09:40||NIFTY27JAN2625900CE,0.1309945414157325
21-01-2026 10:30||NIFTY27JAN2625900CE,0.14005498094911892
21-01-2026 10:35||NIFTY27JAN2625900CE,0.1397003474912164
21-01-2026 10:50||NIFTY27JAN2625900CE,0.15456388434565446
21-01-2026 10:55||NIFTY27JAN2625900CE,0.16318085846245736
21-01-2026 11:10||NIFTY27JAN2625900CE,0.15721110877130107
21-01-2026 12:00||NIFTY27JAN2625900CE,0.1474650961625056
21-01-2026 12:10||NIFTY27JAN2625900CE,0.14309367989822916
21-01-2026 12:40||NIFTY27JAN2625900CE,0.13234268936222698
21-01-2026 12:55||NIFTY27JAN2625900CE,0.13008723101374106
21-01-2026 13:45||NIFTY27JAN2625900CE,0.13333265746218373
21-01-2026 14:45||NIFTY27JAN2625900CE,0.13456041880277575
21-01-2026 15:10||NIFTY27JAN2625900CE,0.12992818782164572
21-01-2026 15:15||NIFTY27JAN2625900CE,0.13092624330014335
22-01-2026 09:50||NIFTY27JAN2625900CE,0.11935785520144941
22-01-2026 10:20||NIFTY27JAN2625900CE,0.12494454811143658
22-01-2026 10:25||NIFTY27JAN2625900CE,0.11809151475646333
22-01-2026 10:40||NIFTY27JAN2625900CE,0.12673334355903357
22-01-2026 10:45||NIFTY27JAN2625900CE,0.12646913058548828
22-01-2026 10:50||NIFTY27JAN2625900CE,0.12986403445696346
22-01-2026 10:55||NIFTY27JAN2625900CE,0.12725099111920748
22-01-2026 11:05||NIFTY27JAN2625900CE,0.1362899200604099
22-01-2026 11:20||NIFTY27JAN2625900CE,0.1388178098223761
22-01-2026 11:25||NIFTY27JAN2625900CE,0.1300112324506767
22-01-2026 11:35||NIFTY27JAN2625900CE,0.13312061807174674
22-01-2026 12:20||NIFTY27JAN2625900CE,0.13076770471138674
22-01-2026 12:30||NIFTY27JAN2625900CE,0.1348039092915409
22-01-2026 12:50||NIFTY27JAN2625900CE,0.13060917974753392
22-01-2026 13:30||NIFTY27JAN2625900CE,0.14250298150628982
22-01-2026 13:55||NIFTY27JAN2625900CE,0.13264135443610434
22-01-2026 14:10||NIFTY27JAN2625900CE,0.1328197271010891
22-01-2026 14:20||NIFTY27JAN2625900CE,0.13696052398374856
22-01-2026 14:30||NIFTY27JAN2625900CE,0.13310845832341014
22-01-2026 15:15||NIFTY27JAN2625900CE,0.11726930064662834
22-01-2026 15:25||NIFTY27JAN2625900CE,0.11484647243050727
23-01-2026 10:00||NIFTY27JAN2625900CE,0.11507179301305506
23-01-2026 10:15||NIFTY27JAN2625900CE,0.11726688987653214
23-01-2026 10:45||NIFTY27JAN2625900CE,0.11195514637854714
23-01-2026 12:00||NIFTY27JAN2625900CE,0.1302025205441566
23-01-2026 12:30||NIFTY27JAN2625900CE,0.12973615023160748
23-01-2026 12:45||NIFTY27JAN2625900CE,0.12318137738156108
23-01-2026 13:05||NIFTY27JAN2625900CE,0.1318722116506374
23-01-2026 13:15||NIFTY27JAN2625900CE,0.13693187628132855
23-01-2026 14:35||NIFTY27JAN2625900CE,0.14865385438618012
23-01-2026 14:55||NIFTY27JAN2625900CE,0.14939008189915348
23-01-2026 15:20||NIFTY27JAN2625900CE,0.16316281030774493
27-01-2026 09:25||NIFTY27JAN2625900CE,0.6361521204041841
27-01-2026 10:30||NIFTY27JAN2625900CE,0.5309088645132938
27-01-2026 11:30||NIFTY27JAN2625900CE,0.6173755476665843
27-01-2026 12:05||NIFTY27JAN2625900CE,0.5932410500597161
27-01-2026 12:25||NIFTY27JAN2625900CE,0.6201679928165564
27-01-2026 12:40||NIFTY27JAN2625900CE,0.6827156095690095
27-01-2026 12:45||NIFTY27JAN2625900CE,0.6977678860367971
27-01-2026 12:50||NIFTY27JAN2625900CE,0.7344398651061543
27-01-2026 13:20||NIFTY27JAN2625900CE,0.7759222334669729
27-01-2026 13:45||NIFTY27JAN2625900CE,0.9042640987309942
27-01-2026 14:50||NIFTY27JAN2625900CE,1.2361138621009469
27-01-2026 15:15||NIFTY27JAN2625900CE,1.701504692151204
07-01-2026 10:10||NIFTY27JAN2626000CE,0.10007638057763865
07-01-2026 10:30||NIFTY27JAN2626000CE,0.09601165402309152
07-01-2026 10:45||NIFTY27JAN2626000CE,0.09473251817080297
07-01-2026 11:05||NIFTY27JAN2626000CE,0.09607102492731331
07-01-2026 11:20||NIFTY27JAN2626000CE,0.09205855411452002
07-01-2026 11:25||NIFTY27JAN2626000CE,0.09563473069690577
07-01-2026 12:05||NIFTY27JAN2626000CE,0.09706650471276371
07-01-2026 14:05||NIFTY27JAN2626000CE,0.0961947996067589
07-01-2026 15:00||NIFTY27JAN2626000CE,0.09256639422698636
07-01-2026 15:05||NIFTY27JAN2626000CE,0.09247144757389379
08-01-2026 09:20||NIFTY27JAN2626000CE,0.08648044147958872
08-01-2026 09:55||NIFTY27JAN2626000CE,0.09022432062912225
08-01-2026 10:05||NIFTY27JAN2626000CE,0.08751627974539804
08-01-2026 10:30||NIFTY27JAN2626000CE,0.09435652277165574
08-01-2026 11:05||NIFTY27JAN2626000CE,0.09401769091619651
08-01-2026 11:10||NIFTY27JAN2626000CE,0.09288370457747047
08-01-2026 11:30||NIFTY27JAN2626000CE,0.09636012302075475
08-01-2026 12:25||NIFTY27JAN2626000CE,0.09925996789240725
08-01-2026 12:30||NIFTY27JAN2626000CE,0.0955427209775381
08-01-2026 12:40||NIFTY27JAN2626000CE,0.10113306906097283
08-01-2026 13:05||NIFTY27JAN2626000CE,0.09913869775595255
08-01-2026 13:25||NIFTY27JAN2626000CE,0.09629074668545376
08-01-2026 13:40||NIFTY27JAN2626000CE,0.10070753904195504
08-01-2026 14:00||NIFTY27JAN2626000CE,0.09524963335192833
08-01-2026 14:05||NIFTY27JAN2626000CE,0.0957450179880479
08-01-2026 14:25||NIFTY27JAN2626000CE,0.09472087368879067
08-01-2026 14:50||NIFTY27JAN2626000CE,0.09292112370988574
08-01-2026 15:05||NIFTY27JAN2626000CE,0.09769878657193942
09-01-2026 09:35||NIFTY27JAN2626000CE,0.09739211203480223
09-01-2026 09:50||NIFTY27JAN2626000CE,0.10285317449896521
09-01-2026 10:40||NIFTY27JAN2626000CE,0.09743311922246774
09-01-2026 10:50||NIFTY27JAN2626000CE,0.09142958767470527
09-01-2026 11:45||NIFTY27JAN2626000CE,0.09530011113372845
09-01-2026 11:50||NIFTY27JAN2626000CE,0.09652626053061729
09-01-2026 12:05||NIFTY27JAN2626000CE,0.09529574090363867
09-01-2026 12:45||NIFTY27JAN2626000CE,0.0954713995211963
09-01-2026 13:05||NIFTY27JAN2626000CE,0.09806914956405284
09-01-2026 13:45||NIFTY27JAN2626000CE,0.09646454865959914
09-01-2026 14:00||NIFTY27JAN2626000CE,0.0958506502049078
09-01-2026 14:50||NIFTY27JAN2626000CE,0.09729989216241196
09-01-2026 15:15||NIFTY27JAN2626000CE,0.0957404085912339
09-01-2026 15:25||NIFTY27JAN2626000CE,0.10201393532609998
12-01-2026 09:15||NIFTY27JAN2626000CE,0.1019786849612841
12-01-2026 09:30||NIFTY27JAN2626000CE,0.11405734746119267
12-01-2026 09:50||NIFTY27JAN2626000CE,0.11041824285309654
12-01-2026 10:25||NIFTY27JAN2626000CE,0.10995454210087992
12-01-2026 10:45||NIFTY27JAN2626000CE,0.10986804493056457
12-01-2026 11:00||NIFTY27JAN2626000CE,0.10825484164390328
12-01-2026 11:10||NIFTY27JAN2626000CE,0.10691633514356255
12-01-2026 11:55||NIFTY27JAN2626000CE,0.11083861897536676
12-01-2026 12:05||NIFTY27JAN2626000CE,0.110544391005862
12-01-2026 12:35||NIFTY27JAN2626000CE,0.1102256578055291
12-01-2026 12:40||NIFTY27JAN2626000CE,0.1192331796293245
12-01-2026 12:45||NIFTY27JAN2626000CE,0.10905571113029319
12-01-2026 13:00||NIFTY27JAN2626000CE,0.11357756647153772
12-01-2026 13:25||NIFTY27JAN2626000CE,0.10751699114295808
12-01-2026 14:05||NIFTY27JAN2626000CE,0.11096953330437082
12-01-2026 14:35||NIFTY27JAN2626000CE,0.11369595362203687
12-01-2026 14:45||NIFTY27JAN2626000CE,0.10688032158221644
12-01-2026 14:50||NIFTY27JAN2626000CE,0.10938659633093424
12-01-2026 15:00||NIFTY27JAN2626000CE,0.10767400128903
13-01-2026 09:30||NIFTY27JAN2626000CE,0.09975700484194584
13-01-2026 10:30||NIFTY27JAN2626000CE,0.10273823521722765
13-01-2026 10:35||NIFTY27JAN2626000CE,0.10197546370329903
13-01-2026 11:25||NIFTY27JAN2626000CE,0.10290089695994753
13-01-2026 11:35||NIFTY27JAN2626000CE,0.09926269183403495
13-01-2026 12:30||NIFTY27JAN2626000CE,0.1005231015938724
13-01-2026 13:10||NIFTY27JAN2626000CE,0.10219384458350317
13-01-2026 13:45||NIFTY27JAN2626000CE,0.10111191938663684
13-01-2026 13:50||NIFTY27JAN2626000CE,0.10201496343799045
13-01-2026 13:55||NIFTY27JAN2626000CE,0.10280338166707013
13-01-2026 14:25||NIFTY27JAN2626000CE,0.10148445525199123
13-01-2026 14:45||NIFTY27JAN2626000CE,0.1005859851560839
13-01-2026 15:05||NIFTY27JAN2626000CE,0.10115376054694408
13-01-2026 15:15||NIFTY27JAN2626000CE,0.09244403687992064
13-01-2026 15:25||NIFTY27JAN2626000CE,0.09323695014258596
14-01-2026 09:55||NIFTY27JAN2626000CE,0.0946608025746942
14-01-2026 11:05||NIFTY27JAN2626000CE,0.09608022088611307
14-01-2026 11:15||NIFTY27JAN2626000CE,0.09837023125467707
14-01-2026 11:30||NIFTY27JAN2626000CE,0.09518894166177845
14-01-2026 14:15||NIFTY27JAN2626000CE,0.09198575776992736
14-01-2026 14:30||NIFTY27JAN2626000CE,0.09765148155567081
16-01-2026 09:15||NIFTY27JAN2626000CE,0.10593722356375611
16-01-2026 09:20||NIFTY27JAN2626000CE,0.09744385411084036
16-01-2026 09:30||NIFTY27JAN2626000CE,0.09557906927068212
16-01-2026 09:45||NIFTY27JAN2626000CE,0.10094091656853692
16-01-2026 09:50||NIFTY27JAN2626000CE,0.09697633092430336
16-01-2026 09:55||NIFTY27JAN2626000CE,0.09344827478244039
16-01-2026 10:00||NIFTY27JAN2626000CE,0.10135937456522105
16-01-2026 10:25||NIFTY27JAN2626000CE,0.10519707622996473
16-01-2026 11:00||NIFTY27JAN2626000CE,0.09927752600907055
16-01-2026 11:10||NIFTY27JAN2626000CE,0.09712907537275227
16-01-2026 11:20||NIFTY27JAN2626000CE,0.09750729098016277
16-01-2026 12:10||NIFTY27JAN2626000CE,0.10475679922798767
16-01-2026 12:15||NIFTY27JAN2626000CE,0.09884079667564685
16-01-2026 12:35||NIFTY27JAN2626000CE,0.0984925063400876
16-01-2026 12:45||NIFTY27JAN2626000CE,0.09808225133263643
16-01-2026 12:50||NIFTY27JAN2626000CE,0.10327930420505067
16-01-2026 13:00||NIFTY27JAN2626000CE,0.09716887442082452
16-01-2026 13:40||NIFTY27JAN2626000CE,0.0993869038306465
16-01-2026 13:50||NIFTY27JAN2626000CE,0.09503099792076744
16-01-2026 14:00||NIFTY27JAN2626000CE,0.09916389209294345
16-01-2026 14:20||NIFTY27JAN2626000CE,0.09989147133840147
16-01-2026 15:15||NIFTY27JAN2626000CE,0.09885817330604477
19-01-2026 10:55||NIFTY27JAN2626000CE,0.11337903394299471
19-01-2026 11:35||NIFTY27JAN2626000CE,0.1125165711111929
19-01-2026 12:45||NIFTY27JAN2626000CE,0.10895202701543069
19-01-2026 12:55||NIFTY27JAN2626000CE,0.10866266537983955
19-01-2026 14:20||NIFTY27JAN2626000CE,0.10280040348564318
19-01-2026 14:25||NIFTY27JAN2626000CE,0.10101270361192104
19-01-2026 14:45||NIFTY27JAN2626000CE,0.10155768465833394
19-01-2026 14:55||NIFTY27JAN2626000CE,0.09958293846958337
19-01-2026 15:00||NIFTY27JAN2626000CE,0.09456060639722494
19-01-2026 15:05||NIFTY27JAN2626000CE,0.09737407056619043
20-01-2026 10:00||NIFTY27JAN2626000CE,0.11560685673862682
20-01-2026 10:20||NIFTY27JAN2626000CE,0.11131528232323253
20-01-2026 10:40||NIFTY27JAN2626000CE,0.10914569396771427
20-01-2026 11:30||NIFTY27JAN2626000CE,0.11263371275230993
20-01-2026 11:45||NIFTY27JAN2626000CE,0.11204662676845324
20-01-2026 12:25||NIFTY27JAN2626000CE,0.11467278383243219
20-01-2026 12:30||NIFTY27JAN2626000CE,0.11299116522153883
20-01-2026 12:50||NIFTY27JAN2626000CE,0.11372389590904422
20-01-2026 13:10||NIFTY27JAN2626000CE,0.11326494107862448
20-01-2026 13:15||NIFTY27JAN2626000CE,0.1155978805664636
20-01-2026 13:30||NIFTY27JAN2626000CE,0.11371239018010598
20-01-2026 13:50||NIFTY27JAN2626000CE,0.1199004821040502
20-01-2026 14:15||NIFTY27JAN2626000CE,0.12001603213907922
20-01-2026 14:30||NIFTY27JAN2626000CE,0.11756461541888595
20-01-2026 14:35||NIFTY27JAN2626000CE,0.11702597038339263
20-01-2026 14:45||NIFTY27JAN2626000CE,0.12030310414241577
20-01-2026 14:55||NIFTY27JAN2626000CE,0.11781274484966678
20-01-2026 15:15||NIFTY27JAN2626000CE,0.13221549972910085
21-01-2026 09:45||NIFTY27JAN2626000CE,0.13679368945295844
21-01-2026 09:55||NIFTY27JAN2626000CE,0.13494152973881987
21-01-2026 11:20||NIFTY27JAN2626000CE,0.15593180540646184
21-01-2026 11:30||NIFTY27JAN2626000CE,0.15781408533899338
21-01-2026 13:25||NIFTY27JAN2626000CE,0.13808107710082698
21-01-2026 14:10||NIFTY27JAN2626000CE,0.14080550097071395
22-01-2026 09:30||NIFTY27JAN2626000CE,0.12871496351836278
22-01-2026 09:40||NIFTY27JAN2626000CE,0.13067041806522137
22-01-2026 10:40||NIFTY27JAN2626000CE,0.13310498245903057
22-01-2026 10:50||NIFTY27JAN2626000CE,0.13655689189644843
22-01-2026 11:30||NIFTY27JAN2626000CE,0.14253533218316417
22-01-2026 12:05||NIFTY27JAN2626000CE,0.14639275163011875
22-01-2026 12:20||NIFTY27JAN2626000CE,0.13742628270407525
22-01-2026 12:45||NIFTY27JAN2626000CE,0.13819032472532783
22-01-2026 13:10||NIFTY27JAN2626000CE,0.1437910745202572
22-01-2026 13:35||NIFTY27JAN2626000CE,0.14003403993650154
22-01-2026 13:40||NIFTY27JAN2626000CE,0.14569242716395714
22-01-2026 13:55||NIFTY27JAN2626000CE,0.14026132962604018
22-01-2026 15:25||NIFTY27JAN2626000CE,0.12086343121612272
23-01-2026 09:15||NIFTY27JAN2626000CE,0.130897623616586
23-01-2026 09:40||NIFTY27JAN2626000CE,0.12573469798118642
23-01-2026 10:00||NIFTY27JAN2626000CE,0.12308795573252841
23-01-2026 10:15||NIFTY27JAN2626000CE,0.12634056839232216
23-01-2026 10:25||NIFTY27JAN2626000CE,0.12815349857217495
23-01-2026 11:20||NIFTY27JAN2626000CE,0.12724703196739906
23-01-2026 11:30||NIFTY27JAN2626000CE,0.12496041942190853
23-01-2026 11:35||NIFTY27JAN2626000CE,0.12932985895262494
23-01-2026 12:50||NIFTY27JAN2626000CE,0.13927151903699397
23-01-2026 13:00||NIFTY27JAN2626000CE,0.143216457792175
23-01-2026 13:10||NIFTY27JAN2626000CE,0.14237485075578793
23-01-2026 13:15||NIFTY27JAN2626000CE,0.1484984369556092
23-01-2026 13:30||NIFTY27JAN2626000CE,0.1652051039114095
23-01-2026 13:35||NIFTY27JAN2626000CE,0.16639880673943844
23-01-2026 14:35||NIFTY27JAN2626000CE,0.1597872967934069
23-01-2026 14:45||NIFTY27JAN2626000CE,0.1638314367064885
27-01-2026 09:55||NIFTY27JAN2626000CE,0.5617605251340008
27-01-2026 10:25||NIFTY27JAN2626000CE,0.5572817118199456
27-01-2026 11:40||NIFTY27JAN2626000CE,0.6590867924796715
27-01-2026 11:50||NIFTY27JAN2626000CE,0.6518347359472273
27-01-2026 12:15||NIFTY27JAN2626000CE,0.6897842791237239
27-01-2026 12:40||NIFTY27JAN2626000CE,0.7521323622467058
27-01-2026 13:00||NIFTY27JAN2626000CE,0.8095249231075323
27-01-2026 13:35||NIFTY27JAN2626000CE,0.9093225956143391
27-01-2026 13:45||NIFTY27JAN2626000CE,0.9888680138362169
27-01-2026 14:10||NIFTY27JAN2626000CE,1.1545652308755014
27-01-2026 14:20||NIFTY27JAN2626000CE,1.209580406168829
27-01-2026 15:10||NIFTY27JAN2626000CE,1.7243248337877708
27-01-2026 15:15||NIFTY27JAN2626000CE,1.9052349782559583
27-01-2026 15:20||NIFTY27JAN2626000CE,2.282341240063332
07-01-2026 09:35||NIFTY27JAN2626100CE,0.09620474688039567
07-01-2026 10:00||NIFTY27JAN2626100CE,0.09403057083684015
07-01-2026 10:15||NIFTY27JAN2626100CE,0.08756448907152883
07-01-2026 10:20||NIFTY27JAN2626100CE,0.09049720413287446
07-01-2026 10:25||NIFTY27JAN2626100CE,0.08987915829195096
07-01-2026 10:35||NIFTY27JAN2626100CE,0.09519211766234889
07-01-2026 10:40||NIFTY27JAN2626100CE,0.09276679995415658
07-01-2026 11:15||NIFTY27JAN2626100CE,0.09590653509862541
07-01-2026 11:55||NIFTY27JAN2626100CE,0.09302854533931944
07-01-2026 12:20||NIFTY27JAN2626100CE,0.09601027188272769
07-01-2026 13:05||NIFTY27JAN2626100CE,0.0935094802944222
07-01-2026 13:40||NIFTY27JAN2626100CE,0.09430092219344623
07-01-2026 14:10||NIFTY27JAN2626100CE,0.09113129003086098
07-01-2026 15:25||NIFTY27JAN2626100CE,0.08891526109215452
08-01-2026 09:35||NIFTY27JAN2626100CE,0.09632100818367155
08-01-2026 10:00||NIFTY27JAN2626100CE,0.08610185665508341
08-01-2026 10:25||NIFTY27JAN2626100CE,0.09198544541299795
08-01-2026 10:40||NIFTY27JAN2626100CE,0.0915275785183981
08-01-2026 10:50||NIFTY27JAN2626100CE,0.09061632770399529
08-01-2026 11:30||NIFTY27JAN2626100CE,0.0950509803711468
08-01-2026 11:45||NIFTY27JAN2626100CE,0.09212050397501245
08-01-2026 12:35||NIFTY27JAN2626100CE,0.09981064503106733
08-01-2026 12:55||NIFTY27JAN2626100CE,0.09891015049026575
08-01-2026 13:05||NIFTY27JAN2626100CE,0.09705662902708813
08-01-2026 13:10||NIFTY27JAN2626100CE,0.0992837460700393
08-01-2026 13:25||NIFTY27JAN2626100CE,0.09557234533088706
08-01-2026 13:30||NIFTY27JAN2626100CE,0.10149089945618008
08-01-2026 14:00||NIFTY27JAN2626100CE,0.09279183960864378
08-01-2026 14:15||NIFTY27JAN2626100CE,0.09639937230362992
08-01-2026 14:35||NIFTY27JAN2626100CE,0.09410245089042754
08-01-2026 15:05||NIFTY27JAN2626100CE,0.0957775349175078
08-01-2026 15:10||NIFTY27JAN2626100CE,0.0947426546278516
08-01-2026 15:15||NIFTY27JAN2626100CE,0.09428060409903444
08-01-2026 15:20||NIFTY27JAN2626100CE,0.09311143894542588
08-01-2026 15:25||NIFTY27JAN2626100CE,0.09191231545872114
09-01-2026 09:25||NIFTY27JAN2626100CE,0.0940675245436075
09-01-2026 09:30||NIFTY27JAN2626100CE,0.09283445769482507
09-01-2026 09:50||NIFTY27JAN2626100CE,0.10013445406990149
09-01-2026 10:00||NIFTY27JAN2626100CE,0.09315685538412952
09-01-2026 10:05||NIFTY27JAN2626100CE,0.09798331114339079
09-01-2026 10:40||NIFTY27JAN2626100CE,0.09542189421438978
09-01-2026 12:40||NIFTY27JAN2626100CE,0.09622594106280845
09-01-2026 13:10||NIFTY27JAN2626100CE,0.09735490218431445
09-01-2026 13:15||NIFTY27JAN2626100CE,0.09796869836299159
09-01-2026 13:35||NIFTY27JAN2626100CE,0.09843885408825824
09-01-2026 13:50||NIFTY27JAN2626100CE,0.09580512911525138
09-01-2026 14:40||NIFTY27JAN2626100CE,0.09809240814115956
09-01-2026 15:20||NIFTY27JAN2626100CE,0.0974537120958919
09-01-2026 15:25||NIFTY27JAN2626100CE,0.10088011014455792
12-01-2026 09:15||NIFTY27JAN2626100CE,0.10204667196116726
12-01-2026 10:00||NIFTY27JAN2626100CE,0.11298669444365303
12-01-2026 13:00||NIFTY27JAN2626100CE,0.11216226529125145
12-01-2026 13:15||NIFTY27JAN2626100CE,0.10678548744639717
12-01-2026 13:40||NIFTY27JAN2626100CE,0.10818356549165248
12-01-2026 13:55||NIFTY27JAN2626100CE,0.10743008979444298
12-01-2026 14:35||NIFTY27JAN2626100CE,0.11205686500663067
12-01-2026 14:45||NIFTY27JAN2626100CE,0.10605597560939385
12-01-2026 15:00||NIFTY27JAN2626100CE,0.10647989269053443
13-01-2026 09:15||NIFTY27JAN2626100CE,0.0970817695575346
13-01-2026 10:30||NIFTY27JAN2626100CE,0.10306109442399536
13-01-2026 10:35||NIFTY27JAN2626100CE,0.10235431787597077
13-01-2026 11:20||NIFTY27JAN2626100CE,0.10158115382037845
13-01-2026 12:35||NIFTY27JAN2626100CE,0.10299870578151159
13-01-2026 13:15||NIFTY27JAN2626100CE,0.10595377780950442
13-01-2026 13:40||NIFTY27JAN2626100CE,0.10386120519314687
13-01-2026 14:10||NIFTY27JAN2626100CE,0.10061083731145617
13-01-2026 14:45||NIFTY27JAN2626100CE,0.10107807408851467
13-01-2026 15:05||NIFTY27JAN2626100CE,0.10092291134820187
14-01-2026 09:15||NIFTY27JAN2626100CE,0.10467539549324996
14-01-2026 10:00||NIFTY27JAN2626100CE,0.09778342490784019
14-01-2026 10:25||NIFTY27JAN2626100CE,0.0985136199643567
14-01-2026 11:00||NIFTY27JAN2626100CE,0.09980794980222231
14-01-2026 11:05||NIFTY27JAN2626100CE,0.09625999239429378
14-01-2026 11:35||NIFTY27JAN2626100CE,0.09651156688465863
14-01-2026 11:50||NIFTY27JAN2626100CE,0.0956695896253448
14-01-2026 13:15||NIFTY27JAN2626100CE,0.09185373620460555
14-01-2026 14:25||NIFTY27JAN2626100CE,0.1000213598899257
14-01-2026 14:30||NIFTY27JAN2626100CE,0.09887094908264966
14-01-2026 14:45||NIFTY27JAN2626100CE,0.09522345546013683
14-01-2026 15:15||NIFTY27JAN2626100CE,0.09876350037719978
14-01-2026 15:20||NIFTY27JAN2626100CE,0.09961395221296371
16-01-2026 09:15||NIFTY27JAN2626100CE,0.10512683586133227
16-01-2026 09:45||NIFTY27JAN2626100CE,0.09960810823791295
16-01-2026 10:10||NIFTY27JAN2626100CE,0.1009146607767425
16-01-2026 10:55||NIFTY27JAN2626100CE,0.09702032880163543
16-01-2026 11:00||NIFTY27JAN2626100CE,0.09805879853907863
16-01-2026 11:05||NIFTY27JAN2626100CE,0.1002652023813842
16-01-2026 11:40||NIFTY27JAN2626100CE,0.09642368648645819
16-01-2026 12:10||NIFTY27JAN2626100CE,0.10232819384262591
16-01-2026 13:15||NIFTY27JAN2626100CE,0.09838418782449576
16-01-2026 13:20||NIFTY27JAN2626100CE,0.09927238118426018
16-01-2026 13:35||NIFTY27JAN2626100CE,0.10335105166392117
16-01-2026 13:55||NIFTY27JAN2626100CE,0.09987680385765166
16-01-2026 14:05||NIFTY27JAN2626100CE,0.09832501699840407
16-01-2026 14:35||NIFTY27JAN2626100CE,0.09418721387482207
16-01-2026 15:15||NIFTY27JAN2626100CE,0.09904912671601457
16-01-2026 15:20||NIFTY27JAN2626100CE,0.09888471784221932
19-01-2026 09:20||NIFTY27JAN2626100CE,0.10802510265915061
19-01-2026 09:25||NIFTY27JAN2626100CE,0.11096534863712505
19-01-2026 10:05||NIFTY27JAN2626100CE,0.11693745778948214
19-01-2026 10:25||NIFTY27JAN2626100CE,0.1127928517888662
19-01-2026 11:05||NIFTY27JAN2626100CE,0.1103661632230673
19-01-2026 12:00||NIFTY27JAN2626100CE,0.1125592601694848
19-01-2026 12:05||NIFTY27JAN2626100CE,0.11412535295856682
19-01-2026 12:45||NIFTY27JAN2626100CE,0.1123980898268258
19-01-2026 13:30||NIFTY27JAN2626100CE,0.11311200861763485
19-01-2026 14:00||NIFTY27JAN2626100CE,0.10856112456374743
19-01-2026 14:10||NIFTY27JAN2626100CE,0.10277996883249929
19-01-2026 14:35||NIFTY27JAN2626100CE,0.10623874055293538
19-01-2026 14:55||NIFTY27JAN2626100CE,0.10184913700874848
19-01-2026 15:10||NIFTY27JAN2626100CE,0.10134432436468864
20-01-2026 09:30||NIFTY27JAN2626100CE,0.1157611504015563
20-01-2026 09:40||NIFTY27JAN2626100CE,0.119082920612541
20-01-2026 10:05||NIFTY27JAN2626100CE,0.11898889005683072
20-01-2026 11:25||NIFTY27JAN2626100CE,0.11856596151664185
20-01-2026 12:40||NIFTY27JAN2626100CE,0.11952545145413845
20-01-2026 13:20||NIFTY27JAN2626100CE,0.11719318832766189
20-01-2026 13:50||NIFTY27JAN2626100CE,0.12550849519258284
20-01-2026 14:00||NIFTY27JAN2626100CE,0.12542926000692398
20-01-2026 14:05||NIFTY27JAN2626100CE,0.12679677095285743
20-01-2026 14:10||NIFTY27JAN2626100CE,0.12756651671023062
20-01-2026 14:45||NIFTY27JAN2626100CE,0.1257249429669055
20-01-2026 15:00||NIFTY27JAN2626100CE,0.1308930017551477
20-01-2026 15:05||NIFTY27JAN2626100CE,0.13000959950987773
20-01-2026 15:10||NIFTY27JAN2626100CE,0.13713623739612157
21-01-2026 09:55||NIFTY27JAN2626100CE,0.1426946527478954
21-01-2026 10:10||NIFTY27JAN2626100CE,0.14935065571312234
21-01-2026 10:15||NIFTY27JAN2626100CE,0.14802532029944965
21-01-2026 11:10||NIFTY27JAN2626100CE,0.17041450563024388
21-01-2026 11:20||NIFTY27JAN2626100CE,0.1630487809524518
21-01-2026 11:35||NIFTY27JAN2626100CE,0.16396262468315945
21-01-2026 13:00||NIFTY27JAN2626100CE,0.13858089191047182
21-01-2026 13:50||NIFTY27JAN2626100CE,0.14496260808663464
21-01-2026 14:05||NIFTY27JAN2626100CE,0.14496256762854998
21-01-2026 14:15||NIFTY27JAN2626100CE,0.14844046004693714
21-01-2026 14:20||NIFTY27JAN2626100CE,0.14224763511936003
21-01-2026 14:35||NIFTY27JAN2626100CE,0.14806284510544887
21-01-2026 14:45||NIFTY27JAN2626100CE,0.14649331484128442
21-01-2026 14:55||NIFTY27JAN2626100CE,0.14461657085229546
22-01-2026 10:00||NIFTY27JAN2626100CE,0.12688838274142636
22-01-2026 10:05||NIFTY27JAN2626100CE,0.12937429778945447
22-01-2026 10:30||NIFTY27JAN2626100CE,0.14306151020089097
22-01-2026 11:10||NIFTY27JAN2626100CE,0.14847328389509135
22-01-2026 11:15||NIFTY27JAN2626100CE,0.14945463093648598
22-01-2026 12:00||NIFTY27JAN2626100CE,0.15921133205697785
22-01-2026 12:10||NIFTY27JAN2626100CE,0.1528750106864168
22-01-2026 12:15||NIFTY27JAN2626100CE,0.15302942413447201
22-01-2026 12:35||NIFTY27JAN2626100CE,0.14536332119161963
22-01-2026 12:45||NIFTY27JAN2626100CE,0.14580833454692435
22-01-2026 12:55||NIFTY27JAN2626100CE,0.15209052585269092
22-01-2026 13:20||NIFTY27JAN2626100CE,0.15308798833639542
22-01-2026 13:25||NIFTY27JAN2626100CE,0.15345372429254037
22-01-2026 13:35||NIFTY27JAN2626100CE,0.14835119320673282
22-01-2026 13:45||NIFTY27JAN2626100CE,0.15528811112140625
22-01-2026 14:20||NIFTY27JAN2626100CE,0.15418129368719513
22-01-2026 14:40||NIFTY27JAN2626100CE,0.13982353690156504
22-01-2026 14:45||NIFTY27JAN2626100CE,0.13796495830114508
22-01-2026 14:55||NIFTY27JAN2626100CE,0.134254336452361
22-01-2026 15:10||NIFTY27JAN2626100CE,0.12967924072738046
23-01-2026 09:15||NIFTY27JAN2626100CE,0.13912644222115772
23-01-2026 09:25||NIFTY27JAN2626100CE,0.131664901528556
23-01-2026 09:35||NIFTY27JAN2626100CE,0.13552569748516266
23-01-2026 09:45||NIFTY27JAN2626100CE,0.13961931796008675
23-01-2026 10:00||NIFTY27JAN2626100CE,0.13274409326189401
23-01-2026 10:20||NIFTY27JAN2626100CE,0.14077451712313213
23-01-2026 11:00||NIFTY27JAN2626100CE,0.1362249045417046
23-01-2026 11:45||NIFTY27JAN2626100CE,0.15139626037051632
23-01-2026 12:15||NIFTY27JAN2626100CE,0.15391101662408643
23-01-2026 12:20||NIFTY27JAN2626100CE,0.1525564664186388
23-01-2026 12:30||NIFTY27JAN2626100CE,0.15171556430506916
23-01-2026 12:35||NIFTY27JAN2626100CE,0.1522341409115064
23-01-2026 13:45||NIFTY27JAN2626100CE,0.1831320878967071
23-01-2026 15:10||NIFTY27JAN2626100CE,0.1846070148457584
27-01-2026 09:30||NIFTY27JAN2626100CE,0.7417218985231465
27-01-2026 10:00||NIFTY27JAN2626100CE,0.6173417270259256
27-01-2026 10:40||NIFTY27JAN2626100CE,0.6863989660956832
27-01-2026 11:20||NIFTY27JAN2626100CE,0.7655085206459948
27-01-2026 11:45||NIFTY27JAN2626100CE,0.6701636849931378
27-01-2026 12:00||NIFTY27JAN2626100CE,0.7242577604126665
27-01-2026 12:35||NIFTY27JAN2626100CE,0.8091127493899852
27-01-2026 14:05||NIFTY27JAN2626100CE,1.2555209293005138
27-01-2026 14:20||NIFTY27JAN2626100CE,1.3111783605307883
27-01-2026 15:25||NIFTY27JAN2626100CE,3.3915894429333484
07-01-2026 09:40||NIFTY27JAN2626200CE,0.08300334902843991
07-01-2026 10:15||NIFTY27JAN2626200CE,0.08670415511543245
07-01-2026 10:30||NIFTY27JAN2626200CE,0.09194910641213438
07-01-2026 11:05||NIFTY27JAN2626200CE,0.08844869005458399
07-01-2026 11:25||NIFTY27JAN2626200CE,0.09132570833325568
07-01-2026 14:00||NIFTY27JAN2626200CE,0.09309323766149999
07-01-2026 14:10||NIFTY27JAN2626200CE,0.0884806189978643
07-01-2026 14:15||NIFTY27JAN2626200CE,0.08902097058585634
07-01-2026 14:40||NIFTY27JAN2626200CE,0.09133250511412878
08-01-2026 09:25||NIFTY27JAN2626200CE,0.08382069228316781
08-01-2026 09:30||NIFTY27JAN2626200CE,0.08864224506577338
08-01-2026 09:35||NIFTY27JAN2626200CE,0.0941691202528771
08-01-2026 09:40||NIFTY27JAN2626200CE,0.08438603602407697
08-01-2026 09:55||NIFTY27JAN2626200CE,0.08669771290590891
08-01-2026 10:00||NIFTY27JAN2626200CE,0.08537576773848249
08-01-2026 11:00||NIFTY27JAN2626200CE,0.0903748647465661
08-01-2026 11:05||NIFTY27JAN2626200CE,0.09072672851614338
08-01-2026 11:15||NIFTY27JAN2626200CE,0.09076937939578791
08-01-2026 11:25||NIFTY27JAN2626200CE,0.09437080342403512
08-01-2026 12:35||NIFTY27JAN2626200CE,0.09807838874020712
08-01-2026 12:45||NIFTY27JAN2626200CE,0.0972895409797434
08-01-2026 13:05||NIFTY27JAN2626200CE,0.09542419556364093
08-01-2026 13:10||NIFTY27JAN2626200CE,0.09769586077421798
08-01-2026 13:20||NIFTY27JAN2626200CE,0.09657446413643353
08-01-2026 13:40||NIFTY27JAN2626200CE,0.0971283323306592
08-01-2026 14:00||NIFTY27JAN2626200CE,0.09097890512197933
08-01-2026 14:05||NIFTY27JAN2626200CE,0.09258218035462538
08-01-2026 14:30||NIFTY27JAN2626200CE,0.09788622426615876
08-01-2026 14:40||NIFTY27JAN2626200CE,0.09302151122274417
08-01-2026 14:50||NIFTY27JAN2626200CE,0.09032670606717416
08-01-2026 15:05||NIFTY27JAN2626200CE,0.09428012877893695
09-01-2026 09:35||NIFTY27JAN2626200CE,0.09380173548728572
09-01-2026 10:15||NIFTY27JAN2626200CE,0.09215592347282889
09-01-2026 10:25||NIFTY27JAN2626200CE,0.09667268555404822
09-01-2026 11:30||NIFTY27JAN2626200CE,0.08998086465563294
09-01-2026 11:45||NIFTY27JAN2626200CE,0.09339240157069253
09-01-2026 12:15||NIFTY27JAN2626200CE,0.0929784923111804
09-01-2026 12:50||NIFTY27JAN2626200CE,0.09805056856650723
09-01-2026 13:15||NIFTY27JAN2626200CE,0.09769948850472762
09-01-2026 13:25||NIFTY27JAN2626200CE,0.09727204091526938
09-01-2026 15:10||NIFTY27JAN2626200CE,0.09659089913318766
12-01-2026 09:25||NIFTY27JAN2626200CE,0.11298769947780814
12-01-2026 09:35||NIFTY27JAN2626200CE,0.11301152106623097
12-01-2026 09:55||NIFTY27JAN2626200CE,0.10828267715008599
12-01-2026 10:00||NIFTY27JAN2626200CE,0.11326747371382691
12-01-2026 10:15||NIFTY27JAN2626200CE,0.11237174145136714
12-01-2026 10:30||NIFTY27JAN2626200CE,0.10748290503306202
12-01-2026 10:45||NIFTY27JAN2626200CE,0.11018611207541117
12-01-2026 10:50||NIFTY27JAN2626200CE,0.10620298775588724
12-01-2026 10:55||NIFTY27JAN2626200CE,0.1079773460777988
12-01-2026 12:15||NIFTY27JAN2626200CE,0.11257557292703141
12-01-2026 12:40||NIFTY27JAN2626200CE,0.11691514662617383
12-01-2026 12:45||NIFTY27JAN2626200CE,0.10900616493783394
12-01-2026 12:55||NIFTY27JAN2626200CE,0.11140081182892865
12-01-2026 13:20||NIFTY27JAN2626200CE,0.11111335369834645
12-01-2026 13:40||NIFTY27JAN2626200CE,0.10841669108391352
12-01-2026 13:50||NIFTY27JAN2626200CE,0.1087784885173441
12-01-2026 14:05||NIFTY27JAN2626200CE,0.1086521491475363
12-01-2026 14:20||NIFTY27JAN2626200CE,0.11112391034490887
12-01-2026 14:30||NIFTY27JAN2626200CE,0.10445612476288618
12-01-2026 14:45||NIFTY27JAN2626200CE,0.10577921372505343
12-01-2026 14:55||NIFTY27JAN2626200CE,0.10730214848900047
12-01-2026 15:05||NIFTY27JAN2626200CE,0.1047633627424844
12-01-2026 15:10||NIFTY27JAN2626200CE,0.103830575963767
12-01-2026 15:20||NIFTY27JAN2626200CE,0.10505975660347917
13-01-2026 09:30||NIFTY27JAN2626200CE,0.10110198312023529
13-01-2026 11:25||NIFTY27JAN2626200CE,0.10205817020894226
13-01-2026 11:45||NIFTY27JAN2626200CE,0.10177354073368865
13-01-2026 11:50||NIFTY27JAN2626200CE,0.09779193700722394
13-01-2026 12:45||NIFTY27JAN2626200CE,0.10173202763154793
13-01-2026 12:55||NIFTY27JAN2626200CE,0.10449992532681046
13-01-2026 13:15||NIFTY27JAN2626200CE,0.1069234367304032
13-01-2026 14:15||NIFTY27JAN2626200CE,0.10413897681462195
13-01-2026 14:25||NIFTY27JAN2626200CE,0.1039441464802375
13-01-2026 15:00||NIFTY27JAN2626200CE,0.0923168016839052
13-01-2026 15:10||NIFTY27JAN2626200CE,0.09538016466689622
13-01-2026 15:20||NIFTY27JAN2626200CE,0.09699572920067465
14-01-2026 09:30||NIFTY27JAN2626200CE,0.09789651034527566
14-01-2026 10:05||NIFTY27JAN2626200CE,0.09912310332990507
14-01-2026 10:25||NIFTY27JAN2626200CE,0.09964002030577997
14-01-2026 10:55||NIFTY27JAN2626200CE,0.10075276270638822
14-01-2026 11:25||NIFTY27JAN2626200CE,0.10200993607694797
14-01-2026 13:00||NIFTY27JAN2626200CE,0.09277606857872692
14-01-2026 13:05||NIFTY27JAN2626200CE,0.09436669399097435
14-01-2026 13:15||NIFTY27JAN2626200CE,0.09317355748299534
14-01-2026 13:45||NIFTY27JAN2626200CE,0.0977250412485228
14-01-2026 13:55||NIFTY27JAN2626200CE,0.09808929580102634
14-01-2026 14:45||NIFTY27JAN2626200CE,0.09682789512519523
14-01-2026 15:10||NIFTY27JAN2626200CE,0.09802177467207183
16-01-2026 09:50||NIFTY27JAN2626200CE,0.09622239566818269
16-01-2026 10:40||NIFTY27JAN2626200CE,0.09423645365802305
16-01-2026 11:15||NIFTY27JAN2626200CE,0.09558219020442384
16-01-2026 11:20||NIFTY27JAN2626200CE,0.09624461752925878
16-01-2026 11:35||NIFTY27JAN2626200CE,0.0962427013594552
16-01-2026 11:55||NIFTY27JAN2626200CE,0.0948173508284689
16-01-2026 12:00||NIFTY27JAN2626200CE,0.10146253426048493
16-01-2026 12:35||NIFTY27JAN2626200CE,0.09775846449753817
16-01-2026 12:50||NIFTY27JAN2626200CE,0.10189914360745378
16-01-2026 13:15||NIFTY27JAN2626200CE,0.09905346918542761
16-01-2026 13:40||NIFTY27JAN2626200CE,0.10023554134279382
16-01-2026 14:35||NIFTY27JAN2626200CE,0.09550649647708664
16-01-2026 15:05||NIFTY27JAN2626200CE,0.09807489196678558
19-01-2026 09:25||NIFTY27JAN2626200CE,0.11483681725532204
19-01-2026 09:35||NIFTY27JAN2626200CE,0.11360763399166365
19-01-2026 09:40||NIFTY27JAN2626200CE,0.11809680422813137
19-01-2026 09:45||NIFTY27JAN2626200CE,0.11626436934617158
19-01-2026 09:50||NIFTY27JAN2626200CE,0.1139629711420665
19-01-2026 10:05||NIFTY27JAN2626200CE,0.12095603910405135
19-01-2026 10:15||NIFTY27JAN2626200CE,0.11950676772364964
19-01-2026 10:30||NIFTY27JAN2626200CE,0.11906952919632299
19-01-2026 10:45||NIFTY27JAN2626200CE,0.11824479895394807
19-01-2026 10:50||NIFTY27JAN2626200CE,0.12004741158001266
19-01-2026 11:20||NIFTY27JAN2626200CE,0.12036598661864421
19-01-2026 11:35||NIFTY27JAN2626200CE,0.11874787782454128
19-01-2026 11:55||NIFTY27JAN2626200CE,0.11551425828693831
19-01-2026 12:05||NIFTY27JAN2626200CE,0.11883910858729688
19-01-2026 12:20||NIFTY27JAN2626200CE,0.11578391758812386
19-01-2026 13:00||NIFTY27JAN2626200CE,0.11521061060108291
19-01-2026 13:10||NIFTY27JAN2626200CE,0.1141778284540413
19-01-2026 13:25||NIFTY27JAN2626200CE,0.11672583971891898
19-01-2026 13:35||NIFTY27JAN2626200CE,0.11433107592380315
19-01-2026 13:50||NIFTY27JAN2626200CE,0.11327820221697818
19-01-2026 13:55||NIFTY27JAN2626200CE,0.11008805703160665
19-01-2026 15:15||NIFTY27JAN2626200CE,0.10319579024843209
20-01-2026 09:15||NIFTY27JAN2626200CE,0.11286122111863157
20-01-2026 09:35||NIFTY27JAN2626200CE,0.12167549419207752
20-01-2026 09:40||NIFTY27JAN2626200CE,0.12431263889300855
20-01-2026 09:45||NIFTY27JAN2626200CE,0.1245963078788588
20-01-2026 10:00||NIFTY27JAN2626200CE,0.12471315358431606
20-01-2026 10:05||NIFTY27JAN2626200CE,0.12416874579440228
20-01-2026 10:25||NIFTY27JAN2626200CE,0.1186148263489934
20-01-2026 10:45||NIFTY27JAN2626200CE,0.11940317723641392
20-01-2026 10:50||NIFTY27JAN2626200CE,0.11884360736968336
20-01-2026 11:20||NIFTY27JAN2626200CE,0.1224939033606425
20-01-2026 12:35||NIFTY27JAN2626200CE,0.12623597075135254
20-01-2026 12:50||NIFTY27JAN2626200CE,0.12449654443228912
20-01-2026 13:15||NIFTY27JAN2626200CE,0.12669558979293077
20-01-2026 13:20||NIFTY27JAN2626200CE,0.12303712043189295
20-01-2026 14:10||NIFTY27JAN2626200CE,0.13418301650591583
20-01-2026 15:00||NIFTY27JAN2626200CE,0.13806354004344315
20-01-2026 15:05||NIFTY27JAN2626200CE,0.13709162625747273
20-01-2026 15:15||NIFTY27JAN2626200CE,0.14591094466954938
20-01-2026 15:25||NIFTY27JAN2626200CE,0.1510658650622009
21-01-2026 09:15||NIFTY27JAN2626200CE,0.15871214436083028
21-01-2026 09:35||NIFTY27JAN2626200CE,0.1466731482102758
21-01-2026 09:55||NIFTY27JAN2626200CE,0.15119096526092793
21-01-2026 10:25||NIFTY27JAN2626200CE,0.1615747723025269
21-01-2026 10:55||NIFTY27JAN2626200CE,0.18462794431274934
21-01-2026 12:05||NIFTY27JAN2626200CE,0.1610216385693527
21-01-2026 12:45||NIFTY27JAN2626200CE,0.1472599534864085
21-01-2026 13:10||NIFTY27JAN2626200CE,0.14920733924423615
21-01-2026 13:20||NIFTY27JAN2626200CE,0.14680339603838458
21-01-2026 13:30||NIFTY27JAN2626200CE,0.14728397034934643
21-01-2026 13:40||NIFTY27JAN2626200CE,0.15117871776001457
21-01-2026 14:40||NIFTY27JAN2626200CE,0.15270879004856097
21-01-2026 15:05||NIFTY27JAN2626200CE,0.14909177582128086
21-01-2026 15:15||NIFTY27JAN2626200CE,0.15179982697710884
21-01-2026 15:25||NIFTY27JAN2626200CE,0.1495483107649109
22-01-2026 09:25||NIFTY27JAN2626200CE,0.14354106823460502
22-01-2026 09:40||NIFTY27JAN2626200CE,0.14475247013531675
22-01-2026 10:10||NIFTY27JAN2626200CE,0.1421525174733604
22-01-2026 11:05||NIFTY27JAN2626200CE,0.15779914664663056
22-01-2026 11:15||NIFTY27JAN2626200CE,0.15760041534652913
22-01-2026 11:50||NIFTY27JAN2626200CE,0.15986553114914448
22-01-2026 12:40||NIFTY27JAN2626200CE,0.15722548845401443
22-01-2026 12:45||NIFTY27JAN2626200CE,0.15404729312559223
22-01-2026 12:50||NIFTY27JAN2626200CE,0.15436041507864035
22-01-2026 14:05||NIFTY27JAN2626200CE,0.15823118867174052
22-01-2026 14:20||NIFTY27JAN2626200CE,0.16347906111748306
22-01-2026 14:50||NIFTY27JAN2626200CE,0.14370236420421176
22-01-2026 15:15||NIFTY27JAN2626200CE,0.13861652984416342
23-01-2026 09:15||NIFTY27JAN2626200CE,0.149190722760367
23-01-2026 09:20||NIFTY27JAN2626200CE,0.15208666630878576
23-01-2026 09:25||NIFTY27JAN2626200CE,0.14152630351692186
23-01-2026 10:05||NIFTY27JAN2626200CE,0.14636483036527376
23-01-2026 10:45||NIFTY27JAN2626200CE,0.14485099491476977
23-01-2026 10:50||NIFTY27JAN2626200CE,0.14595628205415798
23-01-2026 10:55||NIFTY27JAN2626200CE,0.14716343825147132
23-01-2026 11:05||NIFTY27JAN2626200CE,0.15028361919594435
23-01-2026 11:30||NIFTY27JAN2626200CE,0.14838061394623203
23-01-2026 11:55||NIFTY27JAN2626200CE,0.16369255982404746
23-01-2026 12:10||NIFTY27JAN2626200CE,0.1672978399408399
23-01-2026 12:30||NIFTY27JAN2626200CE,0.16370490179788136
23-01-2026 13:20||NIFTY27JAN2626200CE,0.17734844937922611
23-01-2026 13:35||NIFTY27JAN2626200CE,0.18992284128016773
23-01-2026 14:25||NIFTY27JAN2626200CE,0.1883999684526278
23-01-2026 14:45||NIFTY27JAN2626200CE,0.18655828329406107
23-01-2026 14:55||NIFTY27JAN2626200CE,0.18354518328011887
23-01-2026 15:05||NIFTY27JAN2626200CE,0.19436846428703244
23-01-2026 15:10||NIFTY27JAN2626200CE,0.1961311640646864
23-01-2026 15:20||NIFTY27JAN2626200CE,0.19727003988419906
27-01-2026 09:15||NIFTY27JAN2626200CE,0.6689061614486438
27-01-2026 09:35||NIFTY27JAN2626200CE,0.7293662593203984
27-01-2026 09:45||NIFTY27JAN2626200CE,0.6496627976193041
27-01-2026 09:55||NIFTY27JAN2626200CE,0.6698846790221687
27-01-2026 10:30||NIFTY27JAN2626200CE,0.703243303010464
27-01-2026 10:40||NIFTY27JAN2626200CE,0.7400751355202204
27-01-2026 10:45||NIFTY27JAN2626200CE,0.788134940196539
27-01-2026 11:30||NIFTY27JAN2626200CE,0.8023955838362401
27-01-2026 12:15||NIFTY27JAN2626200CE,0.8152562148066156
27-01-2026 12:45||NIFTY27JAN2626200CE,0.89830595010739
27-01-2026 12:50||NIFTY27JAN2626200CE,0.9359522649777886
27-01-2026 12:55||NIFTY27JAN2626200CE,0.9289972081192641
27-01-2026 13:35||NIFTY27JAN2626200CE,1.0691975824742963
27-01-2026 13:50||NIFTY27JAN2626200CE,1.1897864531050446
27-01-2026 14:05||NIFTY27JAN2626200CE,1.3423150531123904
27-01-2026 14:10||NIFTY27JAN2626200CE,1.3346256608917897
27-01-2026 14:35||NIFTY27JAN2626200CE,1.600881945391871
27-01-2026 14:40||NIFTY27JAN2626200CE,1.5166287389981856
07-01-2026 10:05||NIFTY27JAN2626300CE,0.09245878777687305
07-01-2026 10:30||NIFTY27JAN2626300CE,0.09025370803210138
07-01-2026 10:35||NIFTY27JAN2626300CE,0.09170012630605953
07-01-2026 10:40||NIFTY27JAN2626300CE,0.08923793391795007
07-01-2026 11:10||NIFTY27JAN2626300CE,0.08630272837056106
07-01-2026 11:15||NIFTY27JAN2626300CE,0.09230095378382216
07-01-2026 11:35||NIFTY27JAN2626300CE,0.0871947394422176
07-01-2026 11:55||NIFTY27JAN2626300CE,0.08978118264040784
07-01-2026 12:05||NIFTY27JAN2626300CE,0.09175287072511294
07-01-2026 12:25||NIFTY27JAN2626300CE,0.09051825434072672
07-01-2026 12:30||NIFTY27JAN2626300CE,0.0916067708551803
07-01-2026 12:35||NIFTY27JAN2626300CE,0.09145014053831947
07-01-2026 12:50||NIFTY27JAN2626300CE,0.09059821880399306
07-01-2026 13:20||NIFTY27JAN2626300CE,0.087449934148518
07-01-2026 13:25||NIFTY27JAN2626300CE,0.08915994307658226
07-01-2026 14:05||NIFTY27JAN2626300CE,0.08855288415164374
07-01-2026 14:20||NIFTY27JAN2626300CE,0.0876419615578657
07-01-2026 14:25||NIFTY27JAN2626300CE,0.0890474051946731
07-01-2026 14:30||NIFTY27JAN2626300CE,0.08546310473218005
07-01-2026 14:55||NIFTY27JAN2626300CE,0.08826288075300014
07-01-2026 15:20||NIFTY27JAN2626300CE,0.08606942112161739
08-01-2026 09:15||NIFTY27JAN2626300CE,0.08710629565811401
08-01-2026 09:30||NIFTY27JAN2626300CE,0.08749492072049021
08-01-2026 10:35||NIFTY27JAN2626300CE,0.08673056083357579
08-01-2026 10:40||NIFTY27JAN2626300CE,0.08820777970962598
08-01-2026 11:05||NIFTY27JAN2626300CE,0.0894496891224959
08-01-2026 12:00||NIFTY27JAN2626300CE,0.0921274309519901
08-01-2026 12:20||NIFTY27JAN2626300CE,0.09540328312313226
08-01-2026 12:45||NIFTY27JAN2626300CE,0.09605823644683235
08-01-2026 12:50||NIFTY27JAN2626300CE,0.09679770474142059
08-01-2026 13:05||NIFTY27JAN2626300CE,0.09426408433312662
08-01-2026 13:15||NIFTY27JAN2626300CE,0.09467465621599164
08-01-2026 13:40||NIFTY27JAN2626300CE,0.09583079051781751
08-01-2026 14:00||NIFTY27JAN2626300CE,0.09004719790181155
08-01-2026 14:05||NIFTY27JAN2626300CE,0.09154894629302782
08-01-2026 14:40||NIFTY27JAN2626300CE,0.09153003597445361
08-01-2026 14:55||NIFTY27JAN2626300CE,0.0911758190019615
08-01-2026 15:00||NIFTY27JAN2626300CE,0.08935619407029652
08-01-2026 15:10||NIFTY27JAN2626300CE,0.09217179120495664
09-01-2026 09:15||NIFTY27JAN2626300CE,0.09415264781730327
09-01-2026 10:10||NIFTY27JAN2626300CE,0.09130148212696029
09-01-2026 10:15||NIFTY27JAN2626300CE,0.09120370081877854
09-01-2026 10:35||NIFTY27JAN2626300CE,0.09156019758189392
09-01-2026 10:45||NIFTY27JAN2626300CE,0.0908521383027874
09-01-2026 10:55||NIFTY27JAN2626300CE,0.09134597349836146
09-01-2026 11:55||NIFTY27JAN2626300CE,0.09387301751701975
09-01-2026 12:00||NIFTY27JAN2626300CE,0.09506137890007596
09-01-2026 12:10||NIFTY27JAN2626300CE,0.09332756886583012
09-01-2026 12:15||NIFTY27JAN2626300CE,0.09134940657837395
09-01-2026 14:10||NIFTY27JAN2626300CE,0.09649310391905182
09-01-2026 14:30||NIFTY27JAN2626300CE,0.09902103870968143
09-01-2026 14:50||NIFTY27JAN2626300CE,0.097613910463493
12-01-2026 10:10||NIFTY27JAN2626300CE,0.11222670781160599
12-01-2026 10:45||NIFTY27JAN2626300CE,0.11186506146846621
12-01-2026 11:00||NIFTY27JAN2626300CE,0.11104942426357577
12-01-2026 12:25||NIFTY27JAN2626300CE,0.11120671515216839
12-01-2026 12:35||NIFTY27JAN2626300CE,0.11099673316045447
12-01-2026 13:00||NIFTY27JAN2626300CE,0.11269838752529278
12-01-2026 13:15||NIFTY27JAN2626300CE,0.10782572291560871
12-01-2026 14:00||NIFTY27JAN2626300CE,0.10761165844932771
12-01-2026 14:25||NIFTY27JAN2626300CE,0.10652290587897863
12-01-2026 14:50||NIFTY27JAN2626300CE,0.10697052701342126
12-01-2026 15:10||NIFTY27JAN2626300CE,0.10401953131054892
12-01-2026 15:20||NIFTY27JAN2626300CE,0.10495777111666665
13-01-2026 09:50||NIFTY27JAN2626300CE,0.10580507673081353
13-01-2026 10:00||NIFTY27JAN2626300CE,0.11179509868693184
13-01-2026 10:40||NIFTY27JAN2626300CE,0.10374340979597395
13-01-2026 11:35||NIFTY27JAN2626300CE,0.09985814818488353
13-01-2026 11:45||NIFTY27JAN2626300CE,0.10235117163638072
13-01-2026 11:50||NIFTY27JAN2626300CE,0.0988277372203045
13-01-2026 13:15||NIFTY27JAN2626300CE,0.10861395799389015
13-01-2026 14:05||NIFTY27JAN2626300CE,0.10616807323702608
13-01-2026 14:35||NIFTY27JAN2626300CE,0.10727088817723185
13-01-2026 15:15||NIFTY27JAN2626300CE,0.09624743950058265
14-01-2026 10:05||NIFTY27JAN2626300CE,0.10091055325986162
14-01-2026 10:35||NIFTY27JAN2626300CE,0.10014906682665092
14-01-2026 10:40||NIFTY27JAN2626300CE,0.1000898613944155
14-01-2026 10:55||NIFTY27JAN2626300CE,0.10045981121413974
14-01-2026 11:00||NIFTY27JAN2626300CE,0.10152848493100117
14-01-2026 11:05||NIFTY27JAN2626300CE,0.09880915306259298
14-01-2026 12:10||NIFTY27JAN2626300CE,0.09500838853220221
14-01-2026 12:30||NIFTY27JAN2626300CE,0.09614916355187109
14-01-2026 12:50||NIFTY27JAN2626300CE,0.09530427439567342
14-01-2026 13:00||NIFTY27JAN2626300CE,0.09466368057728028
14-01-2026 13:05||NIFTY27JAN2626300CE,0.0958758268427403
14-01-2026 13:45||NIFTY27JAN2626300CE,0.1002092050337013
14-01-2026 13:50||NIFTY27JAN2626300CE,0.0979149863496747
14-01-2026 14:45||NIFTY27JAN2626300CE,0.09929136790720317
14-01-2026 14:50||NIFTY27JAN2626300CE,0.09917673909222112
14-01-2026 15:05||NIFTY27JAN2626300CE,0.09810667505814084
14-01-2026 15:20||NIFTY27JAN2626300CE,0.10329730282021966
16-01-2026 09:25||NIFTY27JAN2626300CE,0.10074387597326892
16-01-2026 09:35||NIFTY27JAN2626300CE,0.09848290366236558
16-01-2026 10:35||NIFTY27JAN2626300CE,0.09971404205618546
16-01-2026 10:50||NIFTY27JAN2626300CE,0.09792312044080653
16-01-2026 11:25||NIFTY27JAN2626300CE,0.09837347125160388
16-01-2026 12:45||NIFTY27JAN2626300CE,0.10007048115438807
16-01-2026 14:20||NIFTY27JAN2626300CE,0.10333457957705557
16-01-2026 14:30||NIFTY27JAN2626300CE,0.10323337171536334
16-01-2026 14:35||NIFTY27JAN2626300CE,0.09869648018116514
16-01-2026 14:45||NIFTY27JAN2626300CE,0.09978344526002621
16-01-2026 15:15||NIFTY27JAN2626300CE,0.10206504810971359
19-01-2026 09:15||NIFTY27JAN2626300CE,0.12639116478223947
19-01-2026 09:40||NIFTY27JAN2626300CE,0.12259122576917829
19-01-2026 10:20||NIFTY27JAN2626300CE,0.12205594263875015
19-01-2026 10:35||NIFTY27JAN2626300CE,0.12459124277378368
19-01-2026 11:00||NIFTY27JAN2626300CE,0.12285840340573638
19-01-2026 11:20||NIFTY27JAN2626300CE,0.12520277954017214
19-01-2026 11:35||NIFTY27JAN2626300CE,0.12175405971252734
19-01-2026 11:50||NIFTY27JAN2626300CE,0.12152452791393592
19-01-2026 13:10||NIFTY27JAN2626300CE,0.1196608311751643
19-01-2026 13:30||NIFTY27JAN2626300CE,0.12249399363482108
19-01-2026 14:35||NIFTY27JAN2626300CE,0.11400367879440072
19-01-2026 15:00||NIFTY27JAN2626300CE,0.10617428271655203
19-01-2026 15:25||NIFTY27JAN2626300CE,0.11237365940208477
20-01-2026 09:15||NIFTY27JAN2626300CE,0.1185610658678708
20-01-2026 09:20||NIFTY27JAN2626300CE,0.11855869283053275
20-01-2026 09:30||NIFTY27JAN2626300CE,0.1275032622130312
20-01-2026 09:45||NIFTY27JAN2626300CE,0.13139639024833263
20-01-2026 10:15||NIFTY27JAN2626300CE,0.13053322649132687
20-01-2026 11:05||NIFTY27JAN2626300CE,0.12849332710784167
20-01-2026 11:35||NIFTY27JAN2626300CE,0.1283922775706448
20-01-2026 11:50||NIFTY27JAN2626300CE,0.1271453982117787
20-01-2026 12:35||NIFTY27JAN2626300CE,0.13362738879945812
20-01-2026 14:10||NIFTY27JAN2626300CE,0.14179596584291523
20-01-2026 14:15||NIFTY27JAN2626300CE,0.14028882854314395
20-01-2026 14:35||NIFTY27JAN2626300CE,0.13573978590805746
21-01-2026 09:40||NIFTY27JAN2626300CE,0.16000620777089403
21-01-2026 09:45||NIFTY27JAN2626300CE,0.15973159185994062
21-01-2026 10:30||NIFTY27JAN2626300CE,0.17100025402034036
21-01-2026 10:40||NIFTY27JAN2626300CE,0.17453283408544445
21-01-2026 11:35||NIFTY27JAN2626300CE,0.17922596344911304
21-01-2026 12:20||NIFTY27JAN2626300CE,0.16311876400030434
21-01-2026 13:05||NIFTY27JAN2626300CE,0.149457680301052
21-01-2026 13:25||NIFTY27JAN2626300CE,0.15726190063727127
21-01-2026 13:30||NIFTY27JAN2626300CE,0.15477838001674332
21-01-2026 13:35||NIFTY27JAN2626300CE,0.16004330712152362
21-01-2026 14:30||NIFTY27JAN2626300CE,0.16356642525646842
21-01-2026 14:50||NIFTY27JAN2626300CE,0.1591636300981546
22-01-2026 09:20||NIFTY27JAN2626300CE,0.1499686529705867
22-01-2026 09:30||NIFTY27JAN2626300CE,0.15089041249656254
22-01-2026 09:50||NIFTY27JAN2626300CE,0.1474667825737096
22-01-2026 10:10||NIFTY27JAN2626300CE,0.14949861901944897
22-01-2026 10:25||NIFTY27JAN2626300CE,0.14847195567772997
22-01-2026 10:50||NIFTY27JAN2626300CE,0.160460806151087
22-01-2026 11:00||NIFTY27JAN2626300CE,0.16416029352722403
22-01-2026 11:40||NIFTY27JAN2626300CE,0.16672762188823442
22-01-2026 11:50||NIFTY27JAN2626300CE,0.1680864944067979
22-01-2026 12:05||NIFTY27JAN2626300CE,0.16989323722388394
22-01-2026 12:35||NIFTY27JAN2626300CE,0.16261565964459693
22-01-2026 12:45||NIFTY27JAN2626300CE,0.1627780438598734
22-01-2026 12:50||NIFTY27JAN2626300CE,0.16341336960691452
22-01-2026 13:25||NIFTY27JAN2626300CE,0.17212289293982344
22-01-2026 13:40||NIFTY27JAN2626300CE,0.1716644126438968
22-01-2026 13:45||NIFTY27JAN2626300CE,0.17279348595058175
22-01-2026 13:50||NIFTY27JAN2626300CE,0.17070581158276288
22-01-2026 15:15||NIFTY27JAN2626300CE,0.14754675390911604
23-01-2026 09:15||NIFTY27JAN2626300CE,0.16118160665001385
23-01-2026 09:30||NIFTY27JAN2626300CE,0.15495417521342422
23-01-2026 09:55||NIFTY27JAN2626300CE,0.16075505603710868
23-01-2026 10:00||NIFTY27JAN2626300CE,0.1564891706744785
23-01-2026 10:50||NIFTY27JAN2626300CE,0.158260544737064
23-01-2026 11:10||NIFTY27JAN2626300CE,0.16098759845520477
23-01-2026 11:15||NIFTY27JAN2626300CE,0.16196949963528295
23-01-2026 11:20||NIFTY27JAN2626300CE,0.16327967978626856
23-01-2026 11:40||NIFTY27JAN2626300CE,0.17537809334494356
23-01-2026 12:15||NIFTY27JAN2626300CE,0.17770424013374628
23-01-2026 13:40||NIFTY27JAN2626300CE,0.2016903178547101
23-01-2026 13:45||NIFTY27JAN2626300CE,0.20622668162576263
23-01-2026 14:05||NIFTY27JAN2626300CE,0.20133309883439376
23-01-2026 14:25||NIFTY27JAN2626300CE,0.19968585759683488
23-01-2026 14:35||NIFTY27JAN2626300CE,0.19442700637758492
23-01-2026 15:10||NIFTY27JAN2626300CE,0.20714644679495992
27-01-2026 09:45||NIFTY27JAN2626300CE,0.7000113538811679
27-01-2026 09:50||NIFTY27JAN2626300CE,0.703319623040622
27-01-2026 10:25||NIFTY27JAN2626300CE,0.7185561648054245
27-01-2026 11:00||NIFTY27JAN2626300CE,0.8910604817145409
27-01-2026 11:40||NIFTY27JAN2626300CE,0.8289699153154273
27-01-2026 12:40||NIFTY27JAN2626300CE,0.9440690894012095
27-01-2026 13:15||NIFTY27JAN2626300CE,1.0523161269103605
27-01-2026 13:30||NIFTY27JAN2626300CE,1.105784065502969
27-01-2026 13:35||NIFTY27JAN2626300CE,1.144286667356809
27-01-2026 13:40||NIFTY27JAN2626300CE,1.2075262461829235
27-01-2026 13:45||NIFTY27JAN2626300CE,1.2207888483095832
27-01-2026 15:05||NIFTY27JAN2626300CE,2.0347643621904803
27-01-2026 15:20||NIFTY27JAN2626300CE,3.1046144329730634
27-01-2026 15:25||NIFTY27JAN2626300CE,4.088393208760742
07-01-2026 09:30||NIFTY27JAN2626400CE,0.08924202535097282
07-01-2026 09:45||NIFTY27JAN2626400CE,0.08912010000600191
07-01-2026 09:50||NIFTY27JAN2626400CE,0.08816813441891555
07-01-2026 10:45||NIFTY27JAN2626400CE,0.08708827446111013
07-01-2026 11:45||NIFTY27JAN2626400CE,0.08877749848631798
07-01-2026 11:50||NIFTY27JAN2626400CE,0.08582113968592875
07-01-2026 12:00||NIFTY27JAN2626400CE,0.0875446264331007
07-01-2026 12:05||NIFTY27JAN2626400CE,0.08955825458100254
07-01-2026 12:45||NIFTY27JAN2626400CE,0.0877326686005715
07-01-2026 13:10||NIFTY27JAN2626400CE,0.08669505879161797
07-01-2026 13:15||NIFTY27JAN2626400CE,0.08781876088940457
07-01-2026 13:25||NIFTY27JAN2626400CE,0.08733180292981996
07-01-2026 13:55||NIFTY27JAN2626400CE,0.08938284560023968
07-01-2026 14:10||NIFTY27JAN2626400CE,0.08576321188890018
07-01-2026 14:35||NIFTY27JAN2626400CE,0.08799470561790579
07-01-2026 14:50||NIFTY27JAN2626400CE,0.0891329030563369
07-01-2026 15:00||NIFTY27JAN2626400CE,0.08570002384788529
07-01-2026 15:05||NIFTY27JAN2626400CE,0.08509243876626787
07-01-2026 15:25||NIFTY27JAN2626400CE,0.08391364238743906
08-01-2026 09:20||NIFTY27JAN2626400CE,0.08146857249622
08-01-2026 09:25||NIFTY27JAN2626400CE,0.08295121899713241
08-01-2026 09:40||NIFTY27JAN2626400CE,0.0834607110604056
08-01-2026 09:50||NIFTY27JAN2626400CE,0.08887628510486603
08-01-2026 10:10||NIFTY27JAN2626400CE,0.08631667412794045
08-01-2026 10:20||NIFTY27JAN2626400CE,0.08650484051289466
08-01-2026 10:30||NIFTY27JAN2626400CE,0.08715540515955007
08-01-2026 10:40||NIFTY27JAN2626400CE,0.08719385831550368
08-01-2026 10:45||NIFTY27JAN2626400CE,0.0860392083451778
08-01-2026 11:15||NIFTY27JAN2626400CE,0.08830942070286614
08-01-2026 11:20||NIFTY27JAN2626400CE,0.08790933172674416
08-01-2026 12:05||NIFTY27JAN2626400CE,0.09788343265784794
08-01-2026 12:50||NIFTY27JAN2626400CE,0.0958109031577722
08-01-2026 14:15||NIFTY27JAN2626400CE,0.09214612458462794
08-01-2026 14:20||NIFTY27JAN2626400CE,0.08982731574568412
08-01-2026 14:30||NIFTY27JAN2626400CE,0.09389047435531044
08-01-2026 15:00||NIFTY27JAN2626400CE,0.08830898723969638
08-01-2026 15:20||NIFTY27JAN2626400CE,0.08929586677347744
09-01-2026 09:30||NIFTY27JAN2626400CE,0.09053847652382656
09-01-2026 09:50||NIFTY27JAN2626400CE,0.0947004537152881
09-01-2026 10:10||NIFTY27JAN2626400CE,0.0904308357899219
09-01-2026 10:40||NIFTY27JAN2626400CE,0.09085643611293431
09-01-2026 10:50||NIFTY27JAN2626400CE,0.08791072572654293
09-01-2026 11:15||NIFTY27JAN2626400CE,0.09165657980646069
09-01-2026 12:15||NIFTY27JAN2626400CE,0.08950887125410244
09-01-2026 12:30||NIFTY27JAN2626400CE,0.09462647892922896
09-01-2026 12:35||NIFTY27JAN2626400CE,0.09578499519314256
09-01-2026 12:45||NIFTY27JAN2626400CE,0.09804145987051621
09-01-2026 13:00||NIFTY27JAN2626400CE,0.09800348011921545
09-01-2026 13:05||NIFTY27JAN2626400CE,0.09867357152455435
09-01-2026 13:10||NIFTY27JAN2626400CE,0.09863952170136792
09-01-2026 13:30||NIFTY27JAN2626400CE,0.09673079847537532
09-01-2026 13:55||NIFTY27JAN2626400CE,0.10059394381929987
09-01-2026 14:10||NIFTY27JAN2626400CE,0.09694762991205673
09-01-2026 14:40||NIFTY27JAN2626400CE,0.0999742722552412
12-01-2026 09:45||NIFTY27JAN2626400CE,0.11777978533658204
12-01-2026 09:55||NIFTY27JAN2626400CE,0.11274489644286975
12-01-2026 10:10||NIFTY27JAN2626400CE,0.11454171566338334
12-01-2026 10:15||NIFTY27JAN2626400CE,0.11484589514755328
12-01-2026 10:35||NIFTY27JAN2626400CE,0.11342411214872813
12-01-2026 10:40||NIFTY27JAN2626400CE,0.11264946261433623
12-01-2026 10:55||NIFTY27JAN2626400CE,0.11287333491659009
12-01-2026 11:20||NIFTY27JAN2626400CE,0.11596913969723853
12-01-2026 12:20||NIFTY27JAN2626400CE,0.11693530126461776
12-01-2026 12:45||NIFTY27JAN2626400CE,0.11143474076656508
12-01-2026 13:05||NIFTY27JAN2626400CE,0.1149150665066935
12-01-2026 13:10||NIFTY27JAN2626400CE,0.11245438561204278
12-01-2026 13:15||NIFTY27JAN2626400CE,0.1092067642247108
12-01-2026 13:25||NIFTY27JAN2626400CE,0.1090396445913526
12-01-2026 13:55||NIFTY27JAN2626400CE,0.10887137685227125
12-01-2026 14:00||NIFTY27JAN2626400CE,0.10888986241420046
12-01-2026 14:05||NIFTY27JAN2626400CE,0.10889295351326772
12-01-2026 14:10||NIFTY27JAN2626400CE,0.10725305337486932
12-01-2026 14:35||NIFTY27JAN2626400CE,0.11134973781507096
12-01-2026 14:40||NIFTY27JAN2626400CE,0.10884415716508418
12-01-2026 14:50||NIFTY27JAN2626400CE,0.10758358847316019
12-01-2026 15:10||NIFTY27JAN2626400CE,0.10458525625280339
13-01-2026 10:05||NIFTY27JAN2626400CE,0.10956960230780237
13-01-2026 10:30||NIFTY27JAN2626400CE,0.1027504586485844
13-01-2026 10:55||NIFTY27JAN2626400CE,0.1061597059238159
13-01-2026 11:00||NIFTY27JAN2626400CE,0.1032869429088682
13-01-2026 11:10||NIFTY27JAN2626400CE,0.10326291725940603
13-01-2026 11:25||NIFTY27JAN2626400CE,0.10336919780692318
13-01-2026 11:45||NIFTY27JAN2626400CE,0.10334170851828943
13-01-2026 12:30||NIFTY27JAN2626400CE,0.10443040898863466
13-01-2026 12:35||NIFTY27JAN2626400CE,0.10582045982453923
13-01-2026 12:55||NIFTY27JAN2626400CE,0.10743997711219506
13-01-2026 13:00||NIFTY27JAN2626400CE,0.1090780292663062
13-01-2026 13:10||NIFTY27JAN2626400CE,0.10737703312187284
13-01-2026 13:25||NIFTY27JAN2626400CE,0.1085850654614018
13-01-2026 14:55||NIFTY27JAN2626400CE,0.10326622342541433
14-01-2026 09:35||NIFTY27JAN2626400CE,0.1026601525126055
14-01-2026 09:50||NIFTY27JAN2626400CE,0.10830540919043448
14-01-2026 10:05||NIFTY27JAN2626400CE,0.1032993210780069
14-01-2026 10:10||NIFTY27JAN2626400CE,0.10431683092195475
14-01-2026 10:25||NIFTY27JAN2626400CE,0.10458729965808183
14-01-2026 10:55||NIFTY27JAN2626400CE,0.10031667651213069
14-01-2026 11:45||NIFTY27JAN2626400CE,0.10290429445184969
14-01-2026 12:20||NIFTY27JAN2626400CE,0.09737957852203306
14-01-2026 12:30||NIFTY27JAN2626400CE,0.09816953322494287
14-01-2026 13:10||NIFTY27JAN2626400CE,0.09548956516735291
14-01-2026 13:25||NIFTY27JAN2626400CE,0.09834715091993211
14-01-2026 13:45||NIFTY27JAN2626400CE,0.1037087232709754
14-01-2026 14:30||NIFTY27JAN2626400CE,0.10762020660088868
14-01-2026 14:35||NIFTY27JAN2626400CE,0.10756757151650341
14-01-2026 14:55||NIFTY27JAN2626400CE,0.1005992625098056
14-01-2026 15:20||NIFTY27JAN2626400CE,0.10658737705097023
14-01-2026 15:25||NIFTY27JAN2626400CE,0.10406685995838291
16-01-2026 09:35||NIFTY27JAN2626400CE,0.10111696687645863
16-01-2026 09:55||NIFTY27JAN2626400CE,0.09606258046883298
16-01-2026 10:00||NIFTY27JAN2626400CE,0.10162318326430635
16-01-2026 10:05||NIFTY27JAN2626400CE,0.1009870538598112
16-01-2026 10:10||NIFTY27JAN2626400CE,0.10282753588946072
16-01-2026 10:20||NIFTY27JAN2626400CE,0.10439980110021851
16-01-2026 10:35||NIFTY27JAN2626400CE,0.10060642068351415
16-01-2026 10:50||NIFTY27JAN2626400CE,0.09915806335036088
16-01-2026 12:25||NIFTY27JAN2626400CE,0.09366198734550676
16-01-2026 13:25||NIFTY27JAN2626400CE,0.10778881461216806
16-01-2026 13:35||NIFTY27JAN2626400CE,0.10658337356033798
16-01-2026 14:10||NIFTY27JAN2626400CE,0.10578200837497252
16-01-2026 14:45||NIFTY27JAN2626400CE,0.10310874609083302
16-01-2026 15:20||NIFTY27JAN2626400CE,0.10453359771975464
16-01-2026 15:25||NIFTY27JAN2626400CE,0.10301150029055638
19-01-2026 09:15||NIFTY27JAN2626400CE,0.13087734398454914
19-01-2026 09:20||NIFTY27JAN2626400CE,0.1228126248040166
19-01-2026 09:25||NIFTY27JAN2626400CE,0.12556551685957743
19-01-2026 09:55||NIFTY27JAN2626400CE,0.1267256563841925
19-01-2026 10:25||NIFTY27JAN2626400CE,0.12909838817003969
19-01-2026 11:35||NIFTY27JAN2626400CE,0.12488359714398142
19-01-2026 12:05||NIFTY27JAN2626400CE,0.1289211827572913
19-01-2026 12:10||NIFTY27JAN2626400CE,0.13076793740715867
19-01-2026 12:40||NIFTY27JAN2626400CE,0.13131354348915272
19-01-2026 12:45||NIFTY27JAN2626400CE,0.12940439099117487
19-01-2026 13:35||NIFTY27JAN2626400CE,0.1269484953736254
19-01-2026 14:15||NIFTY27JAN2626400CE,0.12218425502165994
19-01-2026 14:35||NIFTY27JAN2626400CE,0.12010471014912728
19-01-2026 15:05||NIFTY27JAN2626400CE,0.11668943353038674
19-01-2026 15:20||NIFTY27JAN2626400CE,0.12124756252266027
20-01-2026 09:15||NIFTY27JAN2626400CE,0.1256834681154956
20-01-2026 09:40||NIFTY27JAN2626400CE,0.13974899767119106
20-01-2026 10:25||NIFTY27JAN2626400CE,0.13357611140877168
20-01-2026 10:45||NIFTY27JAN2626400CE,0.13323398441283818
20-01-2026 10:55||NIFTY27JAN2626400CE,0.1347902345045633
20-01-2026 12:15||NIFTY27JAN2626400CE,0.1396662849350452
20-01-2026 13:00||NIFTY27JAN2626400CE,0.14147200883113364
20-01-2026 13:10||NIFTY27JAN2626400CE,0.1416797240351434
20-01-2026 14:05||NIFTY27JAN2626400CE,0.14967858038151852
20-01-2026 14:30||NIFTY27JAN2626400CE,0.1437979246071563
20-01-2026 15:00||NIFTY27JAN2626400CE,0.15456975214453522
20-01-2026 15:20||NIFTY27JAN2626400CE,0.1647182138882684
21-01-2026 09:40||NIFTY27JAN2626400CE,0.16828258216304542
21-01-2026 10:30||NIFTY27JAN2626400CE,0.17886136263221414
21-01-2026 10:45||NIFTY27JAN2626400CE,0.19134874673103686
21-01-2026 10:50||NIFTY27JAN2626400CE,0.19405066956040667
21-01-2026 11:20||NIFTY27JAN2626400CE,0.1847097258994681
21-01-2026 12:35||NIFTY27JAN2626400CE,0.16759720713349555
21-01-2026 13:05||NIFTY27JAN2626400CE,0.15717019864075019
21-01-2026 14:10||NIFTY27JAN2626400CE,0.17105766196492778
21-01-2026 15:00||NIFTY27JAN2626400CE,0.16685656801085574
22-01-2026 10:05||NIFTY27JAN2626400CE,0.1528688247639428
22-01-2026 10:45||NIFTY27JAN2626400CE,0.16638350050422243
22-01-2026 11:15||NIFTY27JAN2626400CE,0.17338197469629893
22-01-2026 12:00||NIFTY27JAN2626400CE,0.183935410224982
22-01-2026 12:15||NIFTY27JAN2626400CE,0.17718094362567946
22-01-2026 12:30||NIFTY27JAN2626400CE,0.17277329623984022
22-01-2026 12:45||NIFTY27JAN2626400CE,0.1718743043186085
22-01-2026 12:55||NIFTY27JAN2626400CE,0.179182979896913
22-01-2026 13:35||NIFTY27JAN2626400CE,0.17664073593605162
22-01-2026 13:55||NIFTY27JAN2626400CE,0.17671498658581458
22-01-2026 14:05||NIFTY27JAN2626400CE,0.17762674334487877
22-01-2026 15:00||NIFTY27JAN2626400CE,0.16377213138207916
22-01-2026 15:20||NIFTY27JAN2626400CE,0.1561647709215728
22-01-2026 15:25||NIFTY27JAN2626400CE,0.1566321507458187
23-01-2026 09:20||NIFTY27JAN2626400CE,0.1753568298475068
23-01-2026 09:25||NIFTY27JAN2626400CE,0.16628863005462144
23-01-2026 09:45||NIFTY27JAN2626400CE,0.17698327639785794
23-01-2026 10:15||NIFTY27JAN2626400CE,0.17618877857008813
23-01-2026 10:50||NIFTY27JAN2626400CE,0.17123705653284516
23-01-2026 11:25||NIFTY27JAN2626400CE,0.17562793371160804
23-01-2026 11:30||NIFTY27JAN2626400CE,0.17511812909246155
23-01-2026 11:45||NIFTY27JAN2626400CE,0.18808610687700095
23-01-2026 12:00||NIFTY27JAN2626400CE,0.18741241390196367
23-01-2026 12:05||NIFTY27JAN2626400CE,0.1883928963514006
23-01-2026 12:25||NIFTY27JAN2626400CE,0.18900230453237687
23-01-2026 12:50||NIFTY27JAN2626400CE,0.18662805035527436
23-01-2026 12:55||NIFTY27JAN2626400CE,0.18567123156463514
23-01-2026 13:50||NIFTY27JAN2626400CE,0.21791324507101362
23-01-2026 13:55||NIFTY27JAN2626400CE,0.21596939134862467
23-01-2026 14:10||NIFTY27JAN2626400CE,0.21367030050577904
23-01-2026 14:15||NIFTY27JAN2626400CE,0.20714718704833196
23-01-2026 14:20||NIFTY27JAN2626400CE,0.21018055099561653
23-01-2026 14:25||NIFTY27JAN2626400CE,0.21051717960094657
23-01-2026 14:40||NIFTY27JAN2626400CE,0.20597944535886156
27-01-2026 09:15||NIFTY27JAN2626400CE,0.755846366996999
27-01-2026 09:30||NIFTY27JAN2626400CE,0.8840765392694653
27-01-2026 10:00||NIFTY27JAN2626400CE,0.7499851299346929
27-01-2026 10:05||NIFTY27JAN2626400CE,0.7641849429626344
27-01-2026 10:25||NIFTY27JAN2626400CE,0.7625214831329501
27-01-2026 10:45||NIFTY27JAN2626400CE,0.8711954219975706
27-01-2026 10:55||NIFTY27JAN2626400CE,0.9242082474442339
27-01-2026 11:15||NIFTY27JAN2626400CE,0.9311713085948161
27-01-2026 11:45||NIFTY27JAN2626400CE,0.8302494787954889
27-01-2026 12:00||NIFTY27JAN2626400CE,0.87442832736692
27-01-2026 12:10||NIFTY27JAN2626400CE,0.9013770691241948
27-01-2026 13:35||NIFTY27JAN2626400CE,1.2149419538381319
27-01-2026 13:45||NIFTY27JAN2626400CE,1.2842671861540427
27-01-2026 14:05||NIFTY27JAN2626400CE,1.4978983327982145
27-01-2026 14:30||NIFTY27JAN2626400CE,1.764054928876999
27-01-2026 14:40||NIFTY27JAN2626400CE,1.731064798254265
27-01-2026 14:45||NIFTY27JAN2626400CE,1.8261974878766039
27-01-2026 14:55||NIFTY27JAN2626400CE,1.8496614735815142
27-01-2026 15:15||NIFTY27JAN2626400CE,2.7428382823105864
27-01-2026 15:20||NIFTY27JAN2626400CE,3.410319117449255
27-01-2026 15:25||NIFTY27JAN2626400CE,4.432698230612705
07-01-2026 09:25||NIFTY27JAN2626500CE,0.08468346834974018
07-01-2026 10:00||NIFTY27JAN2626500CE,0.08811401808862405
07-01-2026 10:15||NIFTY27JAN2626500CE,0.08290224786456625
07-01-2026 11:00||NIFTY27JAN2626500CE,0.0896772075440159
07-01-2026 12:10||NIFTY27JAN2626500CE,0.08703805035851594
07-01-2026 12:35||NIFTY27JAN2626500CE,0.0868206011553084
07-01-2026 13:25||NIFTY27JAN2626500CE,0.0855757627483663
07-01-2026 13:30||NIFTY27JAN2626500CE,0.08700164306288612
07-01-2026 14:35||NIFTY27JAN2626500CE,0.08577989154375076
07-01-2026 14:50||NIFTY27JAN2626500CE,0.08723103041676483
07-01-2026 15:10||NIFTY27JAN2626500CE,0.08448150258073481
07-01-2026 15:25||NIFTY27JAN2626500CE,0.08229766974672417
08-01-2026 09:20||NIFTY27JAN2626500CE,0.0802264595176237
08-01-2026 09:35||NIFTY27JAN2626500CE,0.08835605227124649
08-01-2026 09:45||NIFTY27JAN2626500CE,0.08436060868878667
08-01-2026 10:05||NIFTY27JAN2626500CE,0.08284178319626452
08-01-2026 10:15||NIFTY27JAN2626500CE,0.08224188680696462
08-01-2026 10:25||NIFTY27JAN2626500CE,0.0862259871208004
08-01-2026 10:30||NIFTY27JAN2626500CE,0.08528616976920343
08-01-2026 10:35||NIFTY27JAN2626500CE,0.08437672013152703
08-01-2026 10:45||NIFTY27JAN2626500CE,0.08453363090192167
08-01-2026 10:50||NIFTY27JAN2626500CE,0.08498594945975645
08-01-2026 11:00||NIFTY27JAN2626500CE,0.08645107104626215
08-01-2026 11:20||NIFTY27JAN2626500CE,0.08620834121594784
08-01-2026 11:35||NIFTY27JAN2626500CE,0.0900862131520926
08-01-2026 11:50||NIFTY27JAN2626500CE,0.08976091541020545
08-01-2026 13:30||NIFTY27JAN2626500CE,0.09397774012569163
08-01-2026 14:05||NIFTY27JAN2626500CE,0.08929533034133184
08-01-2026 14:30||NIFTY27JAN2626500CE,0.09188927642952997
08-01-2026 15:10||NIFTY27JAN2626500CE,0.09000934272128883
08-01-2026 15:20||NIFTY27JAN2626500CE,0.08825169170842423
09-01-2026 10:25||NIFTY27JAN2626500CE,0.09166917918319194
09-01-2026 10:40||NIFTY27JAN2626500CE,0.08927344448127968
09-01-2026 10:50||NIFTY27JAN2626500CE,0.08722777971894405
09-01-2026 11:45||NIFTY27JAN2626500CE,0.09209535376170583
09-01-2026 11:50||NIFTY27JAN2626500CE,0.09309793363607567
09-01-2026 12:05||NIFTY27JAN2626500CE,0.09310616875418502
09-01-2026 12:15||NIFTY27JAN2626500CE,0.08741693679986715
09-01-2026 13:05||NIFTY27JAN2626500CE,0.09946569640671327
09-01-2026 13:40||NIFTY27JAN2626500CE,0.09778245470064538
09-01-2026 14:10||NIFTY27JAN2626500CE,0.0973720280142408
09-01-2026 15:00||NIFTY27JAN2626500CE,0.10081735454646665
09-01-2026 15:05||NIFTY27JAN2626500CE,0.10079708484563103
12-01-2026 09:35||NIFTY27JAN2626500CE,0.11914091577760585
12-01-2026 09:45||NIFTY27JAN2626500CE,0.11928591898476969
12-01-2026 10:15||NIFTY27JAN2626500CE,0.11589337789742868
12-01-2026 10:20||NIFTY27JAN2626500CE,0.1161438360987698
12-01-2026 11:55||NIFTY27JAN2626500CE,0.12113111808402388
12-01-2026 12:30||NIFTY27JAN2626500CE,0.11809287764632934
12-01-2026 13:00||NIFTY27JAN2626500CE,0.11494185584495405
12-01-2026 13:20||NIFTY27JAN2626500CE,0.11518769988641427
12-01-2026 13:25||NIFTY27JAN2626500CE,0.1098846056109985
12-01-2026 14:05||NIFTY27JAN2626500CE,0.10883606242859895
12-01-2026 14:20||NIFTY27JAN2626500CE,0.11252691370171024
12-01-2026 14:25||NIFTY27JAN2626500CE,0.10837195730227417
12-01-2026 14:35||NIFTY27JAN2626500CE,0.1115199594141322
12-01-2026 14:45||NIFTY27JAN2626500CE,0.10842916923551982
13-01-2026 10:00||NIFTY27JAN2626500CE,0.11359383690682513
13-01-2026 10:20||NIFTY27JAN2626500CE,0.10774538294717706
13-01-2026 11:35||NIFTY27JAN2626500CE,0.10198185754247052
13-01-2026 12:15||NIFTY27JAN2626500CE,0.10752284520052487
13-01-2026 12:40||NIFTY27JAN2626500CE,0.10653313291979266
13-01-2026 12:55||NIFTY27JAN2626500CE,0.10881547678538044
13-01-2026 13:05||NIFTY27JAN2626500CE,0.11394456207245712
13-01-2026 13:10||NIFTY27JAN2626500CE,0.10903522117803653
13-01-2026 13:20||NIFTY27JAN2626500CE,0.11251535561083387
13-01-2026 14:05||NIFTY27JAN2626500CE,0.11113171010075286
13-01-2026 14:35||NIFTY27JAN2626500CE,0.1121709027278483
13-01-2026 14:45||NIFTY27JAN2626500CE,0.10844637840307633
13-01-2026 15:05||NIFTY27JAN2626500CE,0.10703573258729611
13-01-2026 15:15||NIFTY27JAN2626500CE,0.10156413671998747
14-01-2026 09:15||NIFTY27JAN2626500CE,0.10828989425152874
14-01-2026 09:25||NIFTY27JAN2626500CE,0.10829551216219124
14-01-2026 09:30||NIFTY27JAN2626500CE,0.10444400901630928
14-01-2026 10:00||NIFTY27JAN2626500CE,0.1043666048760604
14-01-2026 10:30||NIFTY27JAN2626500CE,0.10794061551075235
14-01-2026 10:40||NIFTY27JAN2626500CE,0.10582749610005934
14-01-2026 10:55||NIFTY27JAN2626500CE,0.1003385363365735
14-01-2026 11:40||NIFTY27JAN2626500CE,0.1017237712785983
14-01-2026 12:05||NIFTY27JAN2626500CE,0.09751282638055572
14-01-2026 12:15||NIFTY27JAN2626500CE,0.10370469223187397
14-01-2026 12:50||NIFTY27JAN2626500CE,0.10001030943569217
14-01-2026 13:00||NIFTY27JAN2626500CE,0.09945677139731803
14-01-2026 13:25||NIFTY27JAN2626500CE,0.10064152431809399
14-01-2026 13:30||NIFTY27JAN2626500CE,0.10085238994770843
14-01-2026 13:40||NIFTY27JAN2626500CE,0.10505365147543647
14-01-2026 14:15||NIFTY27JAN2626500CE,0.10609938922672507
14-01-2026 14:30||NIFTY27JAN2626500CE,0.11088379420545087
14-01-2026 15:25||NIFTY27JAN2626500CE,0.10642525131591984
16-01-2026 09:25||NIFTY27JAN2626500CE,0.1049053436505768
16-01-2026 09:40||NIFTY27JAN2626500CE,0.10456451008480508
16-01-2026 09:55||NIFTY27JAN2626500CE,0.09762592946757706
16-01-2026 10:00||NIFTY27JAN2626500CE,0.10292933567035263
16-01-2026 10:05||NIFTY27JAN2626500CE,0.10248620141869369
16-01-2026 10:55||NIFTY27JAN2626500CE,0.09873395055019359
16-01-2026 11:30||NIFTY27JAN2626500CE,0.09818158451367469
16-01-2026 13:25||NIFTY27JAN2626500CE,0.10963410633473332
16-01-2026 13:40||NIFTY27JAN2626500CE,0.10753567519975833
16-01-2026 14:10||NIFTY27JAN2626500CE,0.10845787977596033
16-01-2026 14:25||NIFTY27JAN2626500CE,0.10695735198653297
16-01-2026 14:35||NIFTY27JAN2626500CE,0.10541070143321161
16-01-2026 14:40||NIFTY27JAN2626500CE,0.10707082861617327
16-01-2026 15:20||NIFTY27JAN2626500CE,0.10711436731665742
16-01-2026 15:25||NIFTY27JAN2626500CE,0.10596588655939428
19-01-2026 09:30||NIFTY27JAN2626500CE,0.1371039108142754
19-01-2026 09:40||NIFTY27JAN2626500CE,0.13264129295634602
19-01-2026 10:15||NIFTY27JAN2626500CE,0.1361989896340431
19-01-2026 10:25||NIFTY27JAN2626500CE,0.13471761077111685
19-01-2026 11:00||NIFTY27JAN2626500CE,0.13329783652625654
19-01-2026 11:20||NIFTY27JAN2626500CE,0.13581231389570703
19-01-2026 11:30||NIFTY27JAN2626500CE,0.13602925788863987
19-01-2026 11:35||NIFTY27JAN2626500CE,0.1281405791131746
19-01-2026 12:00||NIFTY27JAN2626500CE,0.13491332923757796
19-01-2026 12:05||NIFTY27JAN2626500CE,0.13359544120723327
19-01-2026 12:25||NIFTY27JAN2626500CE,0.13446449092926613
19-01-2026 12:30||NIFTY27JAN2626500CE,0.1349317170421975
19-01-2026 12:50||NIFTY27JAN2626500CE,0.13541423862847463
19-01-2026 13:00||NIFTY27JAN2626500CE,0.13287801544022568
19-01-2026 13:25||NIFTY27JAN2626500CE,0.13372451608575586
19-01-2026 13:30||NIFTY27JAN2626500CE,0.13320422151533232
19-01-2026 13:45||NIFTY27JAN2626500CE,0.13354334791982697
19-01-2026 14:05||NIFTY27JAN2626500CE,0.1226148981177563
19-01-2026 14:25||NIFTY27JAN2626500CE,0.12344726946121284
19-01-2026 15:20||NIFTY27JAN2626500CE,0.12788280297190552
20-01-2026 09:20||NIFTY27JAN2626500CE,0.13272690504323137
20-01-2026 10:05||NIFTY27JAN2626500CE,0.14515000684508433
20-01-2026 10:10||NIFTY27JAN2626500CE,0.14297106110584948
20-01-2026 11:35||NIFTY27JAN2626500CE,0.1423125334930922
20-01-2026 13:05||NIFTY27JAN2626500CE,0.14878210158956634
20-01-2026 14:15||NIFTY27JAN2626500CE,0.15590764615220368
20-01-2026 14:20||NIFTY27JAN2626500CE,0.15706316241528967
20-01-2026 14:30||NIFTY27JAN2626500CE,0.15074624401842357
21-01-2026 09:55||NIFTY27JAN2626500CE,0.17837165330219068
21-01-2026 10:00||NIFTY27JAN2626500CE,0.18076112664050398
21-01-2026 10:45||NIFTY27JAN2626500CE,0.1982101039920255
21-01-2026 11:20||NIFTY27JAN2626500CE,0.19167719370093436
21-01-2026 11:30||NIFTY27JAN2626500CE,0.19483504805841306
21-01-2026 12:10||NIFTY27JAN2626500CE,0.18405787078008456
21-01-2026 12:25||NIFTY27JAN2626500CE,0.1762615005622024
21-01-2026 12:55||NIFTY27JAN2626500CE,0.16424400264721056
21-01-2026 14:05||NIFTY27JAN2626500CE,0.17744626133068414
21-01-2026 14:10||NIFTY27JAN2626500CE,0.1791224774661252
21-01-2026 14:20||NIFTY27JAN2626500CE,0.17291823311647453
21-01-2026 14:25||NIFTY27JAN2626500CE,0.17823520236118434
21-01-2026 15:10||NIFTY27JAN2626500CE,0.17537023928508555
22-01-2026 09:50||NIFTY27JAN2626500CE,0.16242066283835196
22-01-2026 10:00||NIFTY27JAN2626500CE,0.1580754739529065
22-01-2026 10:45||NIFTY27JAN2626500CE,0.1748234980436027
22-01-2026 11:15||NIFTY27JAN2626500CE,0.1810600720684876
22-01-2026 11:25||NIFTY27JAN2626500CE,0.17540261688524691
22-01-2026 11:45||NIFTY27JAN2626500CE,0.1868928597753562
22-01-2026 12:15||NIFTY27JAN2626500CE,0.185072952915594
22-01-2026 12:20||NIFTY27JAN2626500CE,0.17953768909333365
22-01-2026 13:10||NIFTY27JAN2626500CE,0.18993367947036877
22-01-2026 14:00||NIFTY27JAN2626500CE,0.18531536894513903
22-01-2026 14:15||NIFTY27JAN2626500CE,0.19272244237443426
22-01-2026 14:25||NIFTY27JAN2626500CE,0.1873768477642858
22-01-2026 14:30||NIFTY27JAN2626500CE,0.18069576550482266
22-01-2026 14:40||NIFTY27JAN2626500CE,0.17219022148750956
22-01-2026 14:55||NIFTY27JAN2626500CE,0.16999576868522992
23-01-2026 09:15||NIFTY27JAN2626500CE,0.18488858674149797
23-01-2026 10:20||NIFTY27JAN2626500CE,0.18679081140127107
23-01-2026 10:45||NIFTY27JAN2626500CE,0.1810341444536704
23-01-2026 11:05||NIFTY27JAN2626500CE,0.187003942121971
23-01-2026 11:40||NIFTY27JAN2626500CE,0.19482300553607124
23-01-2026 11:55||NIFTY27JAN2626500CE,0.19563057719963
23-01-2026 12:10||NIFTY27JAN2626500CE,0.1990738917809189
23-01-2026 13:20||NIFTY27JAN2626500CE,0.21029165596236077
23-01-2026 13:35||NIFTY27JAN2626500CE,0.22183418078101874
23-01-2026 13:55||NIFTY27JAN2626500CE,0.2269967129903308
23-01-2026 14:20||NIFTY27JAN2626500CE,0.2209540134459339
27-01-2026 09:15||NIFTY27JAN2626500CE,0.8005997927595954
27-01-2026 09:20||NIFTY27JAN2626500CE,0.8924369470323046
27-01-2026 09:25||NIFTY27JAN2626500CE,0.9194685481473829
27-01-2026 10:00||NIFTY27JAN2626500CE,0.7912511027593804
27-01-2026 11:10||NIFTY27JAN2626500CE,0.9867705105553555
27-01-2026 11:25||NIFTY27JAN2626500CE,0.9799733177947163
27-01-2026 11:55||NIFTY27JAN2626500CE,0.9705888960796999
27-01-2026 12:00||NIFTY27JAN2626500CE,0.9207568851466914
27-01-2026 12:05||NIFTY27JAN2626500CE,0.9653434830389713
27-01-2026 12:50||NIFTY27JAN2626500CE,1.0918824584189262
27-01-2026 14:20||NIFTY27JAN2626500CE,1.7180954653147185
27-01-2026 14:45||NIFTY27JAN2626500CE,1.942058764532358
27-01-2026 15:25||NIFTY27JAN2626500CE,4.771788337179018
07-01-2026 09:50||NIFTY27JAN2623800PE,0.17888524064336653
07-01-2026 10:10||NIFTY27JAN2623800PE,0.1855127161310257
07-01-2026 10:35||NIFTY27JAN2623800PE,0.18102868597201927
07-01-2026 11:20||NIFTY27JAN2623800PE,0.18031473206522897
07-01-2026 11:25||NIFTY27JAN2623800PE,0.17950939476624694
07-01-2026 12:30||NIFTY27JAN2623800PE,0.17944016426974146
07-01-2026 12:45||NIFTY27JAN2623800PE,0.17750436799807245
07-01-2026 12:55||NIFTY27JAN2623800PE,0.17955049432535342
07-01-2026 13:50||NIFTY27JAN2623800PE,0.17883356624257357
07-01-2026 14:00||NIFTY27JAN2623800PE,0.17625600807785596
07-01-2026 14:10||NIFTY27JAN2623800PE,0.17631662118616231
07-01-2026 14:20||NIFTY27JAN2623800PE,0.17440228192008406
07-01-2026 14:40||NIFTY27JAN2623800PE,0.1769819975905322
07-01-2026 14:45||NIFTY27JAN2623800PE,0.17806045721742594
07-01-2026 15:10||NIFTY27JAN2623800PE,0.1789338905999181
08-01-2026 09:20||NIFTY27JAN2623800PE,0.18226521488882594
08-01-2026 09:40||NIFTY27JAN2623800PE,0.1813700002958508
08-01-2026 10:30||NIFTY27JAN2623800PE,0.17793310704309412
08-01-2026 11:00||NIFTY27JAN2623800PE,0.17695001179543218
08-01-2026 11:05||NIFTY27JAN2623800PE,0.1834366125948752
08-01-2026 11:25||NIFTY27JAN2623800PE,0.17747785760212195
08-01-2026 11:30||NIFTY27JAN2623800PE,0.17870460750027845
08-01-2026 11:35||NIFTY27JAN2623800PE,0.17949951880446463
08-01-2026 11:50||NIFTY27JAN2623800PE,0.18014781427096654
08-01-2026 12:50||NIFTY27JAN2623800PE,0.18089240380464752
08-01-2026 13:05||NIFTY27JAN2623800PE,0.18394374445502945
08-01-2026 13:20||NIFTY27JAN2623800PE,0.18415164050994276
08-01-2026 14:00||NIFTY27JAN2623800PE,0.1860905187422335
08-01-2026 14:15||NIFTY27JAN2623800PE,0.18340385419323219
08-01-2026 15:25||NIFTY27JAN2623800PE,0.18101859171515178
09-01-2026 09:55||NIFTY27JAN2623800PE,0.17661992651326097
09-01-2026 10:55||NIFTY27JAN2623800PE,0.17475148335603324
09-01-2026 12:00||NIFTY27JAN2623800PE,0.17282111345236034
09-01-2026 12:15||NIFTY27JAN2623800PE,0.17520450628127998
09-01-2026 12:30||NIFTY27JAN2623800PE,0.165796405490798
09-01-2026 12:50||NIFTY27JAN2623800PE,0.17889883986182364
09-01-2026 13:50||NIFTY27JAN2623800PE,0.1687763993302407
09-01-2026 14:40||NIFTY27JAN2623800PE,0.17425654858840078
09-01-2026 15:10||NIFTY27JAN2623800PE,0.17297711849271769
09-01-2026 15:20||NIFTY27JAN2623800PE,0.17201201322967527
12-01-2026 09:55||NIFTY27JAN2623800PE,0.18757236687997123
12-01-2026 10:15||NIFTY27JAN2623800PE,0.18552117593722642
12-01-2026 10:25||NIFTY27JAN2623800PE,0.18660163539340524
12-01-2026 11:00||NIFTY27JAN2623800PE,0.18707499218739126
12-01-2026 11:25||NIFTY27JAN2623800PE,0.18169415148211823
12-01-2026 12:10||NIFTY27JAN2623800PE,0.18257146650978637
12-01-2026 12:30||NIFTY27JAN2623800PE,0.18709325039375957
12-01-2026 13:15||NIFTY27JAN2623800PE,0.1888825994428878
12-01-2026 13:45||NIFTY27JAN2623800PE,0.1926093491288259
12-01-2026 13:55||NIFTY27JAN2623800PE,0.19496327162791355
12-01-2026 15:00||NIFTY27JAN2623800PE,0.19520883235350509
12-01-2026 15:05||NIFTY27JAN2623800PE,0.19347645378201125
13-01-2026 09:20||NIFTY27JAN2623800PE,0.2010595821685505
13-01-2026 09:25||NIFTY27JAN2623800PE,0.1991534703763541
13-01-2026 09:45||NIFTY27JAN2623800PE,0.19303153839053264
13-01-2026 10:30||NIFTY27JAN2623800PE,0.199254310317199
13-01-2026 10:35||NIFTY27JAN2623800PE,0.2021547282014139
13-01-2026 11:35||NIFTY27JAN2623800PE,0.19776247772974123
13-01-2026 11:40||NIFTY27JAN2623800PE,0.1927862260697704
13-01-2026 11:45||NIFTY27JAN2623800PE,0.19179228062158796
13-01-2026 12:05||NIFTY27JAN2623800PE,0.19155557559547856
13-01-2026 12:25||NIFTY27JAN2623800PE,0.1869445186401445
13-01-2026 13:15||NIFTY27JAN2623800PE,0.1881856072938891
13-01-2026 13:30||NIFTY27JAN2623800PE,0.18912233893243752
13-01-2026 13:40||NIFTY27JAN2623800PE,0.19045831960390264
13-01-2026 14:15||NIFTY27JAN2623800PE,0.18318369847382174
13-01-2026 14:35||NIFTY27JAN2623800PE,0.18193148562779574
13-01-2026 14:55||NIFTY27JAN2623800PE,0.18943310594819038
13-01-2026 15:15||NIFTY27JAN2623800PE,0.18526289250031144
14-01-2026 09:30||NIFTY27JAN2623800PE,0.19756781433699006
14-01-2026 09:40||NIFTY27JAN2623800PE,0.19417764374103585
14-01-2026 09:50||NIFTY27JAN2623800PE,0.19390861036360527
14-01-2026 10:25||NIFTY27JAN2623800PE,0.191753008147791
14-01-2026 10:40||NIFTY27JAN2623800PE,0.18753913331339142
14-01-2026 11:20||NIFTY27JAN2623800PE,0.19819806465391607
14-01-2026 12:00||NIFTY27JAN2623800PE,0.20111063494211673
14-01-2026 12:20||NIFTY27JAN2623800PE,0.19852574358672403
14-01-2026 13:55||NIFTY27JAN2623800PE,0.18620066684377998
14-01-2026 14:00||NIFTY27JAN2623800PE,0.18961699045682334
14-01-2026 14:25||NIFTY27JAN2623800PE,0.18630001058717088
16-01-2026 09:30||NIFTY27JAN2623800PE,0.19543147922491708
16-01-2026 09:55||NIFTY27JAN2623800PE,0.20039087945792294
16-01-2026 10:15||NIFTY27JAN2623800PE,0.20646153243273185
16-01-2026 10:20||NIFTY27JAN2623800PE,0.21059219682061087
16-01-2026 10:40||NIFTY27JAN2623800PE,0.21254715317385586
16-01-2026 10:45||NIFTY27JAN2623800PE,0.21228679464783132
16-01-2026 10:55||NIFTY27JAN2623800PE,0.2118875321939375
16-01-2026 11:20||NIFTY27JAN2623800PE,0.20550603650691823
16-01-2026 12:05||NIFTY27JAN2623800PE,0.20288106025462524
16-01-2026 12:25||NIFTY27JAN2623800PE,0.20236493919703172
16-01-2026 12:30||NIFTY27JAN2623800PE,0.19932142035153133
16-01-2026 12:35||NIFTY27JAN2623800PE,0.20284512034728264
16-01-2026 12:40||NIFTY27JAN2623800PE,0.20190251090646577
16-01-2026 13:00||NIFTY27JAN2623800PE,0.1981781493210767
16-01-2026 13:15||NIFTY27JAN2623800PE,0.1960443422755117
16-01-2026 14:30||NIFTY27JAN2623800PE,0.1934326077309964
16-01-2026 14:35||NIFTY27JAN2623800PE,0.1957843504737513
16-01-2026 15:15||NIFTY27JAN2623800PE,0.1941541581746295
19-01-2026 09:30||NIFTY27JAN2623800PE,0.20697825704704498
19-01-2026 10:10||NIFTY27JAN2623800PE,0.20880391114414254
19-01-2026 10:30||NIFTY27JAN2623800PE,0.20926547877625065
19-01-2026 10:35||NIFTY27JAN2623800PE,0.20518815527956002
19-01-2026 10:40||NIFTY27JAN2623800PE,0.2060619925611124
19-01-2026 11:05||NIFTY27JAN2623800PE,0.2128940409465576
19-01-2026 11:20||NIFTY27JAN2623800PE,0.20506305714315703
19-01-2026 11:40||NIFTY27JAN2623800PE,0.20809068204191053
19-01-2026 11:55||NIFTY27JAN2623800PE,0.20685756146624398
19-01-2026 12:20||NIFTY27JAN2623800PE,0.20891137474577207
19-01-2026 12:25||NIFTY27JAN2623800PE,0.20802482063051284
19-01-2026 12:40||NIFTY27JAN2623800PE,0.20758614456548924
19-01-2026 12:50||NIFTY27JAN2623800PE,0.2071145108457401
19-01-2026 13:10||NIFTY27JAN2623800PE,0.21470500769888018
19-01-2026 14:05||NIFTY27JAN2623800PE,0.21757425397996596
19-01-2026 14:15||NIFTY27JAN2623800PE,0.214643874539086
19-01-2026 14:35||NIFTY27JAN2623800PE,0.21534108801867832
19-01-2026 14:55||NIFTY27JAN2623800PE,0.22013946129986453
20-01-2026 09:20||NIFTY27JAN2623800PE,0.21490285084120067
20-01-2026 09:40||NIFTY27JAN2623800PE,0.21407307146637322
20-01-2026 10:25||NIFTY27JAN2623800PE,0.21431247578955817
20-01-2026 10:50||NIFTY27JAN2623800PE,0.21540394847203836
20-01-2026 11:00||NIFTY27JAN2623800PE,0.21461512909705102
20-01-2026 11:05||NIFTY27JAN2623800PE,0.2146997627122095
20-01-2026 11:15||NIFTY27JAN2623800PE,0.21112140971978605
20-01-2026 11:35||NIFTY27JAN2623800PE,0.21298077195620296
20-01-2026 11:40||NIFTY27JAN2623800PE,0.21175513283151942
20-01-2026 11:55||NIFTY27JAN2623800PE,0.21834105478788812
20-01-2026 12:00||NIFTY27JAN2623800PE,0.21337328022112753
20-01-2026 12:25||NIFTY27JAN2623800PE,0.20966198558313603
20-01-2026 12:30||NIFTY27JAN2623800PE,0.2134563860814567
20-01-2026 12:35||NIFTY27JAN2623800PE,0.20970463471102485
20-01-2026 12:40||NIFTY27JAN2623800PE,0.20995816523204203
20-01-2026 12:45||NIFTY27JAN2623800PE,0.20842183411053603
20-01-2026 13:25||NIFTY27JAN2623800PE,0.21091633121414932
20-01-2026 13:40||NIFTY27JAN2623800PE,0.20944709934871833
20-01-2026 14:05||NIFTY27JAN2623800PE,0.21234234854883366
20-01-2026 14:15||NIFTY27JAN2623800PE,0.21118579705890925
20-01-2026 14:40||NIFTY27JAN2623800PE,0.21580732828351554
20-01-2026 15:20||NIFTY27JAN2623800PE,0.2186251995936305
20-01-2026 15:25||NIFTY27JAN2623800PE,0.22082156100821623
21-01-2026 09:30||NIFTY27JAN2623800PE,0.23588418375173476
21-01-2026 09:45||NIFTY27JAN2623800PE,0.23025975973725799
21-01-2026 12:05||NIFTY27JAN2623800PE,0.2281008851913601
21-01-2026 12:15||NIFTY27JAN2623800PE,0.22568559538441163
21-01-2026 12:45||NIFTY27JAN2623800PE,0.24407325783989445
21-01-2026 12:50||NIFTY27JAN2623800PE,0.2473608381698072
21-01-2026 13:05||NIFTY27JAN2623800PE,0.2516248103258412
21-01-2026 13:20||NIFTY27JAN2623800PE,0.2456433129606547
21-01-2026 13:35||NIFTY27JAN2623800PE,0.23727665165586004
21-01-2026 14:00||NIFTY27JAN2623800PE,0.23351689177195906
21-01-2026 15:20||NIFTY27JAN2623800PE,0.22264967114890621
21-01-2026 15:25||NIFTY27JAN2623800PE,0.2211100585729496
22-01-2026 09:15||NIFTY27JAN2623800PE,0.24614874556390665
22-01-2026 10:10||NIFTY27JAN2623800PE,0.2583157563413335
22-01-2026 11:10||NIFTY27JAN2623800PE,0.23346899997741213
22-01-2026 11:25||NIFTY27JAN2623800PE,0.23755403187142077
22-01-2026 12:00||NIFTY27JAN2623800PE,0.22826007403360804
22-01-2026 12:15||NIFTY27JAN2623800PE,0.22860973173371638
22-01-2026 12:35||NIFTY27JAN2623800PE,0.23354682064029164
22-01-2026 13:05||NIFTY27JAN2623800PE,0.22666750189839863
22-01-2026 13:30||NIFTY27JAN2623800PE,0.22182506141196667
22-01-2026 13:35||NIFTY27JAN2623800PE,0.2253279223761716
22-01-2026 13:50||NIFTY27JAN2623800PE,0.2252022614272346
22-01-2026 14:00||NIFTY27JAN2623800PE,0.22800711488098013
22-01-2026 14:05||NIFTY27JAN2623800PE,0.22538706685716225
22-01-2026 14:15||NIFTY27JAN2623800PE,0.221286263872093
22-01-2026 14:20||NIFTY27JAN2623800PE,0.21593791871036552
22-01-2026 14:30||NIFTY27JAN2623800PE,0.22567386113478727
22-01-2026 14:40||NIFTY27JAN2623800PE,0.23011849109907676
22-01-2026 15:10||NIFTY27JAN2623800PE,0.2274107165561164
22-01-2026 15:15||NIFTY27JAN2623800PE,0.2249250164645132
22-01-2026 15:25||NIFTY27JAN2623800PE,0.22536774651068042
23-01-2026 09:25||NIFTY27JAN2623800PE,0.25352460816529643
23-01-2026 09:55||NIFTY27JAN2623800PE,0.24966718351709347
23-01-2026 10:05||NIFTY27JAN2623800PE,0.2498910506405742
23-01-2026 10:10||NIFTY27JAN2623800PE,0.24925103475968383
23-01-2026 10:25||NIFTY27JAN2623800PE,0.2478500079725889
23-01-2026 10:55||NIFTY27JAN2623800PE,0.24991310636546393
23-01-2026 11:25||NIFTY27JAN2623800PE,0.2459008982644209
23-01-2026 12:30||NIFTY27JAN2623800PE,0.23556089899824917
23-01-2026 12:45||NIFTY27JAN2623800PE,0.23630435048771573
23-01-2026 12:50||NIFTY27JAN2623800PE,0.23564324054236965
23-01-2026 13:05||NIFTY27JAN2623800PE,0.23184474249303724
23-01-2026 13:15||NIFTY27JAN2623800PE,0.22811893812917627
23-01-2026 14:50||NIFTY27JAN2623800PE,0.21876919988589366
23-01-2026 15:10||NIFTY27JAN2623800PE,0.21851952674262543
23-01-2026 15:20||NIFTY27JAN2623800PE,0.22216287921600741
27-01-2026 09:35||NIFTY27JAN2623800PE,0.7542873426351477
27-01-2026 09:45||NIFTY27JAN2623800PE,0.8244441653728787
27-01-2026 09:50||NIFTY27JAN2623800PE,0.8276049900613904
27-01-2026 10:05||NIFTY27JAN2623800PE,0.8430068592374518
27-01-2026 11:00||NIFTY27JAN2623800PE,0.8654521917460486
27-01-2026 11:05||NIFTY27JAN2623800PE,0.8125427046963409
27-01-2026 11:25||NIFTY27JAN2623800PE,0.8676344054008575
27-01-2026 11:40||NIFTY27JAN2623800PE,0.9302847698585401
27-01-2026 13:25||NIFTY27JAN2623800PE,1.1564418838002677
27-01-2026 13:45||NIFTY27JAN2623800PE,1.2573242691791415
27-01-2026 13:55||NIFTY27JAN2623800PE,1.3203565257102643
27-01-2026 14:00||NIFTY27JAN2623800PE,1.3864255388996178
27-01-2026 14:25||NIFTY27JAN2623800PE,1.5686599071730072
27-01-2026 14:50||NIFTY27JAN2623800PE,2.022789512322032
27-01-2026 14:55||NIFTY27JAN2623800PE,2.165263124783492
27-01-2026 15:20||NIFTY27JAN2623800PE,3.963627258493653
27-01-2026 15:25||NIFTY27JAN2623800PE,5.794490606643787
07-01-2026 09:30||NIFTY27JAN2623900PE,0.17651868633922016
07-01-2026 09:35||NIFTY27JAN2623900PE,0.17684642118250224
07-01-2026 10:10||NIFTY27JAN2623900PE,0.1791874201284054
07-01-2026 10:15||NIFTY27JAN2623900PE,0.17853022302209287
07-01-2026 10:40||NIFTY27JAN2623900PE,0.1772423281898217
07-01-2026 10:50||NIFTY27JAN2623900PE,0.1765057381665711
07-01-2026 11:55||NIFTY27JAN2623900PE,0.1755889233630884
07-01-2026 12:55||NIFTY27JAN2623900PE,0.17363822304089316
07-01-2026 13:05||NIFTY27JAN2623900PE,0.17418224557550105
07-01-2026 13:35||NIFTY27JAN2623900PE,0.17270485234486793
07-01-2026 13:45||NIFTY27JAN2623900PE,0.17250692538354362
07-01-2026 13:50||NIFTY27JAN2623900PE,0.17291821470937924
07-01-2026 14:00||NIFTY27JAN2623900PE,0.17144939992204017
07-01-2026 14:25||NIFTY27JAN2623900PE,0.1725521631592522
07-01-2026 14:50||NIFTY27JAN2623900PE,0.17279589031669934
07-01-2026 15:00||NIFTY27JAN2623900PE,0.1742334589188812
08-01-2026 09:25||NIFTY27JAN2623900PE,0.17669593576848808
08-01-2026 09:35||NIFTY27JAN2623900PE,0.17325130898583013
08-01-2026 10:25||NIFTY27JAN2623900PE,0.1739530996109197
08-01-2026 10:45||NIFTY27JAN2623900PE,0.17381704119390354
08-01-2026 10:50||NIFTY27JAN2623900PE,0.17331875386020323
08-01-2026 11:00||NIFTY27JAN2623900PE,0.17184977875444982
08-01-2026 14:00||NIFTY27JAN2623900PE,0.179885305500793
08-01-2026 14:05||NIFTY27JAN2623900PE,0.17887974584193522
08-01-2026 15:00||NIFTY27JAN2623900PE,0.17504680588417637
09-01-2026 10:20||NIFTY27JAN2623900PE,0.1733494448055839
09-01-2026 11:10||NIFTY27JAN2623900PE,0.17053388615421072
09-01-2026 12:45||NIFTY27JAN2623900PE,0.1701339783133422
09-01-2026 13:05||NIFTY27JAN2623900PE,0.17016787946498824
09-01-2026 13:35||NIFTY27JAN2623900PE,0.16927305124732697
09-01-2026 13:45||NIFTY27JAN2623900PE,0.16879315964978664
09-01-2026 14:50||NIFTY27JAN2623900PE,0.16898398157253963
09-01-2026 14:55||NIFTY27JAN2623900PE,0.16852844848885135
12-01-2026 09:30||NIFTY27JAN2623900PE,0.18083348950269987
12-01-2026 09:35||NIFTY27JAN2623900PE,0.17924594636966373
12-01-2026 09:40||NIFTY27JAN2623900PE,0.1801824649772148
12-01-2026 09:45||NIFTY27JAN2623900PE,0.1809869577852778
12-01-2026 10:05||NIFTY27JAN2623900PE,0.1825920413954359
12-01-2026 10:50||NIFTY27JAN2623900PE,0.18312513244591117
12-01-2026 11:30||NIFTY27JAN2623900PE,0.17636087208875256
12-01-2026 13:05||NIFTY27JAN2623900PE,0.18644682481113012
12-01-2026 13:30||NIFTY27JAN2623900PE,0.18385321655226605
12-01-2026 13:40||NIFTY27JAN2623900PE,0.18672233694491863
12-01-2026 13:45||NIFTY27JAN2623900PE,0.18687811602435972
12-01-2026 14:25||NIFTY27JAN2623900PE,0.18849836809987203
12-01-2026 14:30||NIFTY27JAN2623900PE,0.18838031027438595
12-01-2026 15:00||NIFTY27JAN2623900PE,0.18910974180671838
12-01-2026 15:15||NIFTY27JAN2623900PE,0.19120838367781312
13-01-2026 09:50||NIFTY27JAN2623900PE,0.19113985324513733
13-01-2026 10:20||NIFTY27JAN2623900PE,0.19097708463850255
13-01-2026 10:25||NIFTY27JAN2623900PE,0.19174259351573358
13-01-2026 10:35||NIFTY27JAN2623900PE,0.19485376703798593
13-01-2026 10:40||NIFTY27JAN2623900PE,0.1922568852188335
13-01-2026 10:45||NIFTY27JAN2623900PE,0.19078374144252166
13-01-2026 11:00||NIFTY27JAN2623900PE,0.1900137297149354
13-01-2026 11:10||NIFTY27JAN2623900PE,0.18964724486918955
13-01-2026 11:35||NIFTY27JAN2623900PE,0.19100214483529912
13-01-2026 12:30||NIFTY27JAN2623900PE,0.1832563031520981
13-01-2026 12:50||NIFTY27JAN2623900PE,0.18108803077173521
13-01-2026 13:10||NIFTY27JAN2623900PE,0.18333425022920818
13-01-2026 14:00||NIFTY27JAN2623900PE,0.1807708730905402
13-01-2026 14:05||NIFTY27JAN2623900PE,0.18015476933934121
13-01-2026 14:55||NIFTY27JAN2623900PE,0.1827831153447646
13-01-2026 15:00||NIFTY27JAN2623900PE,0.18417093528144032
13-01-2026 15:20||NIFTY27JAN2623900PE,0.18284972417594944
14-01-2026 09:50||NIFTY27JAN2623900PE,0.18736092534627194
14-01-2026 10:30||NIFTY27JAN2623900PE,0.18534301706887027
14-01-2026 10:35||NIFTY27JAN2623900PE,0.18726845081524152
14-01-2026 11:20||NIFTY27JAN2623900PE,0.1911249126170726
14-01-2026 11:25||NIFTY27JAN2623900PE,0.18832559715483044
14-01-2026 11:35||NIFTY27JAN2623900PE,0.19031501220090014
14-01-2026 11:40||NIFTY27JAN2623900PE,0.19025159370208794
14-01-2026 11:45||NIFTY27JAN2623900PE,0.19022909962420198
14-01-2026 12:20||NIFTY27JAN2623900PE,0.19169492177447459
14-01-2026 12:30||NIFTY27JAN2623900PE,0.19065478007556436
14-01-2026 12:35||NIFTY27JAN2623900PE,0.19132391129541948
14-01-2026 12:55||NIFTY27JAN2623900PE,0.1884988156655839
14-01-2026 14:00||NIFTY27JAN2623900PE,0.18286379523380838
14-01-2026 14:30||NIFTY27JAN2623900PE,0.18133453474443664
14-01-2026 15:05||NIFTY27JAN2623900PE,0.18510535223982494
14-01-2026 15:25||NIFTY27JAN2623900PE,0.18435483137971953
16-01-2026 09:45||NIFTY27JAN2623900PE,0.18989866030021116
16-01-2026 09:50||NIFTY27JAN2623900PE,0.1930124169202669
16-01-2026 10:10||NIFTY27JAN2623900PE,0.19625457763828605
16-01-2026 10:55||NIFTY27JAN2623900PE,0.20454656976151014
16-01-2026 11:15||NIFTY27JAN2623900PE,0.20067884597893215
16-01-2026 11:50||NIFTY27JAN2623900PE,0.19778192786583682
16-01-2026 12:00||NIFTY27JAN2623900PE,0.19513653649304297
16-01-2026 12:20||NIFTY27JAN2623900PE,0.19795640394105352
16-01-2026 12:35||NIFTY27JAN2623900PE,0.19448051809437084
16-01-2026 12:55||NIFTY27JAN2623900PE,0.19257247890299706
16-01-2026 13:25||NIFTY27JAN2623900PE,0.1839226947992877
16-01-2026 13:40||NIFTY27JAN2623900PE,0.18630840307922936
16-01-2026 13:45||NIFTY27JAN2623900PE,0.18612567970109228
16-01-2026 13:55||NIFTY27JAN2623900PE,0.18593449636275594
16-01-2026 14:25||NIFTY27JAN2623900PE,0.18913111765834034
16-01-2026 14:45||NIFTY27JAN2623900PE,0.18754122772931556
16-01-2026 14:50||NIFTY27JAN2623900PE,0.18728274918373855
16-01-2026 15:05||NIFTY27JAN2623900PE,0.18661986757250618
16-01-2026 15:10||NIFTY27JAN2623900PE,0.18568434050706745
16-01-2026 15:20||NIFTY27JAN2623900PE,0.18663110468258076
19-01-2026 09:45||NIFTY27JAN2623900PE,0.20145859529906363
19-01-2026 09:50||NIFTY27JAN2623900PE,0.2016334751282809
19-01-2026 10:20||NIFTY27JAN2623900PE,0.20154239627440157
19-01-2026 10:30||NIFTY27JAN2623900PE,0.2002674598603288
19-01-2026 10:40||NIFTY27JAN2623900PE,0.1976722082189726
19-01-2026 11:00||NIFTY27JAN2623900PE,0.20334276475277052
19-01-2026 11:05||NIFTY27JAN2623900PE,0.20401453389384058
19-01-2026 11:35||NIFTY27JAN2623900PE,0.19976492053926384
19-01-2026 12:05||NIFTY27JAN2623900PE,0.20077140373588392
19-01-2026 12:10||NIFTY27JAN2623900PE,0.20103291904441972
19-01-2026 12:15||NIFTY27JAN2623900PE,0.20056449832996998
19-01-2026 12:30||NIFTY27JAN2623900PE,0.2011864045834647
19-01-2026 12:55||NIFTY27JAN2623900PE,0.2032023513148174
19-01-2026 13:00||NIFTY27JAN2623900PE,0.20529660058897367
19-01-2026 13:10||NIFTY27JAN2623900PE,0.20605539830712025
19-01-2026 13:25||NIFTY27JAN2623900PE,0.20521006605460243
19-01-2026 13:50||NIFTY27JAN2623900PE,0.20565400452034513
19-01-2026 14:45||NIFTY27JAN2623900PE,0.21159219497899698
19-01-2026 15:05||NIFTY27JAN2623900PE,0.21011309889820368
20-01-2026 09:15||NIFTY27JAN2623900PE,0.2083984205815344
20-01-2026 09:25||NIFTY27JAN2623900PE,0.20355621579108846
20-01-2026 09:30||NIFTY27JAN2623900PE,0.20285957480173927
20-01-2026 09:55||NIFTY27JAN2623900PE,0.2044606655816535
20-01-2026 10:00||NIFTY27JAN2623900PE,0.20621948397745005
20-01-2026 10:30||NIFTY27JAN2623900PE,0.20630635830692634
20-01-2026 11:30||NIFTY27JAN2623900PE,0.20435068366965056
20-01-2026 11:45||NIFTY27JAN2623900PE,0.20420067302577288
20-01-2026 11:55||NIFTY27JAN2623900PE,0.20838325351903514
20-01-2026 12:20||NIFTY27JAN2623900PE,0.2040375883096039
20-01-2026 12:30||NIFTY27JAN2623900PE,0.2037009659575435
20-01-2026 13:00||NIFTY27JAN2623900PE,0.20331539390828884
20-01-2026 13:15||NIFTY27JAN2623900PE,0.20258919082813678
20-01-2026 14:55||NIFTY27JAN2623900PE,0.20888679492895681
20-01-2026 15:05||NIFTY27JAN2623900PE,0.20622429181962837
21-01-2026 09:20||NIFTY27JAN2623900PE,0.2196288676953171
21-01-2026 09:30||NIFTY27JAN2623900PE,0.22528903297954359
21-01-2026 09:35||NIFTY27JAN2623900PE,0.2285574538006269
21-01-2026 10:55||NIFTY27JAN2623900PE,0.21061178364635585
21-01-2026 11:20||NIFTY27JAN2623900PE,0.21589041683735125
21-01-2026 11:30||NIFTY27JAN2623900PE,0.21659839900650057
21-01-2026 11:35||NIFTY27JAN2623900PE,0.2173275752101398
21-01-2026 13:05||NIFTY27JAN2623900PE,0.24236427345200368
21-01-2026 13:20||NIFTY27JAN2623900PE,0.236730772031446
21-01-2026 14:25||NIFTY27JAN2623900PE,0.22109062130582846
21-01-2026 14:50||NIFTY27JAN2623900PE,0.21419905065422384
21-01-2026 15:00||NIFTY27JAN2623900PE,0.21478125781148993
22-01-2026 09:20||NIFTY27JAN2623900PE,0.23385930965526736
22-01-2026 09:45||NIFTY27JAN2623900PE,0.2793012926691363
22-01-2026 09:50||NIFTY27JAN2623900PE,0.27428648598015604
22-01-2026 10:15||NIFTY27JAN2623900PE,0.24872462110895693
22-01-2026 10:25||NIFTY27JAN2623900PE,0.23013568323798045
22-01-2026 10:45||NIFTY27JAN2623900PE,0.22657203132624454
22-01-2026 10:50||NIFTY27JAN2623900PE,0.22575244847425052
22-01-2026 11:15||NIFTY27JAN2623900PE,0.22267373268377047
22-01-2026 11:20||NIFTY27JAN2623900PE,0.21921503242580595
22-01-2026 11:25||NIFTY27JAN2623900PE,0.22706103761276128
22-01-2026 11:45||NIFTY27JAN2623900PE,0.21810143314831826
22-01-2026 12:25||NIFTY27JAN2623900PE,0.2206137702815208
22-01-2026 13:20||NIFTY27JAN2623900PE,0.2146624479457986
22-01-2026 13:35||NIFTY27JAN2623900PE,0.21550755972412652
22-01-2026 14:00||NIFTY27JAN2623900PE,0.21605849734021557
22-01-2026 14:10||NIFTY27JAN2623900PE,0.21264437008854187
22-01-2026 14:20||NIFTY27JAN2623900PE,0.2056268308319477
23-01-2026 09:20||NIFTY27JAN2623900PE,0.2334026839111088
23-01-2026 09:30||NIFTY27JAN2623900PE,0.24249355581239485
23-01-2026 09:35||NIFTY27JAN2623900PE,0.23936635062573025
23-01-2026 09:45||NIFTY27JAN2623900PE,0.2358864574113089
23-01-2026 09:50||NIFTY27JAN2623900PE,0.23894299879304168
23-01-2026 10:50||NIFTY27JAN2623900PE,0.2380019918906963
23-01-2026 11:25||NIFTY27JAN2623900PE,0.23356678490819158
23-01-2026 11:40||NIFTY27JAN2623900PE,0.2275623796886013
23-01-2026 12:10||NIFTY27JAN2623900PE,0.22067653682954283
23-01-2026 12:45||NIFTY27JAN2623900PE,0.22394608547210476
23-01-2026 13:10||NIFTY27JAN2623900PE,0.22188181898567827
23-01-2026 13:35||NIFTY27JAN2623900PE,0.2093894328185208
23-01-2026 13:40||NIFTY27JAN2623900PE,0.21335542006904307
23-01-2026 13:45||NIFTY27JAN2623900PE,0.2065257904022739
23-01-2026 14:10||NIFTY27JAN2623900PE,0.2099618213788782
23-01-2026 14:35||NIFTY27JAN2623900PE,0.21213141412452663
23-01-2026 14:40||NIFTY27JAN2623900PE,0.21356508837240534
23-01-2026 14:55||NIFTY27JAN2623900PE,0.2124425486410397
23-01-2026 15:00||NIFTY27JAN2623900PE,0.2110498032148485
23-01-2026 15:05||NIFTY27JAN2623900PE,0.2084173765063619
23-01-2026 15:20||NIFTY27JAN2623900PE,0.2077394485226501
27-01-2026 09:25||NIFTY27JAN2623900PE,0.661141830803414
27-01-2026 10:05||NIFTY27JAN2623900PE,0.7885988908945047
27-01-2026 10:20||NIFTY27JAN2623900PE,0.8321627359446103
27-01-2026 10:50||NIFTY27JAN2623900PE,0.7789304238284086
27-01-2026 10:55||NIFTY27JAN2623900PE,0.7649048990009752
27-01-2026 11:00||NIFTY27JAN2623900PE,0.7860122434362842
27-01-2026 11:55||NIFTY27JAN2623900PE,0.9023872266626205
27-01-2026 12:55||NIFTY27JAN2623900PE,1.0415043095289385
27-01-2026 13:05||NIFTY27JAN2623900PE,1.0507203725514525
27-01-2026 13:35||NIFTY27JAN2623900PE,1.1563454274079001
27-01-2026 13:45||NIFTY27JAN2623900PE,1.1707072950891784
27-01-2026 13:50||NIFTY27JAN2623900PE,1.2429527487082206
27-01-2026 14:10||NIFTY27JAN2623900PE,1.3234302717223656
27-01-2026 14:25||NIFTY27JAN2623900PE,1.4553836788602021
27-01-2026 15:10||NIFTY27JAN2623900PE,2.5684411914558964
27-01-2026 15:20||NIFTY27JAN2623900PE,3.684173441209817
07-01-2026 09:20||NIFTY27JAN2624000PE,0.1694617410466521
07-01-2026 10:20||NIFTY27JAN2624000PE,0.17222187777140027
07-01-2026 10:25||NIFTY27JAN2624000PE,0.17084618128172052
07-01-2026 10:45||NIFTY27JAN2624000PE,0.1705794890984204
07-01-2026 11:15||NIFTY27JAN2624000PE,0.17079147477493006
07-01-2026 11:40||NIFTY27JAN2624000PE,0.17059318721304487
07-01-2026 11:45||NIFTY27JAN2624000PE,0.1700243443671619
07-01-2026 11:50||NIFTY27JAN2624000PE,0.17005294830999046
07-01-2026 12:10||NIFTY27JAN2624000PE,0.16824262675785662
07-01-2026 12:20||NIFTY27JAN2624000PE,0.16827089561572886
07-01-2026 12:30||NIFTY27JAN2624000PE,0.168148104374098
07-01-2026 12:45||NIFTY27JAN2624000PE,0.16652744457343555
07-01-2026 13:00||NIFTY27JAN2624000PE,0.16833883786687698
07-01-2026 13:20||NIFTY27JAN2624000PE,0.16729913005609637
07-01-2026 13:30||NIFTY27JAN2624000PE,0.16644364324696828
07-01-2026 14:05||NIFTY27JAN2624000PE,0.1667994267993527
07-01-2026 14:10||NIFTY27JAN2624000PE,0.16683059784037904
07-01-2026 14:35||NIFTY27JAN2624000PE,0.16665891381171472
07-01-2026 14:45||NIFTY27JAN2624000PE,0.16847522895316697
07-01-2026 15:10||NIFTY27JAN2624000PE,0.17019712560712133
08-01-2026 10:25||NIFTY27JAN2624000PE,0.16846804523892567
08-01-2026 10:30||NIFTY27JAN2624000PE,0.16858956871365793
08-01-2026 10:35||NIFTY27JAN2624000PE,0.16921245775714083
08-01-2026 10:40||NIFTY27JAN2624000PE,0.1678883078273372
08-01-2026 10:55||NIFTY27JAN2624000PE,0.16744124123814325
08-01-2026 11:00||NIFTY27JAN2624000PE,0.16680889604851773
08-01-2026 11:10||NIFTY27JAN2624000PE,0.1670555234846341
08-01-2026 12:05||NIFTY27JAN2624000PE,0.16783744161004074
08-01-2026 12:10||NIFTY27JAN2624000PE,0.169407981727193
08-01-2026 13:20||NIFTY27JAN2624000PE,0.17412886138005543
08-01-2026 14:45||NIFTY27JAN2624000PE,0.1707178748102379
08-01-2026 15:00||NIFTY27JAN2624000PE,0.16918711895856792
08-01-2026 15:10||NIFTY27JAN2624000PE,0.16676547472752964
08-01-2026 15:20||NIFTY27JAN2624000PE,0.1668251615239617
09-01-2026 09:45||NIFTY27JAN2624000PE,0.16478916631862656
09-01-2026 10:20||NIFTY27JAN2624000PE,0.16694788537669286
09-01-2026 10:40||NIFTY27JAN2624000PE,0.16607376032361357
09-01-2026 11:05||NIFTY27JAN2624000PE,0.16317052759918219
09-01-2026 11:30||NIFTY27JAN2624000PE,0.16324290178171336
09-01-2026 12:20||NIFTY27JAN2624000PE,0.16230068776409307
09-01-2026 13:10||NIFTY27JAN2624000PE,0.16356423965729955
09-01-2026 13:55||NIFTY27JAN2624000PE,0.1602985882610089
09-01-2026 14:30||NIFTY27JAN2624000PE,0.1613717300403406
09-01-2026 14:55||NIFTY27JAN2624000PE,0.16245016986897615
09-01-2026 15:00||NIFTY27JAN2624000PE,0.161869067094732
09-01-2026 15:10||NIFTY27JAN2624000PE,0.16193711621871892
12-01-2026 09:15||NIFTY27JAN2624000PE,0.17665928448319113
12-01-2026 09:30||NIFTY27JAN2624000PE,0.1743072986493185
12-01-2026 10:10||NIFTY27JAN2624000PE,0.17521453335473564
12-01-2026 10:55||NIFTY27JAN2624000PE,0.17516740783730472
12-01-2026 11:00||NIFTY27JAN2624000PE,0.17446054552722884
12-01-2026 11:30||NIFTY27JAN2624000PE,0.1706538851193641
12-01-2026 11:55||NIFTY27JAN2624000PE,0.1697312761526656
12-01-2026 12:05||NIFTY27JAN2624000PE,0.16939285754247907
12-01-2026 13:40||NIFTY27JAN2624000PE,0.18113377865292307
12-01-2026 13:55||NIFTY27JAN2624000PE,0.1830292248483241
12-01-2026 14:00||NIFTY27JAN2624000PE,0.18210454862132658
12-01-2026 14:45||NIFTY27JAN2624000PE,0.18287854925442193
12-01-2026 14:50||NIFTY27JAN2624000PE,0.1829130871968794
12-01-2026 15:10||NIFTY27JAN2624000PE,0.18345832791197048
12-01-2026 15:15||NIFTY27JAN2624000PE,0.18506551647325056
13-01-2026 09:15||NIFTY27JAN2624000PE,0.18873069457686023
13-01-2026 09:35||NIFTY27JAN2624000PE,0.18503151103914814
13-01-2026 10:05||NIFTY27JAN2624000PE,0.1827347581709946
13-01-2026 10:40||NIFTY27JAN2624000PE,0.18598351494920276
13-01-2026 11:25||NIFTY27JAN2624000PE,0.18206748301576675
13-01-2026 11:50||NIFTY27JAN2624000PE,0.1813886024573464
13-01-2026 12:30||NIFTY27JAN2624000PE,0.1771746837329227
13-01-2026 12:55||NIFTY27JAN2624000PE,0.17453966582206304
13-01-2026 13:00||NIFTY27JAN2624000PE,0.1743542088472177
13-01-2026 13:05||NIFTY27JAN2624000PE,0.1750458857989056
13-01-2026 13:15||NIFTY27JAN2624000PE,0.17625920357582736
13-01-2026 13:25||NIFTY27JAN2624000PE,0.17716804509186787
13-01-2026 13:30||NIFTY27JAN2624000PE,0.1766118748878549
13-01-2026 13:45||NIFTY27JAN2624000PE,0.17617069298988092
13-01-2026 14:00||NIFTY27JAN2624000PE,0.17451378931461126
13-01-2026 14:20||NIFTY27JAN2624000PE,0.1713583859154104
13-01-2026 14:25||NIFTY27JAN2624000PE,0.17087401600023688
13-01-2026 15:05||NIFTY27JAN2624000PE,0.17373256644843127
13-01-2026 15:10||NIFTY27JAN2624000PE,0.17594907789127612
14-01-2026 09:25||NIFTY27JAN2624000PE,0.1828109470979516
14-01-2026 09:30||NIFTY27JAN2624000PE,0.18539072124041622
14-01-2026 09:35||NIFTY27JAN2624000PE,0.18430082980871704
14-01-2026 09:40||NIFTY27JAN2624000PE,0.18233215306455963
14-01-2026 10:00||NIFTY27JAN2624000PE,0.18187643556071253
14-01-2026 10:10||NIFTY27JAN2624000PE,0.17989867512685842
14-01-2026 10:30||NIFTY27JAN2624000PE,0.17947041868227942
14-01-2026 10:45||NIFTY27JAN2624000PE,0.17702735679468978
14-01-2026 10:50||NIFTY27JAN2624000PE,0.17987646024982934
14-01-2026 11:05||NIFTY27JAN2624000PE,0.1822191501883943
14-01-2026 11:10||NIFTY27JAN2624000PE,0.18151220121409906
14-01-2026 13:05||NIFTY27JAN2624000PE,0.1821937840284792
14-01-2026 13:10||NIFTY27JAN2624000PE,0.18291127092521733
14-01-2026 13:15||NIFTY27JAN2624000PE,0.1818236527614848
14-01-2026 13:35||NIFTY27JAN2624000PE,0.178623578562707
14-01-2026 14:05||NIFTY27JAN2624000PE,0.17492413753380703
14-01-2026 14:35||NIFTY27JAN2624000PE,0.17459891044361675
16-01-2026 09:55||NIFTY27JAN2624000PE,0.18691775803102018
16-01-2026 10:00||NIFTY27JAN2624000PE,0.186713262287651
16-01-2026 10:05||NIFTY27JAN2624000PE,0.1878626207078965
16-01-2026 10:25||NIFTY27JAN2624000PE,0.19821323222164822
16-01-2026 10:35||NIFTY27JAN2624000PE,0.19931940908161472
16-01-2026 10:45||NIFTY27JAN2624000PE,0.19853193814568126
16-01-2026 11:10||NIFTY27JAN2624000PE,0.1948745074373484
16-01-2026 11:20||NIFTY27JAN2624000PE,0.1919041979722751
16-01-2026 11:55||NIFTY27JAN2624000PE,0.19097434352504145
16-01-2026 12:00||NIFTY27JAN2624000PE,0.18785686674334573
16-01-2026 12:15||NIFTY27JAN2624000PE,0.19105324508931792
16-01-2026 12:45||NIFTY27JAN2624000PE,0.1844189685823362
16-01-2026 13:30||NIFTY27JAN2624000PE,0.1779950757437751
16-01-2026 14:45||NIFTY27JAN2624000PE,0.1796284593937988
16-01-2026 15:00||NIFTY27JAN2624000PE,0.1793286865293211
16-01-2026 15:20||NIFTY27JAN2624000PE,0.1785529708050902
19-01-2026 09:30||NIFTY27JAN2624000PE,0.1911068232061492
19-01-2026 09:45||NIFTY27JAN2624000PE,0.19304588099599887
19-01-2026 10:40||NIFTY27JAN2624000PE,0.18939133096630673
19-01-2026 10:45||NIFTY27JAN2624000PE,0.19178149854664736
19-01-2026 13:00||NIFTY27JAN2624000PE,0.19679289869464767
19-01-2026 14:25||NIFTY27JAN2624000PE,0.20228296509447657
19-01-2026 14:40||NIFTY27JAN2624000PE,0.2020651153808367
19-01-2026 14:50||NIFTY27JAN2624000PE,0.20396980581610125
20-01-2026 09:15||NIFTY27JAN2624000PE,0.19954864718514223
20-01-2026 09:20||NIFTY27JAN2624000PE,0.19835582072195626
20-01-2026 10:15||NIFTY27JAN2624000PE,0.19463468994917923
20-01-2026 10:30||NIFTY27JAN2624000PE,0.1971255345442107
20-01-2026 10:40||NIFTY27JAN2624000PE,0.19812724871990134
20-01-2026 11:00||NIFTY27JAN2624000PE,0.19673285988473288
20-01-2026 11:25||NIFTY27JAN2624000PE,0.1925476783728619
20-01-2026 11:40||NIFTY27JAN2624000PE,0.1942081489859281
20-01-2026 11:55||NIFTY27JAN2624000PE,0.19850278087863724
20-01-2026 12:20||NIFTY27JAN2624000PE,0.1942102330814269
20-01-2026 12:40||NIFTY27JAN2624000PE,0.19254013116112767
20-01-2026 13:10||NIFTY27JAN2624000PE,0.19393549429460016
20-01-2026 13:45||NIFTY27JAN2624000PE,0.19327959553473392
20-01-2026 13:50||NIFTY27JAN2624000PE,0.19243422210431346
20-01-2026 14:10||NIFTY27JAN2624000PE,0.1940385219903153
20-01-2026 14:30||NIFTY27JAN2624000PE,0.19560163898765007
20-01-2026 14:50||NIFTY27JAN2624000PE,0.19905596696532896
20-01-2026 14:55||NIFTY27JAN2624000PE,0.19870276745955323
20-01-2026 15:15||NIFTY27JAN2624000PE,0.20318618353761564
21-01-2026 09:25||NIFTY27JAN2624000PE,0.21893494137522254
21-01-2026 09:30||NIFTY27JAN2624000PE,0.21475355581448877
21-01-2026 10:00||NIFTY27JAN2624000PE,0.20159749452078407
21-01-2026 10:10||NIFTY27JAN2624000PE,0.19768991262417918
21-01-2026 10:15||NIFTY27JAN2624000PE,0.19989722693429415
21-01-2026 11:00||NIFTY27JAN2624000PE,0.2037981434538121
21-01-2026 11:05||NIFTY27JAN2624000PE,0.1981128500752362
21-01-2026 11:30||NIFTY27JAN2624000PE,0.20662929254661844
21-01-2026 11:50||NIFTY27JAN2624000PE,0.20669285754271088
21-01-2026 11:55||NIFTY27JAN2624000PE,0.20705360340570145
21-01-2026 12:25||NIFTY27JAN2624000PE,0.21932965369720003
21-01-2026 12:35||NIFTY27JAN2624000PE,0.21441205871782093
21-01-2026 13:30||NIFTY27JAN2624000PE,0.22858371741009892
21-01-2026 13:35||NIFTY27JAN2624000PE,0.21814118419973014
21-01-2026 14:10||NIFTY27JAN2624000PE,0.2117833157591793
21-01-2026 14:20||NIFTY27JAN2624000PE,0.21513218236599957
21-01-2026 14:40||NIFTY27JAN2624000PE,0.20824830612323186
22-01-2026 09:20||NIFTY27JAN2624000PE,0.22217279734318102
22-01-2026 10:20||NIFTY27JAN2624000PE,0.2265872986933714
22-01-2026 10:25||NIFTY27JAN2624000PE,0.22022721488687497
22-01-2026 10:55||NIFTY27JAN2624000PE,0.2198776641584093
22-01-2026 11:25||NIFTY27JAN2624000PE,0.21654269465753456
22-01-2026 11:55||NIFTY27JAN2624000PE,0.2094854156852599
22-01-2026 12:10||NIFTY27JAN2624000PE,0.2086455480925328
22-01-2026 12:15||NIFTY27JAN2624000PE,0.2073509491617328
22-01-2026 13:00||NIFTY27JAN2624000PE,0.20404707090750718
22-01-2026 13:30||NIFTY27JAN2624000PE,0.19969326024037842
22-01-2026 13:40||NIFTY27JAN2624000PE,0.20195632351567427
22-01-2026 14:05||NIFTY27JAN2624000PE,0.20274439922702076
22-01-2026 14:20||NIFTY27JAN2624000PE,0.19543843542125838
22-01-2026 14:35||NIFTY27JAN2624000PE,0.20552683319396559
22-01-2026 14:45||NIFTY27JAN2624000PE,0.20417836679778126
22-01-2026 15:10||NIFTY27JAN2624000PE,0.2040020521443881
23-01-2026 09:30||NIFTY27JAN2624000PE,0.2302336959722679
23-01-2026 09:35||NIFTY27JAN2624000PE,0.2266873995830697
23-01-2026 10:10||NIFTY27JAN2624000PE,0.22416438160398677
23-01-2026 10:35||NIFTY27JAN2624000PE,0.22841297540179584
23-01-2026 10:40||NIFTY27JAN2624000PE,0.22586872811553138
23-01-2026 11:10||NIFTY27JAN2624000PE,0.22379203145714727
23-01-2026 12:00||NIFTY27JAN2624000PE,0.2103379193330812
23-01-2026 12:10||NIFTY27JAN2624000PE,0.20737120169221024
23-01-2026 13:10||NIFTY27JAN2624000PE,0.2091417707658892
23-01-2026 13:45||NIFTY27JAN2624000PE,0.1930062854827646
23-01-2026 13:50||NIFTY27JAN2624000PE,0.19416432038132359
23-01-2026 15:10||NIFTY27JAN2624000PE,0.1930378665675802
27-01-2026 09:45||NIFTY27JAN2624000PE,0.7308912472196095
27-01-2026 10:00||NIFTY27JAN2624000PE,0.7318579337865105
27-01-2026 10:45||NIFTY27JAN2624000PE,0.6949051923147913
27-01-2026 10:50||NIFTY27JAN2624000PE,0.711481695940352
27-01-2026 11:25||NIFTY27JAN2624000PE,0.7591930094424894
27-01-2026 11:35||NIFTY27JAN2624000PE,0.7940449609321738
27-01-2026 11:40||NIFTY27JAN2624000PE,0.8188037107255857
27-01-2026 11:55||NIFTY27JAN2624000PE,0.818715302401675
27-01-2026 12:20||NIFTY27JAN2624000PE,0.8783804688497441
27-01-2026 12:55||NIFTY27JAN2624000PE,0.9629169508097828
27-01-2026 13:20||NIFTY27JAN2624000PE,1.0150953722313627
27-01-2026 13:55||NIFTY27JAN2624000PE,1.1659414030350495
27-01-2026 14:05||NIFTY27JAN2624000PE,1.1811665861055225
27-01-2026 14:10||NIFTY27JAN2624000PE,1.2395216978293002
27-01-2026 14:15||NIFTY27JAN2624000PE,1.277816548882442
27-01-2026 14:25||NIFTY27JAN2624000PE,1.341508496489845
27-01-2026 14:30||NIFTY27JAN2624000PE,1.4279598267569804
27-01-2026 14:35||NIFTY27JAN2624000PE,1.4662399120329794
27-01-2026 14:40||NIFTY27JAN2624000PE,1.5921359505372301
27-01-2026 14:45||NIFTY27JAN2624000PE,1.6633627690573463
27-01-2026 14:50||NIFTY27JAN2624000PE,1.778649421022941
27-01-2026 14:55||NIFTY27JAN2624000PE,1.972479465174576
27-01-2026 15:05||NIFTY27JAN2624000PE,2.176167750404339
27-01-2026 15:10||NIFTY27JAN2624000PE,2.400308871040383
07-01-2026 09:15||NIFTY27JAN2624100PE,0.16275919507480568
07-01-2026 10:25||NIFTY27JAN2624100PE,0.16525351292114576
07-01-2026 12:30||NIFTY27JAN2624100PE,0.16260016416267675
07-01-2026 13:50||NIFTY27JAN2624100PE,0.16118269167502486
07-01-2026 14:35||NIFTY27JAN2624100PE,0.16148009520478096
07-01-2026 14:40||NIFTY27JAN2624100PE,0.16247406654665644
07-01-2026 14:55||NIFTY27JAN2624100PE,0.16344099334848938
07-01-2026 15:20||NIFTY27JAN2624100PE,0.1648527098193675
08-01-2026 09:15||NIFTY27JAN2624100PE,0.16543667673452928
08-01-2026 09:20||NIFTY27JAN2624100PE,0.16530807168895983
08-01-2026 09:25||NIFTY27JAN2624100PE,0.16352327396867047
08-01-2026 09:30||NIFTY27JAN2624100PE,0.1627429965712937
08-01-2026 09:35||NIFTY27JAN2624100PE,0.16219251715776511
08-01-2026 10:10||NIFTY27JAN2624100PE,0.16306713043307722
08-01-2026 11:15||NIFTY27JAN2624100PE,0.1636348517033258
08-01-2026 11:30||NIFTY27JAN2624100PE,0.1640062555705395
08-01-2026 11:35||NIFTY27JAN2624100PE,0.16365233034406884
08-01-2026 11:40||NIFTY27JAN2624100PE,0.16402821622495561
08-01-2026 12:15||NIFTY27JAN2624100PE,0.16627863743259308
08-01-2026 12:25||NIFTY27JAN2624100PE,0.16907140163969514
08-01-2026 12:40||NIFTY27JAN2624100PE,0.1679749170185971
08-01-2026 13:10||NIFTY27JAN2624100PE,0.16797465756973978
08-01-2026 13:40||NIFTY27JAN2624100PE,0.1669812788226624
08-01-2026 14:50||NIFTY27JAN2624100PE,0.16548997202392837
08-01-2026 15:25||NIFTY27JAN2624100PE,0.16144153918390616
09-01-2026 09:20||NIFTY27JAN2624100PE,0.16354850306969568
09-01-2026 09:25||NIFTY27JAN2624100PE,0.16014950964149569
09-01-2026 09:50||NIFTY27JAN2624100PE,0.15980135219953145
09-01-2026 10:00||NIFTY27JAN2624100PE,0.16194667934150075
09-01-2026 10:50||NIFTY27JAN2624100PE,0.16080628985646883
09-01-2026 11:30||NIFTY27JAN2624100PE,0.1576376091807713
09-01-2026 11:35||NIFTY27JAN2624100PE,0.1569528189211303
09-01-2026 12:15||NIFTY27JAN2624100PE,0.1562432524143699
09-01-2026 12:35||NIFTY27JAN2624100PE,0.15748204546422334
09-01-2026 12:40||NIFTY27JAN2624100PE,0.15770458460212122
09-01-2026 12:45||NIFTY27JAN2624100PE,0.15768833995544507
09-01-2026 12:50||NIFTY27JAN2624100PE,0.15542920522898968
09-01-2026 12:55||NIFTY27JAN2624100PE,0.15732697453120803
09-01-2026 13:05||NIFTY27JAN2624100PE,0.15838604101092205
09-01-2026 13:10||NIFTY27JAN2624100PE,0.15731979420245432
09-01-2026 13:15||NIFTY27JAN2624100PE,0.1573554805809526
09-01-2026 13:20||NIFTY27JAN2624100PE,0.15751437769403503
09-01-2026 13:35||NIFTY27JAN2624100PE,0.15785567326256078
09-01-2026 13:45||NIFTY27JAN2624100PE,0.15600036656525673
09-01-2026 14:05||NIFTY27JAN2624100PE,0.1560811389648748
09-01-2026 14:20||NIFTY27JAN2624100PE,0.15621070148079097
09-01-2026 14:25||NIFTY27JAN2624100PE,0.1570161889752603
09-01-2026 15:25||NIFTY27JAN2624100PE,0.1578590193647017
12-01-2026 10:10||NIFTY27JAN2624100PE,0.16907123634636495
12-01-2026 11:05||NIFTY27JAN2624100PE,0.16697908786397572
12-01-2026 12:00||NIFTY27JAN2624100PE,0.1633743592539813
12-01-2026 13:40||NIFTY27JAN2624100PE,0.1753530067928474
12-01-2026 13:55||NIFTY27JAN2624100PE,0.1767762727251397
12-01-2026 14:10||NIFTY27JAN2624100PE,0.1762854397683027
12-01-2026 14:15||NIFTY27JAN2624100PE,0.17513515567964572
12-01-2026 14:40||NIFTY27JAN2624100PE,0.17632073842220278
12-01-2026 15:20||NIFTY27JAN2624100PE,0.18057192789081195
13-01-2026 09:55||NIFTY27JAN2624100PE,0.1775693526354579
13-01-2026 10:10||NIFTY27JAN2624100PE,0.17960191957569557
13-01-2026 10:20||NIFTY27JAN2624100PE,0.1783317224176199
13-01-2026 11:05||NIFTY27JAN2624100PE,0.17611421362102458
13-01-2026 11:35||NIFTY27JAN2624100PE,0.1775949480426945
13-01-2026 12:20||NIFTY27JAN2624100PE,0.17159772834214165
13-01-2026 12:30||NIFTY27JAN2624100PE,0.17104980370648287
13-01-2026 12:40||NIFTY27JAN2624100PE,0.16993771181769846
13-01-2026 12:50||NIFTY27JAN2624100PE,0.16928501727101597
13-01-2026 13:15||NIFTY27JAN2624100PE,0.1701995471860828
13-01-2026 13:30||NIFTY27JAN2624100PE,0.17025850113617558
13-01-2026 13:45||NIFTY27JAN2624100PE,0.1698658290367941
13-01-2026 14:00||NIFTY27JAN2624100PE,0.16827635665907328
13-01-2026 14:25||NIFTY27JAN2624100PE,0.16462843212204026
13-01-2026 14:55||NIFTY27JAN2624100PE,0.1696165550686939
14-01-2026 09:20||NIFTY27JAN2624100PE,0.17611256303051176
14-01-2026 09:55||NIFTY27JAN2624100PE,0.17874872017257712
14-01-2026 10:15||NIFTY27JAN2624100PE,0.17437534366351076
14-01-2026 10:40||NIFTY27JAN2624100PE,0.17299547510063762
14-01-2026 11:00||NIFTY27JAN2624100PE,0.17511564946750938
14-01-2026 11:15||NIFTY27JAN2624100PE,0.17573434638482244
14-01-2026 13:25||NIFTY27JAN2624100PE,0.1727056343626689
14-01-2026 13:35||NIFTY27JAN2624100PE,0.17233776969633458
14-01-2026 13:45||NIFTY27JAN2624100PE,0.16803704181772622
14-01-2026 14:55||NIFTY27JAN2624100PE,0.17268049357243598
14-01-2026 15:10||NIFTY27JAN2624100PE,0.16966814842163683
16-01-2026 09:15||NIFTY27JAN2624100PE,0.17852510536699168
16-01-2026 09:20||NIFTY27JAN2624100PE,0.1787762405785563
16-01-2026 09:35||NIFTY27JAN2624100PE,0.17411571502780476
16-01-2026 10:05||NIFTY27JAN2624100PE,0.18105584780766848
16-01-2026 11:20||NIFTY27JAN2624100PE,0.18486113522991549
16-01-2026 13:05||NIFTY27JAN2624100PE,0.1744279860271325
16-01-2026 13:15||NIFTY27JAN2624100PE,0.17298715458893105
16-01-2026 13:45||NIFTY27JAN2624100PE,0.17040591644220865
16-01-2026 14:05||NIFTY27JAN2624100PE,0.1713468813337649
16-01-2026 14:45||NIFTY27JAN2624100PE,0.17200554419384934
16-01-2026 14:50||NIFTY27JAN2624100PE,0.1719466099694967
16-01-2026 15:05||NIFTY27JAN2624100PE,0.17068456301096857
19-01-2026 09:40||NIFTY27JAN2624100PE,0.18317848352384708
19-01-2026 10:20||NIFTY27JAN2624100PE,0.18370991401330666
19-01-2026 10:55||NIFTY27JAN2624100PE,0.18252509199879585
19-01-2026 11:30||NIFTY27JAN2624100PE,0.18319755276275584
19-01-2026 11:40||NIFTY27JAN2624100PE,0.1849046593464962
19-01-2026 12:15||NIFTY27JAN2624100PE,0.183976615921166
19-01-2026 12:35||NIFTY27JAN2624100PE,0.18438288599574104
19-01-2026 12:55||NIFTY27JAN2624100PE,0.18732849021715692
19-01-2026 14:00||NIFTY27JAN2624100PE,0.1933283476823235
19-01-2026 14:15||NIFTY27JAN2624100PE,0.19333089493882188
19-01-2026 14:30||NIFTY27JAN2624100PE,0.19329770260015477
19-01-2026 14:45||NIFTY27JAN2624100PE,0.19479889279228796
19-01-2026 15:10||NIFTY27JAN2624100PE,0.1925743244179401
20-01-2026 09:15||NIFTY27JAN2624100PE,0.19092045094686516
20-01-2026 09:40||NIFTY27JAN2624100PE,0.18660375498267173
20-01-2026 09:50||NIFTY27JAN2624100PE,0.188740275860091
20-01-2026 09:55||NIFTY27JAN2624100PE,0.1855720056802535
20-01-2026 10:20||NIFTY27JAN2624100PE,0.18758255872146679
20-01-2026 10:50||NIFTY27JAN2624100PE,0.1889057140219443
20-01-2026 11:40||NIFTY27JAN2624100PE,0.18516700479085582
20-01-2026 11:55||NIFTY27JAN2624100PE,0.18870309154113307
20-01-2026 12:20||NIFTY27JAN2624100PE,0.18450401651189138
20-01-2026 13:25||NIFTY27JAN2624100PE,0.1841962916686002
20-01-2026 13:30||NIFTY27JAN2624100PE,0.18401806007049756
20-01-2026 13:50||NIFTY27JAN2624100PE,0.1830642786431776
20-01-2026 14:00||NIFTY27JAN2624100PE,0.1863438899982678
20-01-2026 14:15||NIFTY27JAN2624100PE,0.1840751603860741
20-01-2026 14:25||NIFTY27JAN2624100PE,0.1852336433060615
20-01-2026 14:55||NIFTY27JAN2624100PE,0.18871784308057604
21-01-2026 09:45||NIFTY27JAN2624100PE,0.19855063124853223
21-01-2026 09:55||NIFTY27JAN2624100PE,0.19526605210692038
21-01-2026 10:50||NIFTY27JAN2624100PE,0.19428651285438395
21-01-2026 11:05||NIFTY27JAN2624100PE,0.18790535997578978
21-01-2026 11:30||NIFTY27JAN2624100PE,0.19681073751394287
21-01-2026 11:50||NIFTY27JAN2624100PE,0.1967004993633941
21-01-2026 12:00||NIFTY27JAN2624100PE,0.19357038282145148
21-01-2026 12:05||NIFTY27JAN2624100PE,0.1988886527397306
21-01-2026 12:10||NIFTY27JAN2624100PE,0.19337322523985628
21-01-2026 12:30||NIFTY27JAN2624100PE,0.20414785304351302
21-01-2026 12:35||NIFTY27JAN2624100PE,0.2045533687176651
21-01-2026 12:50||NIFTY27JAN2624100PE,0.21933997793094018
21-01-2026 13:05||NIFTY27JAN2624100PE,0.2238285477644116
21-01-2026 14:10||NIFTY27JAN2624100PE,0.20223662154513788
21-01-2026 15:00||NIFTY27JAN2624100PE,0.19393813034313145
22-01-2026 09:35||NIFTY27JAN2624100PE,0.28020952354185025
22-01-2026 09:40||NIFTY27JAN2624100PE,0.26749427598330294
22-01-2026 09:50||NIFTY27JAN2624100PE,0.25375840371006986
22-01-2026 12:40||NIFTY27JAN2624100PE,0.19789547392033266
22-01-2026 13:05||NIFTY27JAN2624100PE,0.1933434881518924
22-01-2026 13:30||NIFTY27JAN2624100PE,0.18874578961410177
22-01-2026 14:20||NIFTY27JAN2624100PE,0.18537099799805942
23-01-2026 09:15||NIFTY27JAN2624100PE,0.20845389743552672
23-01-2026 09:45||NIFTY27JAN2624100PE,0.20943257463444648
23-01-2026 10:05||NIFTY27JAN2624100PE,0.21237331097517798
23-01-2026 10:30||NIFTY27JAN2624100PE,0.2139066935642528
23-01-2026 10:35||NIFTY27JAN2624100PE,0.2156566214478767
23-01-2026 10:45||NIFTY27JAN2624100PE,0.21387974487591582
23-01-2026 11:10||NIFTY27JAN2624100PE,0.21066369398754592
23-01-2026 11:20||NIFTY27JAN2624100PE,0.20806853698793593
23-01-2026 11:50||NIFTY27JAN2624100PE,0.1942236975226554
23-01-2026 12:30||NIFTY27JAN2624100PE,0.19612384681873157
23-01-2026 12:35||NIFTY27JAN2624100PE,0.19675451112426717
23-01-2026 13:10||NIFTY27JAN2624100PE,0.1958898065874062
23-01-2026 13:25||NIFTY27JAN2624100PE,0.1864541683270597
23-01-2026 13:35||NIFTY27JAN2624100PE,0.1825649664011021
23-01-2026 14:20||NIFTY27JAN2624100PE,0.18311038445450642
23-01-2026 15:00||NIFTY27JAN2624100PE,0.1829880438796339
23-01-2026 15:15||NIFTY27JAN2624100PE,0.17962902624991392
27-01-2026 09:55||NIFTY27JAN2624100PE,0.657861472006761
27-01-2026 10:05||NIFTY27JAN2624100PE,0.6848393501238939
27-01-2026 10:30||NIFTY27JAN2624100PE,0.6906741255681634
27-01-2026 11:05||NIFTY27JAN2624100PE,0.6462792649859475
27-01-2026 12:25||NIFTY27JAN2624100PE,0.8430473211798499
27-01-2026 12:35||NIFTY27JAN2624100PE,0.8510949795730409
27-01-2026 13:00||NIFTY27JAN2624100PE,0.8821436184850764
27-01-2026 13:30||NIFTY27JAN2624100PE,1.0216109378621203
27-01-2026 13:45||NIFTY27JAN2624100PE,1.0083930337259444
27-01-2026 13:55||NIFTY27JAN2624100PE,1.0651549640559177
27-01-2026 14:20||NIFTY27JAN2624100PE,1.1884686237757678
27-01-2026 15:00||NIFTY27JAN2624100PE,1.841620809693422
27-01-2026 15:05||NIFTY27JAN2624100PE,1.9875825513768703
07-01-2026 09:20||NIFTY27JAN2624200PE,0.15883157253292893
07-01-2026 10:10||NIFTY27JAN2624200PE,0.16039053177347476
07-01-2026 10:20||NIFTY27JAN2624200PE,0.1612461482502606
07-01-2026 10:30||NIFTY27JAN2624200PE,0.1590868656927208
07-01-2026 10:35||NIFTY27JAN2624200PE,0.15901074046781558
07-01-2026 10:50||NIFTY27JAN2624200PE,0.15960535055992436
07-01-2026 11:00||NIFTY27JAN2624200PE,0.16066361248033753
07-01-2026 11:20||NIFTY27JAN2624200PE,0.15979925254896357
07-01-2026 12:05||NIFTY27JAN2624200PE,0.1572640024418528
07-01-2026 13:25||NIFTY27JAN2624200PE,0.15534644115199536
07-01-2026 13:35||NIFTY27JAN2624200PE,0.15551018046666668
07-01-2026 13:45||NIFTY27JAN2624200PE,0.15473823618997787
07-01-2026 14:05||NIFTY27JAN2624200PE,0.15590793965420896
07-01-2026 14:45||NIFTY27JAN2624200PE,0.15751934102259682
07-01-2026 15:05||NIFTY27JAN2624200PE,0.15847454069293326
07-01-2026 15:15||NIFTY27JAN2624200PE,0.160002453238834
08-01-2026 09:25||NIFTY27JAN2624200PE,0.1574455658241738
08-01-2026 09:45||NIFTY27JAN2624200PE,0.15827837078536316
08-01-2026 09:55||NIFTY27JAN2624200PE,0.16008897811244077
08-01-2026 10:35||NIFTY27JAN2624200PE,0.15776689634824853
08-01-2026 10:45||NIFTY27JAN2624200PE,0.15641354165535298
08-01-2026 11:05||NIFTY27JAN2624200PE,0.15596603156293853
08-01-2026 11:10||NIFTY27JAN2624200PE,0.15559012459282304
08-01-2026 11:15||NIFTY27JAN2624200PE,0.15794180181372838
08-01-2026 11:30||NIFTY27JAN2624200PE,0.1582702534606438
08-01-2026 11:40||NIFTY27JAN2624200PE,0.1583788186988086
08-01-2026 11:45||NIFTY27JAN2624200PE,0.15793036333242397
08-01-2026 11:55||NIFTY27JAN2624200PE,0.15856254282166063
08-01-2026 12:05||NIFTY27JAN2624200PE,0.15536027915944814
08-01-2026 12:30||NIFTY27JAN2624200PE,0.16354918420824965
08-01-2026 12:55||NIFTY27JAN2624200PE,0.16145023673017905
08-01-2026 13:00||NIFTY27JAN2624200PE,0.16227900057592204
08-01-2026 13:55||NIFTY27JAN2624200PE,0.1609747455047558
08-01-2026 14:15||NIFTY27JAN2624200PE,0.15989154406635014
08-01-2026 14:35||NIFTY27JAN2624200PE,0.16023858193891813
08-01-2026 14:40||NIFTY27JAN2624200PE,0.15939863397596005
08-01-2026 15:10||NIFTY27JAN2624200PE,0.15502207647366234
09-01-2026 09:20||NIFTY27JAN2624200PE,0.15787683413973327
09-01-2026 10:25||NIFTY27JAN2624200PE,0.15467918632364425
09-01-2026 11:15||NIFTY27JAN2624200PE,0.1517892781266715
09-01-2026 11:55||NIFTY27JAN2624200PE,0.15063096487673494
09-01-2026 12:10||NIFTY27JAN2624200PE,0.15141230855670162
09-01-2026 12:15||NIFTY27JAN2624200PE,0.1498252408075949
09-01-2026 12:25||NIFTY27JAN2624200PE,0.15015456950872108
09-01-2026 12:45||NIFTY27JAN2624200PE,0.15143569790897513
09-01-2026 13:00||NIFTY27JAN2624200PE,0.15082639553644425
09-01-2026 14:00||NIFTY27JAN2624200PE,0.15056839961670404
09-01-2026 14:25||NIFTY27JAN2624200PE,0.15095656874943023
09-01-2026 14:30||NIFTY27JAN2624200PE,0.14853741915084856
09-01-2026 14:35||NIFTY27JAN2624200PE,0.14915268976999418
09-01-2026 15:05||NIFTY27JAN2624200PE,0.15018829109485574
09-01-2026 15:15||NIFTY27JAN2624200PE,0.15065070933823882
09-01-2026 15:25||NIFTY27JAN2624200PE,0.15201620489124007
12-01-2026 09:20||NIFTY27JAN2624200PE,0.16279106360941598
12-01-2026 10:20||NIFTY27JAN2624200PE,0.16362725345096435
12-01-2026 11:25||NIFTY27JAN2624200PE,0.157622308746792
12-01-2026 11:35||NIFTY27JAN2624200PE,0.15719896261997246
12-01-2026 12:10||NIFTY27JAN2624200PE,0.1564391944431588
12-01-2026 13:00||NIFTY27JAN2624200PE,0.1675651105379168
12-01-2026 13:05||NIFTY27JAN2624200PE,0.16777594890860903
12-01-2026 13:20||NIFTY27JAN2624200PE,0.16731905560307858
12-01-2026 13:50||NIFTY27JAN2624200PE,0.16942212697258957
12-01-2026 14:15||NIFTY27JAN2624200PE,0.16902211286678104
12-01-2026 14:25||NIFTY27JAN2624200PE,0.17063055596661741
12-01-2026 14:30||NIFTY27JAN2624200PE,0.1706477696861201
12-01-2026 15:05||NIFTY27JAN2624200PE,0.17141421302852877
12-01-2026 15:20||NIFTY27JAN2624200PE,0.17434262374757686
12-01-2026 15:25||NIFTY27JAN2624200PE,0.17432017659597873
13-01-2026 09:25||NIFTY27JAN2624200PE,0.1765684837543529
13-01-2026 09:55||NIFTY27JAN2624200PE,0.17121700438127113
13-01-2026 10:00||NIFTY27JAN2624200PE,0.16879065082534783
13-01-2026 10:10||NIFTY27JAN2624200PE,0.17310038585877663
13-01-2026 10:25||NIFTY27JAN2624200PE,0.17230819896078947
13-01-2026 11:00||NIFTY27JAN2624200PE,0.17118750365665894
13-01-2026 12:15||NIFTY27JAN2624200PE,0.1650247133031504
13-01-2026 12:25||NIFTY27JAN2624200PE,0.16354191634021126
13-01-2026 12:35||NIFTY27JAN2624200PE,0.16428466710704306
13-01-2026 13:25||NIFTY27JAN2624200PE,0.16454705905331604
13-01-2026 13:50||NIFTY27JAN2624200PE,0.16214246957832684
13-01-2026 13:55||NIFTY27JAN2624200PE,0.1621389749035921
13-01-2026 14:05||NIFTY27JAN2624200PE,0.16119124280280456
13-01-2026 14:25||NIFTY27JAN2624200PE,0.1584772856022516
13-01-2026 14:35||NIFTY27JAN2624200PE,0.15841024473405146
13-01-2026 15:10||NIFTY27JAN2624200PE,0.16356737293306134
13-01-2026 15:15||NIFTY27JAN2624200PE,0.16442903089227529
14-01-2026 09:25||NIFTY27JAN2624200PE,0.1695958480731587
14-01-2026 09:40||NIFTY27JAN2624200PE,0.1695615837067907
14-01-2026 10:10||NIFTY27JAN2624200PE,0.1669617898156453
14-01-2026 10:20||NIFTY27JAN2624200PE,0.16641201224651153
14-01-2026 11:30||NIFTY27JAN2624200PE,0.17204905832150316
14-01-2026 11:55||NIFTY27JAN2624200PE,0.1711533612837764
14-01-2026 12:15||NIFTY27JAN2624200PE,0.1684730166297711
14-01-2026 13:30||NIFTY27JAN2624200PE,0.16605085645593173
14-01-2026 13:45||NIFTY27JAN2624200PE,0.16157645525007558
14-01-2026 14:10||NIFTY27JAN2624200PE,0.1620389234838587
14-01-2026 14:55||NIFTY27JAN2624200PE,0.1659449773518509
16-01-2026 09:15||NIFTY27JAN2624200PE,0.17153776185537706
16-01-2026 09:35||NIFTY27JAN2624200PE,0.16697442435950868
16-01-2026 09:40||NIFTY27JAN2624200PE,0.16632731903761672
16-01-2026 09:50||NIFTY27JAN2624200PE,0.17194219872134614
16-01-2026 09:55||NIFTY27JAN2624200PE,0.1729653145460282
16-01-2026 10:25||NIFTY27JAN2624200PE,0.18392114943231092
16-01-2026 10:30||NIFTY27JAN2624200PE,0.1838657547267999
16-01-2026 10:35||NIFTY27JAN2624200PE,0.18516828179526332
16-01-2026 10:40||NIFTY27JAN2624200PE,0.18573688236220354
16-01-2026 10:50||NIFTY27JAN2624200PE,0.18274985208652825
16-01-2026 11:25||NIFTY27JAN2624200PE,0.17800886771820135
16-01-2026 12:00||NIFTY27JAN2624200PE,0.17343317107546163
16-01-2026 12:05||NIFTY27JAN2624200PE,0.17471276058512092
16-01-2026 13:30||NIFTY27JAN2624200PE,0.16340531350310922
16-01-2026 13:55||NIFTY27JAN2624200PE,0.16345741506762634
16-01-2026 14:20||NIFTY27JAN2624200PE,0.16504125404723696
16-01-2026 14:40||NIFTY27JAN2624200PE,0.16507995951391988
16-01-2026 14:50||NIFTY27JAN2624200PE,0.1645128820517684
16-01-2026 14:55||NIFTY27JAN2624200PE,0.16353547999245127
16-01-2026 15:05||NIFTY27JAN2624200PE,0.16336961541872475
16-01-2026 15:15||NIFTY27JAN2624200PE,0.16274484831297964
16-01-2026 15:20||NIFTY27JAN2624200PE,0.16354371686809208
19-01-2026 09:30||NIFTY27JAN2624200PE,0.17412759903209207
19-01-2026 09:40||NIFTY27JAN2624200PE,0.17459530310869348
19-01-2026 10:10||NIFTY27JAN2624200PE,0.17418302860512386
19-01-2026 10:15||NIFTY27JAN2624200PE,0.17437151906876402
19-01-2026 10:55||NIFTY27JAN2624200PE,0.17380123826742658
19-01-2026 11:05||NIFTY27JAN2624200PE,0.17832824539325018
19-01-2026 11:20||NIFTY27JAN2624200PE,0.17328343633505144
19-01-2026 11:40||NIFTY27JAN2624200PE,0.17634676275779226
19-01-2026 12:00||NIFTY27JAN2624200PE,0.17510297832875382
19-01-2026 12:35||NIFTY27JAN2624200PE,0.17620006537411112
19-01-2026 12:50||NIFTY27JAN2624200PE,0.17408490098045237
19-01-2026 13:50||NIFTY27JAN2624200PE,0.18152251612709946
19-01-2026 14:05||NIFTY27JAN2624200PE,0.18705526876827236
19-01-2026 14:15||NIFTY27JAN2624200PE,0.1847910942022073
19-01-2026 14:20||NIFTY27JAN2624200PE,0.18545915340779298
19-01-2026 14:50||NIFTY27JAN2624200PE,0.18703289187174443
19-01-2026 15:15||NIFTY27JAN2624200PE,0.18518097885540902
20-01-2026 10:55||NIFTY27JAN2624200PE,0.17882753902401538
20-01-2026 11:30||NIFTY27JAN2624200PE,0.17614501676097577
20-01-2026 11:50||NIFTY27JAN2624200PE,0.1766683204209292
20-01-2026 12:10||NIFTY27JAN2624200PE,0.1748902542036712
20-01-2026 12:35||NIFTY27JAN2624200PE,0.17415645177106798
20-01-2026 12:50||NIFTY27JAN2624200PE,0.1742849524505643
20-01-2026 13:00||NIFTY27JAN2624200PE,0.17571131924996888
20-01-2026 13:05||NIFTY27JAN2624200PE,0.17525861661468983
20-01-2026 13:20||NIFTY27JAN2624200PE,0.17632152259174005
20-01-2026 13:50||NIFTY27JAN2624200PE,0.1738895069416862
20-01-2026 14:00||NIFTY27JAN2624200PE,0.17662256471141724
20-01-2026 14:10||NIFTY27JAN2624200PE,0.1758326773935423
20-01-2026 14:50||NIFTY27JAN2624200PE,0.17980165076590582
20-01-2026 15:15||NIFTY27JAN2624200PE,0.18161857102122567
20-01-2026 15:20||NIFTY27JAN2624200PE,0.17799905497122184
21-01-2026 09:35||NIFTY27JAN2624200PE,0.19647037072433315
21-01-2026 09:55||NIFTY27JAN2624200PE,0.1854303961701167
21-01-2026 10:15||NIFTY27JAN2624200PE,0.1796859447036176
21-01-2026 10:30||NIFTY27JAN2624200PE,0.17702235578738879
21-01-2026 10:40||NIFTY27JAN2624200PE,0.18356195984640605
21-01-2026 12:00||NIFTY27JAN2624200PE,0.18344843655778584
21-01-2026 12:10||NIFTY27JAN2624200PE,0.18346491072535123
21-01-2026 12:15||NIFTY27JAN2624200PE,0.18519101558195772
21-01-2026 12:20||NIFTY27JAN2624200PE,0.19050643009314755
21-01-2026 12:30||NIFTY27JAN2624200PE,0.19423870400056759
21-01-2026 13:25||NIFTY27JAN2624200PE,0.20443393666448256
21-01-2026 14:00||NIFTY27JAN2624200PE,0.19544357591550243
21-01-2026 14:35||NIFTY27JAN2624200PE,0.18800426016200156
21-01-2026 14:40||NIFTY27JAN2624200PE,0.18968773471027534
21-01-2026 14:55||NIFTY27JAN2624200PE,0.18691542619871754
21-01-2026 15:15||NIFTY27JAN2624200PE,0.18632997686499142
21-01-2026 15:25||NIFTY27JAN2624200PE,0.18132850555394
22-01-2026 09:45||NIFTY27JAN2624200PE,0.24594101865527346
22-01-2026 10:00||NIFTY27JAN2624200PE,0.21903333282842957
22-01-2026 10:10||NIFTY27JAN2624200PE,0.21468040066040253
22-01-2026 10:25||NIFTY27JAN2624200PE,0.1995819736010733
22-01-2026 10:55||NIFTY27JAN2624200PE,0.20025298373694148
22-01-2026 11:35||NIFTY27JAN2624200PE,0.19237351766414282
22-01-2026 11:40||NIFTY27JAN2624200PE,0.19247236648265484
22-01-2026 12:25||NIFTY27JAN2624200PE,0.1887294604293006
22-01-2026 12:30||NIFTY27JAN2624200PE,0.1890627746354621
22-01-2026 12:50||NIFTY27JAN2624200PE,0.18949954294573818
22-01-2026 13:10||NIFTY27JAN2624200PE,0.18418779914570477
22-01-2026 13:15||NIFTY27JAN2624200PE,0.18052743321566167
22-01-2026 13:40||NIFTY27JAN2624200PE,0.18073485812809392
22-01-2026 14:05||NIFTY27JAN2624200PE,0.18044915929554128
22-01-2026 14:10||NIFTY27JAN2624200PE,0.18111967580180824
22-01-2026 14:25||NIFTY27JAN2624200PE,0.17504356903695456
22-01-2026 15:10||NIFTY27JAN2624200PE,0.18041739170049415
22-01-2026 15:15||NIFTY27JAN2624200PE,0.17689154791824352
23-01-2026 09:15||NIFTY27JAN2624200PE,0.1960592157848049
23-01-2026 09:50||NIFTY27JAN2624200PE,0.20140621386786953
23-01-2026 09:55||NIFTY27JAN2624200PE,0.1976727330415886
23-01-2026 10:35||NIFTY27JAN2624200PE,0.2025884631179976
23-01-2026 11:05||NIFTY27JAN2624200PE,0.19612383813806286
23-01-2026 11:15||NIFTY27JAN2624200PE,0.19636853959416775
23-01-2026 12:20||NIFTY27JAN2624200PE,0.1851701292494763
23-01-2026 12:30||NIFTY27JAN2624200PE,0.18281739341773817
23-01-2026 12:55||NIFTY27JAN2624200PE,0.18570551670762953
23-01-2026 13:15||NIFTY27JAN2624200PE,0.1779831771234541
23-01-2026 14:00||NIFTY27JAN2624200PE,0.16677224783684677
23-01-2026 14:05||NIFTY27JAN2624200PE,0.1687217427002527
23-01-2026 14:25||NIFTY27JAN2624200PE,0.16411833208965376
23-01-2026 15:10||NIFTY27JAN2624200PE,0.1662685590281689
23-01-2026 15:15||NIFTY27JAN2624200PE,0.1659726265059464
27-01-2026 09:50||NIFTY27JAN2624200PE,0.6158191865734608
27-01-2026 10:10||NIFTY27JAN2624200PE,0.5887185029648486
27-01-2026 11:05||NIFTY27JAN2624200PE,0.5801143566881349
27-01-2026 11:10||NIFTY27JAN2624200PE,0.5909004221100795
27-01-2026 11:25||NIFTY27JAN2624200PE,0.6220557045126577
27-01-2026 11:30||NIFTY27JAN2624200PE,0.6668434361495146
27-01-2026 12:00||NIFTY27JAN2624200PE,0.6953857810611156
27-01-2026 12:20||NIFTY27JAN2624200PE,0.7460097817901663
27-01-2026 12:40||NIFTY27JAN2624200PE,0.7752037760240927
27-01-2026 13:10||NIFTY27JAN2624200PE,0.8252849389366697
27-01-2026 13:20||NIFTY27JAN2624200PE,0.8551164697354393
27-01-2026 14:25||NIFTY27JAN2624200PE,1.1174854719037495
27-01-2026 14:30||NIFTY27JAN2624200PE,1.2103176521702035
27-01-2026 14:35||NIFTY27JAN2624200PE,1.2504457009125445
27-01-2026 14:45||NIFTY27JAN2624200PE,1.427943331238391
27-01-2026 14:50||NIFTY27JAN2624200PE,1.5247944192562177
27-01-2026 15:05||NIFTY27JAN2624200PE,1.8085469315564418
07-01-2026 09:25||NIFTY27JAN2624300PE,0.15412142706248694
07-01-2026 09:30||NIFTY27JAN2624300PE,0.1527665882899
07-01-2026 09:55||NIFTY27JAN2624300PE,0.1515670188697017
07-01-2026 10:20||NIFTY27JAN2624300PE,0.15584537927620212
07-01-2026 10:55||NIFTY27JAN2624300PE,0.15571306321361028
07-01-2026 11:05||NIFTY27JAN2624300PE,0.15653618090941349
07-01-2026 11:30||NIFTY27JAN2624300PE,0.1541997631601082
07-01-2026 12:00||NIFTY27JAN2624300PE,0.15226575207420656
07-01-2026 12:05||NIFTY27JAN2624300PE,0.15175690034092637
07-01-2026 12:15||NIFTY27JAN2624300PE,0.15139767453444758
07-01-2026 13:35||NIFTY27JAN2624300PE,0.14985336939775493
07-01-2026 13:40||NIFTY27JAN2624300PE,0.14951620301363716
07-01-2026 14:55||NIFTY27JAN2624300PE,0.1523535021200946
08-01-2026 09:15||NIFTY27JAN2624300PE,0.15368964525566178
08-01-2026 10:40||NIFTY27JAN2624300PE,0.15084540105534022
08-01-2026 11:00||NIFTY27JAN2624300PE,0.15033348417375647
08-01-2026 11:20||NIFTY27JAN2624300PE,0.15428710383347244
08-01-2026 11:25||NIFTY27JAN2624300PE,0.15335105941834729
08-01-2026 12:30||NIFTY27JAN2624300PE,0.15764850964747493
08-01-2026 12:55||NIFTY27JAN2624300PE,0.1554150790725145
08-01-2026 13:15||NIFTY27JAN2624300PE,0.15724349705242835
08-01-2026 13:30||NIFTY27JAN2624300PE,0.15404698027680208
08-01-2026 14:15||NIFTY27JAN2624300PE,0.1536884975349109
08-01-2026 14:50||NIFTY27JAN2624300PE,0.1535644426846704
08-01-2026 15:25||NIFTY27JAN2624300PE,0.14941775914220803
09-01-2026 09:30||NIFTY27JAN2624300PE,0.14851928339814424
09-01-2026 09:45||NIFTY27JAN2624300PE,0.1471515094975826
09-01-2026 10:00||NIFTY27JAN2624300PE,0.14992059808326796
09-01-2026 10:30||NIFTY27JAN2624300PE,0.1500480933557652
09-01-2026 10:35||NIFTY27JAN2624300PE,0.1487648867208817
09-01-2026 11:55||NIFTY27JAN2624300PE,0.14461788584687071
09-01-2026 12:10||NIFTY27JAN2624300PE,0.14541767069639563
09-01-2026 12:15||NIFTY27JAN2624300PE,0.1436633333929398
09-01-2026 12:35||NIFTY27JAN2624300PE,0.1455969507229765
09-01-2026 13:05||NIFTY27JAN2624300PE,0.14562162207980714
09-01-2026 13:10||NIFTY27JAN2624300PE,0.14498586270336047
09-01-2026 13:30||NIFTY27JAN2624300PE,0.14586350434008796
09-01-2026 13:45||NIFTY27JAN2624300PE,0.1438230156711386
09-01-2026 14:00||NIFTY27JAN2624300PE,0.14462886103265044
09-01-2026 14:05||NIFTY27JAN2624300PE,0.14392481789888678
09-01-2026 14:10||NIFTY27JAN2624300PE,0.14391702898440425
09-01-2026 14:20||NIFTY27JAN2624300PE,0.14414359361457446
09-01-2026 14:25||NIFTY27JAN2624300PE,0.14492620770441422
09-01-2026 14:35||NIFTY27JAN2624300PE,0.14333180142802665
09-01-2026 15:00||NIFTY27JAN2624300PE,0.14379425217822495
09-01-2026 15:05||NIFTY27JAN2624300PE,0.14406957050417196
09-01-2026 15:15||NIFTY27JAN2624300PE,0.14481595857930202
12-01-2026 10:05||NIFTY27JAN2624300PE,0.1578082862908523
12-01-2026 10:25||NIFTY27JAN2624300PE,0.15640144403317757
12-01-2026 10:55||NIFTY27JAN2624300PE,0.15600619143268896
12-01-2026 11:25||NIFTY27JAN2624300PE,0.15141611284608375
12-01-2026 11:40||NIFTY27JAN2624300PE,0.15160468041457886
12-01-2026 12:35||NIFTY27JAN2624300PE,0.16247207662520088
12-01-2026 12:40||NIFTY27JAN2624300PE,0.1587293151804304
12-01-2026 12:45||NIFTY27JAN2624300PE,0.16453553650706113
12-01-2026 13:20||NIFTY27JAN2624300PE,0.1614329450583592
12-01-2026 13:25||NIFTY27JAN2624300PE,0.16209897318423866
12-01-2026 14:40||NIFTY27JAN2624300PE,0.16407397592449496
12-01-2026 14:55||NIFTY27JAN2624300PE,0.16449271833036563
12-01-2026 15:00||NIFTY27JAN2624300PE,0.16404822999595503
12-01-2026 15:05||NIFTY27JAN2624300PE,0.16519989197356905
13-01-2026 09:55||NIFTY27JAN2624300PE,0.16494189887232233
13-01-2026 10:35||NIFTY27JAN2624300PE,0.16772688236176986
13-01-2026 10:55||NIFTY27JAN2624300PE,0.16339801167568485
13-01-2026 11:50||NIFTY27JAN2624300PE,0.16257009937727435
13-01-2026 11:55||NIFTY27JAN2624300PE,0.16064774289679787
13-01-2026 12:15||NIFTY27JAN2624300PE,0.15873214962006083
13-01-2026 12:25||NIFTY27JAN2624300PE,0.1572374011252171
13-01-2026 12:35||NIFTY27JAN2624300PE,0.15815289900685692
13-01-2026 12:40||NIFTY27JAN2624300PE,0.15781623103923886
13-01-2026 12:55||NIFTY27JAN2624300PE,0.15653577987471032
13-01-2026 13:20||NIFTY27JAN2624300PE,0.15802683931323938
13-01-2026 13:25||NIFTY27JAN2624300PE,0.1582034102807771
13-01-2026 13:35||NIFTY27JAN2624300PE,0.1591424598480271
13-01-2026 13:55||NIFTY27JAN2624300PE,0.15592695528943384
13-01-2026 14:10||NIFTY27JAN2624300PE,0.15494035689954244
13-01-2026 15:20||NIFTY27JAN2624300PE,0.15801150187672758
14-01-2026 09:15||NIFTY27JAN2624300PE,0.1619171312280942
14-01-2026 09:45||NIFTY27JAN2624300PE,0.16219849088672822
14-01-2026 10:25||NIFTY27JAN2624300PE,0.15974291463870316
14-01-2026 10:50||NIFTY27JAN2624300PE,0.16039409505415714
14-01-2026 11:10||NIFTY27JAN2624300PE,0.1618253698597088
14-01-2026 11:15||NIFTY27JAN2624300PE,0.16244893080768807
14-01-2026 11:30||NIFTY27JAN2624300PE,0.16538939406930805
14-01-2026 11:45||NIFTY27JAN2624300PE,0.16320810208256148
14-01-2026 12:30||NIFTY27JAN2624300PE,0.1638191194714927
14-01-2026 12:55||NIFTY27JAN2624300PE,0.16204920358595415
14-01-2026 13:30||NIFTY27JAN2624300PE,0.15941345870280207
14-01-2026 14:05||NIFTY27JAN2624300PE,0.15518430115156767
14-01-2026 14:30||NIFTY27JAN2624300PE,0.15448785287082725
14-01-2026 14:35||NIFTY27JAN2624300PE,0.15473300963174041
14-01-2026 14:40||NIFTY27JAN2624300PE,0.15682020476303304
14-01-2026 15:00||NIFTY27JAN2624300PE,0.1566454531865448
16-01-2026 09:15||NIFTY27JAN2624300PE,0.16451826275347542
16-01-2026 09:30||NIFTY27JAN2624300PE,0.1593784122688295
16-01-2026 09:40||NIFTY27JAN2624300PE,0.15897741257952197
16-01-2026 10:20||NIFTY27JAN2624300PE,0.17577949103445312
16-01-2026 10:25||NIFTY27JAN2624300PE,0.17663238913122944
16-01-2026 10:50||NIFTY27JAN2624300PE,0.17555404245730596
16-01-2026 11:05||NIFTY27JAN2624300PE,0.17454702118137416
16-01-2026 11:30||NIFTY27JAN2624300PE,0.17121101081166984
16-01-2026 11:45||NIFTY27JAN2624300PE,0.16926514736269704
16-01-2026 11:50||NIFTY27JAN2624300PE,0.16890267792243258
16-01-2026 12:20||NIFTY27JAN2624300PE,0.16836436102493307
16-01-2026 12:50||NIFTY27JAN2624300PE,0.16173166323397192
16-01-2026 13:20||NIFTY27JAN2624300PE,0.1573743853078482
16-01-2026 13:25||NIFTY27JAN2624300PE,0.1544087137173436
16-01-2026 13:55||NIFTY27JAN2624300PE,0.15645640103677944
16-01-2026 14:15||NIFTY27JAN2624300PE,0.15665784367843477
16-01-2026 14:30||NIFTY27JAN2624300PE,0.1570242355273434
16-01-2026 14:50||NIFTY27JAN2624300PE,0.15728953492192443
19-01-2026 09:30||NIFTY27JAN2624300PE,0.16574402381738262
19-01-2026 11:10||NIFTY27JAN2624300PE,0.16734062198906977
19-01-2026 11:20||NIFTY27JAN2624300PE,0.16511909549847742
19-01-2026 11:45||NIFTY27JAN2624300PE,0.16799610654886782
19-01-2026 11:55||NIFTY27JAN2624300PE,0.1688361253091057
19-01-2026 12:00||NIFTY27JAN2624300PE,0.16711674169881874
19-01-2026 12:15||NIFTY27JAN2624300PE,0.1674909232919931
19-01-2026 12:30||NIFTY27JAN2624300PE,0.16831959643190636
19-01-2026 12:55||NIFTY27JAN2624300PE,0.17027270874001102
19-01-2026 13:30||NIFTY27JAN2624300PE,0.1698510193547801
19-01-2026 13:45||NIFTY27JAN2624300PE,0.16848193093306219
19-01-2026 14:30||NIFTY27JAN2624300PE,0.17608766982861607
19-01-2026 14:35||NIFTY27JAN2624300PE,0.175187905496207
19-01-2026 14:40||NIFTY27JAN2624300PE,0.17673851351005676
19-01-2026 15:00||NIFTY27JAN2624300PE,0.1808273170874909
19-01-2026 15:10||NIFTY27JAN2624300PE,0.1758918975819469
19-01-2026 15:25||NIFTY27JAN2624300PE,0.1732409469834571
20-01-2026 10:30||NIFTY27JAN2624300PE,0.1701008019020946
20-01-2026 10:35||NIFTY27JAN2624300PE,0.16866167307406432
20-01-2026 10:40||NIFTY27JAN2624300PE,0.1706783376507948
20-01-2026 11:15||NIFTY27JAN2624300PE,0.16568313330273998
20-01-2026 11:25||NIFTY27JAN2624300PE,0.1649001263274938
20-01-2026 12:15||NIFTY27JAN2624300PE,0.16669336834507398
20-01-2026 12:40||NIFTY27JAN2624300PE,0.16522360886758075
20-01-2026 12:45||NIFTY27JAN2624300PE,0.16406871099931675
20-01-2026 13:50||NIFTY27JAN2624300PE,0.16499274306858236
20-01-2026 15:05||NIFTY27JAN2624300PE,0.16710124559588108
20-01-2026 15:10||NIFTY27JAN2624300PE,0.16564309324807638
21-01-2026 09:20||NIFTY27JAN2624300PE,0.17806110756396643
21-01-2026 09:25||NIFTY27JAN2624300PE,0.18821279316894307
21-01-2026 10:25||NIFTY27JAN2624300PE,0.16977863146168196
21-01-2026 10:50||NIFTY27JAN2624300PE,0.1771185270233699
21-01-2026 10:55||NIFTY27JAN2624300PE,0.17205222700461587
21-01-2026 11:00||NIFTY27JAN2624300PE,0.17507474389700559
21-01-2026 11:15||NIFTY27JAN2624300PE,0.17129223750501227
21-01-2026 11:50||NIFTY27JAN2624300PE,0.17743185214961776
21-01-2026 13:25||NIFTY27JAN2624300PE,0.19486944146059038
21-01-2026 13:55||NIFTY27JAN2624300PE,0.192822791505879
21-01-2026 14:20||NIFTY27JAN2624300PE,0.18741785786710966
21-01-2026 15:05||NIFTY27JAN2624300PE,0.17899286912893023
21-01-2026 15:10||NIFTY27JAN2624300PE,0.17969060691313193
21-01-2026 15:15||NIFTY27JAN2624300PE,0.17716020036712948
22-01-2026 09:20||NIFTY27JAN2624300PE,0.1880549431931487
22-01-2026 10:10||NIFTY27JAN2624300PE,0.2034802981037297
22-01-2026 10:30||NIFTY27JAN2624300PE,0.18309252553161764
22-01-2026 10:40||NIFTY27JAN2624300PE,0.18277938494336182
22-01-2026 11:10||NIFTY27JAN2624300PE,0.1838478798223182
22-01-2026 11:15||NIFTY27JAN2624300PE,0.18237105771017637
22-01-2026 11:30||NIFTY27JAN2624300PE,0.17948322588644866
22-01-2026 12:00||NIFTY27JAN2624300PE,0.1758248499536659
22-01-2026 12:05||NIFTY27JAN2624300PE,0.17897232565239046
22-01-2026 12:50||NIFTY27JAN2624300PE,0.17937168580013732
22-01-2026 13:40||NIFTY27JAN2624300PE,0.1706354655071773
22-01-2026 14:00||NIFTY27JAN2624300PE,0.1703984859673192
22-01-2026 14:05||NIFTY27JAN2624300PE,0.1699858116219192
22-01-2026 14:25||NIFTY27JAN2624300PE,0.16405847274987284
22-01-2026 14:30||NIFTY27JAN2624300PE,0.1678000998042724
22-01-2026 14:55||NIFTY27JAN2624300PE,0.16751921253863167
22-01-2026 15:00||NIFTY27JAN2624300PE,0.16682572147111582
22-01-2026 15:25||NIFTY27JAN2624300PE,0.16685741469944082
23-01-2026 09:15||NIFTY27JAN2624300PE,0.18410998552187252
23-01-2026 09:45||NIFTY27JAN2624300PE,0.18362805924736347
23-01-2026 11:40||NIFTY27JAN2624300PE,0.17542467407864298
23-01-2026 12:00||NIFTY27JAN2624300PE,0.17112293666681458
23-01-2026 12:25||NIFTY27JAN2624300PE,0.17010455200827265
23-01-2026 14:00||NIFTY27JAN2624300PE,0.1549282670256647
23-01-2026 14:40||NIFTY27JAN2624300PE,0.16058152447251745
23-01-2026 15:00||NIFTY27JAN2624300PE,0.15722090325204238
27-01-2026 10:35||NIFTY27JAN2624300PE,0.5856818198989882
27-01-2026 11:00||NIFTY27JAN2624300PE,0.48469046653425507
27-01-2026 11:15||NIFTY27JAN2624300PE,0.5473030564103641
27-01-2026 11:45||NIFTY27JAN2624300PE,0.6536647643953812
27-01-2026 12:00||NIFTY27JAN2624300PE,0.6301425583200606
27-01-2026 13:30||NIFTY27JAN2624300PE,0.8500419099159108
27-01-2026 13:35||NIFTY27JAN2624300PE,0.8482674543180131
27-01-2026 13:55||NIFTY27JAN2624300PE,0.8649302793417735
27-01-2026 14:00||NIFTY27JAN2624300PE,0.9098647879294032
27-01-2026 14:25||NIFTY27JAN2624300PE,1.002948150273732
07-01-2026 11:10||NIFTY27JAN2624400PE,0.15004090337160872
07-01-2026 11:25||NIFTY27JAN2624400PE,0.14812052371401987
07-01-2026 11:30||NIFTY27JAN2624400PE,0.1486549371828672
07-01-2026 12:20||NIFTY27JAN2624400PE,0.14576947373573146
07-01-2026 12:25||NIFTY27JAN2624400PE,0.1462078710900563
07-01-2026 12:50||NIFTY27JAN2624400PE,0.1450959185922024
07-01-2026 13:00||NIFTY27JAN2624400PE,0.14587820551141695
07-01-2026 13:10||NIFTY27JAN2624400PE,0.14611284567279345
07-01-2026 13:30||NIFTY27JAN2624400PE,0.14406839953392825
07-01-2026 13:55||NIFTY27JAN2624400PE,0.1442838949756703
07-01-2026 14:05||NIFTY27JAN2624400PE,0.1451567000987947
07-01-2026 14:35||NIFTY27JAN2624400PE,0.14541835851102602
07-01-2026 15:10||NIFTY27JAN2624400PE,0.14879178684814354
08-01-2026 09:35||NIFTY27JAN2624400PE,0.14527665826166863
08-01-2026 09:50||NIFTY27JAN2624400PE,0.14643721576168278
08-01-2026 10:25||NIFTY27JAN2624400PE,0.14559046846943996
08-01-2026 10:30||NIFTY27JAN2624400PE,0.14591271872023373
08-01-2026 11:05||NIFTY27JAN2624400PE,0.14477821042671873
08-01-2026 11:10||NIFTY27JAN2624400PE,0.14505782678852996
08-01-2026 11:25||NIFTY27JAN2624400PE,0.1477709410345675
08-01-2026 11:35||NIFTY27JAN2624400PE,0.14649607285680594
08-01-2026 11:40||NIFTY27JAN2624400PE,0.1471163151771079
08-01-2026 12:10||NIFTY27JAN2624400PE,0.14625759574552166
08-01-2026 12:15||NIFTY27JAN2624400PE,0.14910732107664854
08-01-2026 12:25||NIFTY27JAN2624400PE,0.1509290153466746
08-01-2026 12:40||NIFTY27JAN2624400PE,0.1500611154042682
08-01-2026 12:45||NIFTY27JAN2624400PE,0.15074336459915577
08-01-2026 12:55||NIFTY27JAN2624400PE,0.1494606700022338
08-01-2026 13:20||NIFTY27JAN2624400PE,0.1504887315055816
08-01-2026 13:30||NIFTY27JAN2624400PE,0.1479789943435898
08-01-2026 15:05||NIFTY27JAN2624400PE,0.14244753625447032
09-01-2026 09:15||NIFTY27JAN2624400PE,0.14497813645373803
09-01-2026 09:45||NIFTY27JAN2624400PE,0.14120241960973057
09-01-2026 09:50||NIFTY27JAN2624400PE,0.14207076486554857
09-01-2026 10:10||NIFTY27JAN2624400PE,0.14315300489264635
09-01-2026 10:45||NIFTY27JAN2624400PE,0.14243081019752307
09-01-2026 11:05||NIFTY27JAN2624400PE,0.13931539328857248
09-01-2026 12:00||NIFTY27JAN2624400PE,0.13800024440327613
09-01-2026 12:25||NIFTY27JAN2624400PE,0.13837509871091033
09-01-2026 12:30||NIFTY27JAN2624400PE,0.13770518332654152
09-01-2026 13:05||NIFTY27JAN2624400PE,0.13919613471790268
09-01-2026 13:15||NIFTY27JAN2624400PE,0.13892079985946415
09-01-2026 13:35||NIFTY27JAN2624400PE,0.13890549673190894
09-01-2026 13:45||NIFTY27JAN2624400PE,0.13801828746627556
09-01-2026 14:00||NIFTY27JAN2624400PE,0.13886940448383775
09-01-2026 14:05||NIFTY27JAN2624400PE,0.13810383676394092
09-01-2026 14:20||NIFTY27JAN2624400PE,0.138323279325555
09-01-2026 15:25||NIFTY27JAN2624400PE,0.140316087416887
12-01-2026 09:30||NIFTY27JAN2624400PE,0.1486277961075575
12-01-2026 10:25||NIFTY27JAN2624400PE,0.1500061831368153
12-01-2026 10:45||NIFTY27JAN2624400PE,0.1489519206740644
12-01-2026 10:55||NIFTY27JAN2624400PE,0.14967440684103897
12-01-2026 11:10||NIFTY27JAN2624400PE,0.14886940233319468
12-01-2026 11:35||NIFTY27JAN2624400PE,0.14500694344559192
12-01-2026 11:40||NIFTY27JAN2624400PE,0.14557697798511826
12-01-2026 12:20||NIFTY27JAN2624400PE,0.1489386887801284
12-01-2026 12:40||NIFTY27JAN2624400PE,0.15253198098962867
12-01-2026 13:30||NIFTY27JAN2624400PE,0.15423520746906833
12-01-2026 14:00||NIFTY27JAN2624400PE,0.157976668995227
12-01-2026 14:05||NIFTY27JAN2624400PE,0.15710910265432504
12-01-2026 14:20||NIFTY27JAN2624400PE,0.15663382519988303
12-01-2026 14:50||NIFTY27JAN2624400PE,0.15803867902947955
12-01-2026 15:20||NIFTY27JAN2624400PE,0.161518041914617
13-01-2026 09:25||NIFTY27JAN2624400PE,0.16477156905703652
13-01-2026 10:30||NIFTY27JAN2624400PE,0.16193177072467166
13-01-2026 10:40||NIFTY27JAN2624400PE,0.16040883037602846
13-01-2026 10:55||NIFTY27JAN2624400PE,0.15700230941049054
13-01-2026 12:30||NIFTY27JAN2624400PE,0.15287436932697593
13-01-2026 13:10||NIFTY27JAN2624400PE,0.15215049672752315
13-01-2026 13:20||NIFTY27JAN2624400PE,0.15172850801754595
13-01-2026 13:40||NIFTY27JAN2624400PE,0.1493542523257743
13-01-2026 13:50||NIFTY27JAN2624400PE,0.1496413745529501
13-01-2026 14:20||NIFTY27JAN2624400PE,0.1475658512966685
13-01-2026 14:50||NIFTY27JAN2624400PE,0.14814284566748165
13-01-2026 14:55||NIFTY27JAN2624400PE,0.15037011069741987
13-01-2026 15:10||NIFTY27JAN2624400PE,0.1514899206743745
14-01-2026 09:15||NIFTY27JAN2624400PE,0.15556046833649298
14-01-2026 09:45||NIFTY27JAN2624400PE,0.1556694867875138
14-01-2026 10:00||NIFTY27JAN2624400PE,0.15554067541078181
14-01-2026 10:35||NIFTY27JAN2624400PE,0.15402173429144472
14-01-2026 11:15||NIFTY27JAN2624400PE,0.15575533002335004
14-01-2026 11:30||NIFTY27JAN2624400PE,0.15872565105812167
14-01-2026 11:35||NIFTY27JAN2624400PE,0.15728513681760206
14-01-2026 11:55||NIFTY27JAN2624400PE,0.15766903366689677
14-01-2026 12:00||NIFTY27JAN2624400PE,0.1589088305139496
14-01-2026 12:05||NIFTY27JAN2624400PE,0.15885669026510132
14-01-2026 12:10||NIFTY27JAN2624400PE,0.15686667540895227
14-01-2026 13:05||NIFTY27JAN2624400PE,0.1554407790256295
14-01-2026 13:20||NIFTY27JAN2624400PE,0.15459820602624536
14-01-2026 13:45||NIFTY27JAN2624400PE,0.14869266006049334
14-01-2026 14:00||NIFTY27JAN2624400PE,0.14911407629690118
14-01-2026 14:20||NIFTY27JAN2624400PE,0.14913109284606016
14-01-2026 14:40||NIFTY27JAN2624400PE,0.1500917445805578
14-01-2026 14:50||NIFTY27JAN2624400PE,0.15261376100088309
14-01-2026 15:05||NIFTY27JAN2624400PE,0.15229185677339885
14-01-2026 15:15||NIFTY27JAN2624400PE,0.14890519244991485
16-01-2026 09:20||NIFTY27JAN2624400PE,0.15770145431119517
16-01-2026 09:30||NIFTY27JAN2624400PE,0.15250637134885198
16-01-2026 10:05||NIFTY27JAN2624400PE,0.15816317641819053
16-01-2026 10:15||NIFTY27JAN2624400PE,0.16409658503388674
16-01-2026 10:30||NIFTY27JAN2624400PE,0.16931969041182643
16-01-2026 10:45||NIFTY27JAN2624400PE,0.16972990034139054
16-01-2026 10:50||NIFTY27JAN2624400PE,0.16836652084730613
16-01-2026 11:00||NIFTY27JAN2624400PE,0.16771278025696187
16-01-2026 11:05||NIFTY27JAN2624400PE,0.16720156144187556
16-01-2026 11:40||NIFTY27JAN2624400PE,0.16281393914906497
16-01-2026 12:00||NIFTY27JAN2624400PE,0.1592939458368003
16-01-2026 12:30||NIFTY27JAN2624400PE,0.15326049179084497
16-01-2026 13:25||NIFTY27JAN2624400PE,0.14748983374743557
16-01-2026 13:30||NIFTY27JAN2624400PE,0.1497662044911643
16-01-2026 13:35||NIFTY27JAN2624400PE,0.14839774364859754
16-01-2026 15:15||NIFTY27JAN2624400PE,0.14906306186015397
16-01-2026 15:20||NIFTY27JAN2624400PE,0.14988595585233044
19-01-2026 09:30||NIFTY27JAN2624400PE,0.15753623161236482
19-01-2026 09:40||NIFTY27JAN2624400PE,0.15798522337912094
19-01-2026 10:00||NIFTY27JAN2624400PE,0.15752871950923109
19-01-2026 10:10||NIFTY27JAN2624400PE,0.1573642759782622
19-01-2026 10:15||NIFTY27JAN2624400PE,0.1572622679215035
19-01-2026 11:00||NIFTY27JAN2624400PE,0.1594962790469511
19-01-2026 11:15||NIFTY27JAN2624400PE,0.16039048428762764
19-01-2026 11:40||NIFTY27JAN2624400PE,0.15952243575093733
19-01-2026 12:00||NIFTY27JAN2624400PE,0.1593841234652855
19-01-2026 12:05||NIFTY27JAN2624400PE,0.16023789722993848
19-01-2026 12:20||NIFTY27JAN2624400PE,0.16182708328789722
19-01-2026 12:35||NIFTY27JAN2624400PE,0.16013770339102004
19-01-2026 12:55||NIFTY27JAN2624400PE,0.16176240440668338
19-01-2026 13:00||NIFTY27JAN2624400PE,0.16306642929011095
19-01-2026 13:10||NIFTY27JAN2624400PE,0.16314607695591837
19-01-2026 13:20||NIFTY27JAN2624400PE,0.1626686874219562
19-01-2026 13:35||NIFTY27JAN2624400PE,0.1634898091954367
19-01-2026 14:10||NIFTY27JAN2624400PE,0.16941132206832427
19-01-2026 14:45||NIFTY27JAN2624400PE,0.16888348175476925
19-01-2026 14:55||NIFTY27JAN2624400PE,0.17072211495799489
19-01-2026 15:15||NIFTY27JAN2624400PE,0.1688390075271684
19-01-2026 15:25||NIFTY27JAN2624400PE,0.16529611385455867
20-01-2026 09:15||NIFTY27JAN2624400PE,0.16658299777922253
20-01-2026 09:30||NIFTY27JAN2624400PE,0.15970427201127535
20-01-2026 11:00||NIFTY27JAN2624400PE,0.1602510703004143
20-01-2026 11:05||NIFTY27JAN2624400PE,0.15958364945475814
20-01-2026 12:00||NIFTY27JAN2624400PE,0.15990960905597426
20-01-2026 12:45||NIFTY27JAN2624400PE,0.1554500479069203
20-01-2026 13:10||NIFTY27JAN2624400PE,0.15779655509648888
20-01-2026 13:45||NIFTY27JAN2624400PE,0.15776004210759406
20-01-2026 13:55||NIFTY27JAN2624400PE,0.15729783678104517
21-01-2026 09:20||NIFTY27JAN2624400PE,0.16836861381935686
21-01-2026 09:25||NIFTY27JAN2624400PE,0.17833138137291038
21-01-2026 09:30||NIFTY27JAN2624400PE,0.1725106797965908
21-01-2026 09:40||NIFTY27JAN2624400PE,0.16797676626008862
21-01-2026 09:45||NIFTY27JAN2624400PE,0.1677641797309409
21-01-2026 09:55||NIFTY27JAN2624400PE,0.1664150739065408
21-01-2026 10:10||NIFTY27JAN2624400PE,0.15872961541000818
21-01-2026 10:35||NIFTY27JAN2624400PE,0.15859007112050566
21-01-2026 10:50||NIFTY27JAN2624400PE,0.16947498484838602
21-01-2026 11:05||NIFTY27JAN2624400PE,0.15993706987359324
21-01-2026 11:30||NIFTY27JAN2624400PE,0.16877619467737523
21-01-2026 12:45||NIFTY27JAN2624400PE,0.18687015346279134
21-01-2026 13:15||NIFTY27JAN2624400PE,0.18914820479244981
21-01-2026 13:30||NIFTY27JAN2624400PE,0.1911479160789486
21-01-2026 13:55||NIFTY27JAN2624400PE,0.183777777234896
21-01-2026 14:10||NIFTY27JAN2624400PE,0.1747120542936412
22-01-2026 10:15||NIFTY27JAN2624400PE,0.19730657180736433
22-01-2026 10:50||NIFTY27JAN2624400PE,0.17356639531939466
22-01-2026 11:00||NIFTY27JAN2624400PE,0.17373125589982608
22-01-2026 11:45||NIFTY27JAN2624400PE,0.1673168116058215
22-01-2026 12:30||NIFTY27JAN2624400PE,0.16911224582950432
22-01-2026 12:35||NIFTY27JAN2624400PE,0.1718359078045805
22-01-2026 12:55||NIFTY27JAN2624400PE,0.16432031898916263
22-01-2026 13:00||NIFTY27JAN2624400PE,0.16280103818395997
22-01-2026 13:05||NIFTY27JAN2624400PE,0.1630184400108383
22-01-2026 13:35||NIFTY27JAN2624400PE,0.16680282359644139
22-01-2026 13:40||NIFTY27JAN2624400PE,0.16096994157580188
22-01-2026 13:45||NIFTY27JAN2624400PE,0.15884956908403008
22-01-2026 14:20||NIFTY27JAN2624400PE,0.15464078009087054
22-01-2026 14:50||NIFTY27JAN2624400PE,0.1603981538084259
23-01-2026 09:20||NIFTY27JAN2624400PE,0.16909035198402952
23-01-2026 09:30||NIFTY27JAN2624400PE,0.18045180433773017
23-01-2026 09:35||NIFTY27JAN2624400PE,0.17588531810689598
23-01-2026 09:50||NIFTY27JAN2624400PE,0.1769315688640986
23-01-2026 10:10||NIFTY27JAN2624400PE,0.1724306669676494
23-01-2026 10:25||NIFTY27JAN2624400PE,0.16889203980003203
23-01-2026 10:30||NIFTY27JAN2624400PE,0.17446570729446134
23-01-2026 11:20||NIFTY27JAN2624400PE,0.16864933232955226
23-01-2026 12:35||NIFTY27JAN2624400PE,0.1573192451718622
23-01-2026 12:50||NIFTY27JAN2624400PE,0.15566897665295304
23-01-2026 14:25||NIFTY27JAN2624400PE,0.14030040238439148
23-01-2026 14:40||NIFTY27JAN2624400PE,0.14810618417995974
23-01-2026 14:45||NIFTY27JAN2624400PE,0.1487075896813924
23-01-2026 14:55||NIFTY27JAN2624400PE,0.14588146902407928
27-01-2026 09:20||NIFTY27JAN2624400PE,0.4353695667564491
27-01-2026 09:30||NIFTY27JAN2624400PE,0.39883730690922947
27-01-2026 10:35||NIFTY27JAN2624400PE,0.5360203144406124
27-01-2026 10:40||NIFTY27JAN2624400PE,0.5078206591967025
27-01-2026 10:55||NIFTY27JAN2624400PE,0.46322732141831846
27-01-2026 11:10||NIFTY27JAN2624400PE,0.47500432461739045
27-01-2026 11:45||NIFTY27JAN2624400PE,0.593324405926275
27-01-2026 11:55||NIFTY27JAN2624400PE,0.547656583013431
27-01-2026 12:10||NIFTY27JAN2624400PE,0.5965261014924689
27-01-2026 12:35||NIFTY27JAN2624400PE,0.6387683682544885
27-01-2026 13:15||NIFTY27JAN2624400PE,0.684934663997053
27-01-2026 13:35||NIFTY27JAN2624400PE,0.7626277500259675
27-01-2026 13:55||NIFTY27JAN2624400PE,0.7674724594192855
27-01-2026 14:15||NIFTY27JAN2624400PE,0.8393718623849875
07-01-2026 09:50||NIFTY27JAN2624500PE,0.14112402222064263
07-01-2026 10:20||NIFTY27JAN2624500PE,0.14518203461877985
07-01-2026 10:35||NIFTY27JAN2624500PE,0.14255196128573855
07-01-2026 11:40||NIFTY27JAN2624500PE,0.1432353158810315
07-01-2026 12:00||NIFTY27JAN2624500PE,0.141306163980505
07-01-2026 12:30||NIFTY27JAN2624500PE,0.14115415604415188
07-01-2026 13:20||NIFTY27JAN2624500PE,0.1402550907394195
07-01-2026 14:20||NIFTY27JAN2624500PE,0.13970660435787843
07-01-2026 14:45||NIFTY27JAN2624500PE,0.14088051047562836
07-01-2026 15:05||NIFTY27JAN2624500PE,0.14209952012148194
07-01-2026 15:10||NIFTY27JAN2624500PE,0.14326574779662987
08-01-2026 10:30||NIFTY27JAN2624500PE,0.1403038445401796
08-01-2026 11:35||NIFTY27JAN2624500PE,0.14096621086696143
08-01-2026 12:00||NIFTY27JAN2624500PE,0.1417155014102303
08-01-2026 12:05||NIFTY27JAN2624500PE,0.13890224396774892
08-01-2026 13:00||NIFTY27JAN2624500PE,0.14373481955163878
08-01-2026 14:05||NIFTY27JAN2624500PE,0.14234816695390845
08-01-2026 14:20||NIFTY27JAN2624500PE,0.14123001628233264
08-01-2026 14:30||NIFTY27JAN2624500PE,0.1401444208015169
08-01-2026 15:20||NIFTY27JAN2624500PE,0.13718499756904667
09-01-2026 09:30||NIFTY27JAN2624500PE,0.1372806144105478
09-01-2026 10:05||NIFTY27JAN2624500PE,0.1361524820605675
09-01-2026 11:30||NIFTY27JAN2624500PE,0.13429101058140394
09-01-2026 11:55||NIFTY27JAN2624500PE,0.13316293961702685
09-01-2026 12:55||NIFTY27JAN2624500PE,0.13287626290494536
09-01-2026 13:25||NIFTY27JAN2624500PE,0.133267584897311
09-01-2026 13:40||NIFTY27JAN2624500PE,0.13410657052693792
09-01-2026 14:45||NIFTY27JAN2624500PE,0.1326479217652534
09-01-2026 15:15||NIFTY27JAN2624500PE,0.1336574789159129
12-01-2026 09:35||NIFTY27JAN2624500PE,0.14245528027443122
12-01-2026 10:15||NIFTY27JAN2624500PE,0.14174495585115354
12-01-2026 10:30||NIFTY27JAN2624500PE,0.14489273281745005
12-01-2026 11:00||NIFTY27JAN2624500PE,0.14244199279935935
12-01-2026 11:10||NIFTY27JAN2624500PE,0.14274226442708143
12-01-2026 12:40||NIFTY27JAN2624500PE,0.14643822392472505
12-01-2026 12:45||NIFTY27JAN2624500PE,0.1521288557561053
12-01-2026 12:50||NIFTY27JAN2624500PE,0.15086457040301843
12-01-2026 12:55||NIFTY27JAN2624500PE,0.15088504567664784
12-01-2026 13:00||NIFTY27JAN2624500PE,0.149406837426608
12-01-2026 13:05||NIFTY27JAN2624500PE,0.14947191377113828
12-01-2026 13:15||NIFTY27JAN2624500PE,0.15104270580690213
12-01-2026 13:25||NIFTY27JAN2624500PE,0.15081910717013958
12-01-2026 14:00||NIFTY27JAN2624500PE,0.15195441926605152
12-01-2026 14:20||NIFTY27JAN2624500PE,0.15032036134053692
12-01-2026 14:25||NIFTY27JAN2624500PE,0.15257420030587748
12-01-2026 14:35||NIFTY27JAN2624500PE,0.14887253987560478
12-01-2026 14:40||NIFTY27JAN2624500PE,0.15166654471632635
12-01-2026 14:55||NIFTY27JAN2624500PE,0.15183720178488727
12-01-2026 15:10||NIFTY27JAN2624500PE,0.15251838263956885
12-01-2026 15:15||NIFTY27JAN2624500PE,0.15337348924712285
12-01-2026 15:20||NIFTY27JAN2624500PE,0.15504005520425868
13-01-2026 09:20||NIFTY27JAN2624500PE,0.15544609962995393
13-01-2026 09:30||NIFTY27JAN2624500PE,0.15539295880772425
13-01-2026 09:45||NIFTY27JAN2624500PE,0.1533373389534867
13-01-2026 09:50||NIFTY27JAN2624500PE,0.15285045672397604
13-01-2026 10:10||NIFTY27JAN2624500PE,0.15367049159411333
13-01-2026 10:15||NIFTY27JAN2624500PE,0.15286542130298425
13-01-2026 10:25||NIFTY27JAN2624500PE,0.15190960868486353
13-01-2026 10:40||NIFTY27JAN2624500PE,0.15414309413621158
13-01-2026 11:15||NIFTY27JAN2624500PE,0.15095114236819446
13-01-2026 11:25||NIFTY27JAN2624500PE,0.14987780377165077
13-01-2026 11:40||NIFTY27JAN2624500PE,0.15170404061387005
13-01-2026 12:00||NIFTY27JAN2624500PE,0.14741955261495981
13-01-2026 12:05||NIFTY27JAN2624500PE,0.1463478145168141
13-01-2026 12:10||NIFTY27JAN2624500PE,0.1477880360985338
13-01-2026 12:25||NIFTY27JAN2624500PE,0.14485727107466875
13-01-2026 12:55||NIFTY27JAN2624500PE,0.14530501873555313
13-01-2026 13:10||NIFTY27JAN2624500PE,0.14617046663691974
13-01-2026 13:40||NIFTY27JAN2624500PE,0.14336373645022368
13-01-2026 13:50||NIFTY27JAN2624500PE,0.14369304900165555
13-01-2026 14:05||NIFTY27JAN2624500PE,0.14327325904517169
13-01-2026 14:25||NIFTY27JAN2624500PE,0.1409581588142891
13-01-2026 14:30||NIFTY27JAN2624500PE,0.13943500289671495
13-01-2026 14:40||NIFTY27JAN2624500PE,0.14125065003422155
13-01-2026 14:50||NIFTY27JAN2624500PE,0.14210057880116356
13-01-2026 14:55||NIFTY27JAN2624500PE,0.14424058211439403
13-01-2026 15:00||NIFTY27JAN2624500PE,0.1472073679192217
13-01-2026 15:05||NIFTY27JAN2624500PE,0.14244316265756007
13-01-2026 15:25||NIFTY27JAN2624500PE,0.14664939912438724
14-01-2026 09:45||NIFTY27JAN2624500PE,0.1491765687855538
14-01-2026 10:10||NIFTY27JAN2624500PE,0.1475951487545733
14-01-2026 11:10||NIFTY27JAN2624500PE,0.14872509963509176
14-01-2026 11:15||NIFTY27JAN2624500PE,0.14911924280559952
14-01-2026 11:35||NIFTY27JAN2624500PE,0.15053579359267188
14-01-2026 11:45||NIFTY27JAN2624500PE,0.14971273511017394
14-01-2026 12:25||NIFTY27JAN2624500PE,0.1509391476355742
14-01-2026 14:00||NIFTY27JAN2624500PE,0.14290435435520227
14-01-2026 14:30||NIFTY27JAN2624500PE,0.14149144546926082
14-01-2026 14:40||NIFTY27JAN2624500PE,0.14349341367817536
14-01-2026 14:45||NIFTY27JAN2624500PE,0.1461180483069314
14-01-2026 15:10||NIFTY27JAN2624500PE,0.14423655927982648
14-01-2026 15:20||NIFTY27JAN2624500PE,0.14317749589773146
16-01-2026 09:45||NIFTY27JAN2624500PE,0.14619035480827466
16-01-2026 09:55||NIFTY27JAN2624500PE,0.15022213733844927
16-01-2026 10:15||NIFTY27JAN2624500PE,0.1564929195260366
16-01-2026 10:20||NIFTY27JAN2624500PE,0.1610067871381879
16-01-2026 11:35||NIFTY27JAN2624500PE,0.15609307178510629
16-01-2026 11:40||NIFTY27JAN2624500PE,0.15582727802978408
16-01-2026 11:55||NIFTY27JAN2624500PE,0.15555503933350665
16-01-2026 12:05||NIFTY27JAN2624500PE,0.15316457237328837
16-01-2026 12:20||NIFTY27JAN2624500PE,0.15443074981162602
16-01-2026 12:25||NIFTY27JAN2624500PE,0.1551796965871364
16-01-2026 13:35||NIFTY27JAN2624500PE,0.14197606012808445
16-01-2026 13:40||NIFTY27JAN2624500PE,0.14370655636858265
16-01-2026 13:45||NIFTY27JAN2624500PE,0.14264855833940376
16-01-2026 14:00||NIFTY27JAN2624500PE,0.14247822123371331
16-01-2026 14:10||NIFTY27JAN2624500PE,0.14396630034801478
16-01-2026 15:15||NIFTY27JAN2624500PE,0.1427994753841834
19-01-2026 09:25||NIFTY27JAN2624500PE,0.15239024284742508
19-01-2026 09:35||NIFTY27JAN2624500PE,0.15535009954156134
19-01-2026 09:40||NIFTY27JAN2624500PE,0.15011090480367045
19-01-2026 10:05||NIFTY27JAN2624500PE,0.14804990823334366
19-01-2026 10:55||NIFTY27JAN2624500PE,0.14917297399485582
19-01-2026 11:05||NIFTY27JAN2624500PE,0.15483292864086343
19-01-2026 11:15||NIFTY27JAN2624500PE,0.1529306815463675
19-01-2026 11:20||NIFTY27JAN2624500PE,0.14988869132712723
19-01-2026 11:40||NIFTY27JAN2624500PE,0.15151772608081293
19-01-2026 11:55||NIFTY27JAN2624500PE,0.15349030947273554
19-01-2026 12:00||NIFTY27JAN2624500PE,0.15196628687660543
19-01-2026 12:05||NIFTY27JAN2624500PE,0.1526820499673086
19-01-2026 12:30||NIFTY27JAN2624500PE,0.15240173581429528
19-01-2026 12:55||NIFTY27JAN2624500PE,0.15350061785040167
19-01-2026 13:10||NIFTY27JAN2624500PE,0.15506253296002148
19-01-2026 13:55||NIFTY27JAN2624500PE,0.1591445023457203
19-01-2026 14:05||NIFTY27JAN2624500PE,0.16119321174788054
19-01-2026 14:10||NIFTY27JAN2624500PE,0.1606126135172785
19-01-2026 14:15||NIFTY27JAN2624500PE,0.1577856651738961
19-01-2026 14:20||NIFTY27JAN2624500PE,0.15967357156502068
19-01-2026 14:50||NIFTY27JAN2624500PE,0.16118183378195006
19-01-2026 15:15||NIFTY27JAN2624500PE,0.16101005607437746
19-01-2026 15:20||NIFTY27JAN2624500PE,0.157019131948348
20-01-2026 09:35||NIFTY27JAN2624500PE,0.15339658672258194
20-01-2026 10:55||NIFTY27JAN2624500PE,0.15317648077093016
20-01-2026 11:05||NIFTY27JAN2624500PE,0.1514765754452209
20-01-2026 11:10||NIFTY27JAN2624500PE,0.15051125278898464
20-01-2026 11:20||NIFTY27JAN2624500PE,0.14914818461797757
20-01-2026 11:45||NIFTY27JAN2624500PE,0.14963058471518775
20-01-2026 12:10||NIFTY27JAN2624500PE,0.14887279257506159
20-01-2026 12:15||NIFTY27JAN2624500PE,0.14954011188087693
20-01-2026 13:50||NIFTY27JAN2624500PE,0.14835432854945385
20-01-2026 14:10||NIFTY27JAN2624500PE,0.15042905333184384
20-01-2026 14:15||NIFTY27JAN2624500PE,0.15068796228270603
20-01-2026 15:15||NIFTY27JAN2624500PE,0.1554254276630359
20-01-2026 15:20||NIFTY27JAN2624500PE,0.15076297414647719
21-01-2026 10:15||NIFTY27JAN2624500PE,0.15137818563504857
21-01-2026 10:50||NIFTY27JAN2624500PE,0.16257894588971733
21-01-2026 12:25||NIFTY27JAN2624500PE,0.17266006499126224
21-01-2026 12:40||NIFTY27JAN2624500PE,0.17485719774183486
21-01-2026 14:05||NIFTY27JAN2624500PE,0.16981688310399345
21-01-2026 14:10||NIFTY27JAN2624500PE,0.16620003821664678
21-01-2026 14:30||NIFTY27JAN2624500PE,0.15903957952550749
21-01-2026 14:40||NIFTY27JAN2624500PE,0.16421080699326523
21-01-2026 14:45||NIFTY27JAN2624500PE,0.16163783523093553
21-01-2026 15:00||NIFTY27JAN2624500PE,0.15683261788383007
21-01-2026 15:10||NIFTY27JAN2624500PE,0.16284625502251382
21-01-2026 15:25||NIFTY27JAN2624500PE,0.1531342834273359
22-01-2026 09:20||NIFTY27JAN2624500PE,0.1669267112303276
22-01-2026 09:40||NIFTY27JAN2624500PE,0.21755118903777243
22-01-2026 10:05||NIFTY27JAN2624500PE,0.18496212524461442
22-01-2026 10:10||NIFTY27JAN2624500PE,0.18081763573514603
22-01-2026 10:50||NIFTY27JAN2624500PE,0.16387989297064315
22-01-2026 11:05||NIFTY27JAN2624500PE,0.16291804234294496
22-01-2026 11:25||NIFTY27JAN2624500PE,0.16753886693791586
22-01-2026 11:50||NIFTY27JAN2624500PE,0.1634497903343538
22-01-2026 12:10||NIFTY27JAN2624500PE,0.15889494331814488
22-01-2026 12:15||NIFTY27JAN2624500PE,0.1573581245792045
22-01-2026 12:30||NIFTY27JAN2624500PE,0.15972900668543627
22-01-2026 13:55||NIFTY27JAN2624500PE,0.15362034693832458
22-01-2026 14:50||NIFTY27JAN2624500PE,0.15045482279525182
23-01-2026 09:30||NIFTY27JAN2624500PE,0.1688422539130539
23-01-2026 10:35||NIFTY27JAN2624500PE,0.16407623366754281
23-01-2026 11:50||NIFTY27JAN2624500PE,0.14652690069795435
23-01-2026 12:25||NIFTY27JAN2624500PE,0.1459609218155778
23-01-2026 12:30||NIFTY27JAN2624500PE,0.1451271910402449
23-01-2026 12:40||NIFTY27JAN2624500PE,0.14400329362511824
23-01-2026 13:25||NIFTY27JAN2624500PE,0.13867553854261142
23-01-2026 13:45||NIFTY27JAN2624500PE,0.13528670613798485
23-01-2026 13:50||NIFTY27JAN2624500PE,0.13481929936374654
23-01-2026 14:25||NIFTY27JAN2624500PE,0.12978122752711418
23-01-2026 14:35||NIFTY27JAN2624500PE,0.13431770983607028
23-01-2026 14:50||NIFTY27JAN2624500PE,0.1299521579828548
23-01-2026 15:25||NIFTY27JAN2624500PE,0.12755178619495866
27-01-2026 09:35||NIFTY27JAN2624500PE,0.4006726370762933
27-01-2026 09:45||NIFTY27JAN2624500PE,0.48370858653160986
27-01-2026 10:20||NIFTY27JAN2624500PE,0.5185699503910342
27-01-2026 11:45||NIFTY27JAN2624500PE,0.5387229374900789
27-01-2026 11:55||NIFTY27JAN2624500PE,0.494078349355742
27-01-2026 12:00||NIFTY27JAN2624500PE,0.509177521405265
27-01-2026 12:05||NIFTY27JAN2624500PE,0.5315781220224218
27-01-2026 12:15||NIFTY27JAN2624500PE,0.5515135445680032
27-01-2026 13:00||NIFTY27JAN2624500PE,0.5850299457212489
27-01-2026 13:05||NIFTY27JAN2624500PE,0.5821996819971793
27-01-2026 13:10||NIFTY27JAN2624500PE,0.6077892049600908
27-01-2026 14:00||NIFTY27JAN2624500PE,0.6986942443935601
27-01-2026 15:05||NIFTY27JAN2624500PE,1.2968559581075372
07-01-2026 09:35||NIFTY27JAN2624600PE,0.13752100775119175
07-01-2026 10:00||NIFTY27JAN2624600PE,0.13772652249919995
07-01-2026 11:05||NIFTY27JAN2624600PE,0.14053476458970862
07-01-2026 11:50||NIFTY27JAN2624600PE,0.13722034486666354
07-01-2026 12:25||NIFTY27JAN2624600PE,0.13579698282415104
07-01-2026 12:30||NIFTY27JAN2624600PE,0.13592733642370186
07-01-2026 13:00||NIFTY27JAN2624600PE,0.1349677367916014
07-01-2026 13:15||NIFTY27JAN2624600PE,0.1350569017460054
07-01-2026 13:25||NIFTY27JAN2624600PE,0.13334605321755416
07-01-2026 13:30||NIFTY27JAN2624600PE,0.1332499709707013
07-01-2026 13:45||NIFTY27JAN2624600PE,0.13290057110762613
07-01-2026 14:55||NIFTY27JAN2624600PE,0.135700900146658
08-01-2026 09:45||NIFTY27JAN2624600PE,0.1356350833127142
08-01-2026 09:55||NIFTY27JAN2624600PE,0.13696231547786925
08-01-2026 10:00||NIFTY27JAN2624600PE,0.13659844330392762
08-01-2026 11:00||NIFTY27JAN2624600PE,0.13426589437609235
08-01-2026 11:10||NIFTY27JAN2624600PE,0.13505571425391363
08-01-2026 12:45||NIFTY27JAN2624600PE,0.13916586042290618
08-01-2026 13:00||NIFTY27JAN2624600PE,0.1377171096218243
08-01-2026 13:05||NIFTY27JAN2624600PE,0.13908626248650702
08-01-2026 13:25||NIFTY27JAN2624600PE,0.13979064710081188
08-01-2026 13:35||NIFTY27JAN2624600PE,0.13777847147829106
08-01-2026 13:45||NIFTY27JAN2624600PE,0.13655567966302454
08-01-2026 13:50||NIFTY27JAN2624600PE,0.13590967823200856
08-01-2026 13:55||NIFTY27JAN2624600PE,0.13617611374930993
08-01-2026 14:25||NIFTY27JAN2624600PE,0.1362869964100729
08-01-2026 14:40||NIFTY27JAN2624600PE,0.1350072217767962
08-01-2026 15:10||NIFTY27JAN2624600PE,0.13147771506409883
08-01-2026 15:25||NIFTY27JAN2624600PE,0.13207867560757922
09-01-2026 09:30||NIFTY27JAN2624600PE,0.1318392211322435
09-01-2026 09:50||NIFTY27JAN2624600PE,0.1304870575709609
09-01-2026 11:15||NIFTY27JAN2624600PE,0.12846799187660995
09-01-2026 11:25||NIFTY27JAN2624600PE,0.12757506284775524
09-01-2026 11:30||NIFTY27JAN2624600PE,0.1285883926687699
09-01-2026 11:35||NIFTY27JAN2624600PE,0.12815904820082924
09-01-2026 11:40||NIFTY27JAN2624600PE,0.12765256340464487
09-01-2026 12:05||NIFTY27JAN2624600PE,0.128073321482657
09-01-2026 12:25||NIFTY27JAN2624600PE,0.1271775992481712
09-01-2026 13:35||NIFTY27JAN2624600PE,0.1267654759019884
09-01-2026 13:50||NIFTY27JAN2624600PE,0.12791956570989516
09-01-2026 14:35||NIFTY27JAN2624600PE,0.12701569899156612
09-01-2026 14:45||NIFTY27JAN2624600PE,0.12723384716288297
09-01-2026 15:10||NIFTY27JAN2624600PE,0.12677261254111438
12-01-2026 09:20||NIFTY27JAN2624600PE,0.13822860253770555
12-01-2026 09:35||NIFTY27JAN2624600PE,0.13684581622095335
12-01-2026 09:40||NIFTY27JAN2624600PE,0.1387021610998088
12-01-2026 10:05||NIFTY27JAN2624600PE,0.13923156920731933
12-01-2026 10:35||NIFTY27JAN2624600PE,0.13751700415515794
12-01-2026 12:35||NIFTY27JAN2624600PE,0.14471654127837968
12-01-2026 12:55||NIFTY27JAN2624600PE,0.14506806830558694
12-01-2026 13:00||NIFTY27JAN2624600PE,0.14360873644507538
12-01-2026 13:25||NIFTY27JAN2624600PE,0.14531505340012943
12-01-2026 13:45||NIFTY27JAN2624600PE,0.1445619770159518
12-01-2026 14:00||NIFTY27JAN2624600PE,0.14602991443765204
12-01-2026 14:05||NIFTY27JAN2624600PE,0.14486505546492162
12-01-2026 14:10||NIFTY27JAN2624600PE,0.14657765462822983
12-01-2026 14:20||NIFTY27JAN2624600PE,0.14407823736049627
12-01-2026 14:25||NIFTY27JAN2624600PE,0.14669298982310422
12-01-2026 14:45||NIFTY27JAN2624600PE,0.14680720615839293
12-01-2026 15:10||NIFTY27JAN2624600PE,0.14638008637626992
12-01-2026 15:25||NIFTY27JAN2624600PE,0.14898393985397407
13-01-2026 09:20||NIFTY27JAN2624600PE,0.149270547696166
13-01-2026 09:25||NIFTY27JAN2624600PE,0.15375825005122384
13-01-2026 09:50||NIFTY27JAN2624600PE,0.14676833972150374
13-01-2026 10:30||NIFTY27JAN2624600PE,0.14925286755472722
13-01-2026 10:35||NIFTY27JAN2624600PE,0.1487100407177986
13-01-2026 12:35||NIFTY27JAN2624600PE,0.14020165553734815
13-01-2026 12:40||NIFTY27JAN2624600PE,0.14011576130892756
13-01-2026 12:50||NIFTY27JAN2624600PE,0.14014632813650574
13-01-2026 13:00||NIFTY27JAN2624600PE,0.13899450521629061
13-01-2026 13:05||NIFTY27JAN2624600PE,0.13857960652846504
13-01-2026 13:25||NIFTY27JAN2624600PE,0.13995614407791251
13-01-2026 14:00||NIFTY27JAN2624600PE,0.13894424489603802
13-01-2026 14:25||NIFTY27JAN2624600PE,0.13554790421724702
13-01-2026 14:30||NIFTY27JAN2624600PE,0.13380654791189536
13-01-2026 14:40||NIFTY27JAN2624600PE,0.13551083158805893
13-01-2026 15:00||NIFTY27JAN2624600PE,0.14137919932914247
13-01-2026 15:15||NIFTY27JAN2624600PE,0.14097219744603132
14-01-2026 09:30||NIFTY27JAN2624600PE,0.1462569939061045
14-01-2026 09:45||NIFTY27JAN2624600PE,0.14278570058914722
14-01-2026 09:50||NIFTY27JAN2624600PE,0.14110859375218407
14-01-2026 10:05||NIFTY27JAN2624600PE,0.14220549565665083
14-01-2026 10:10||NIFTY27JAN2624600PE,0.1413049264186731
14-01-2026 10:45||NIFTY27JAN2624600PE,0.13803036647934414
14-01-2026 10:55||NIFTY27JAN2624600PE,0.14049939968938027
14-01-2026 11:15||NIFTY27JAN2624600PE,0.1426071635146562
14-01-2026 11:20||NIFTY27JAN2624600PE,0.1434941203660599
14-01-2026 12:05||NIFTY27JAN2624600PE,0.1456599286203767
14-01-2026 12:10||NIFTY27JAN2624600PE,0.1435730039445312
14-01-2026 13:10||NIFTY27JAN2624600PE,0.14327166198729369
14-01-2026 13:15||NIFTY27JAN2624600PE,0.14193863680522145
14-01-2026 13:45||NIFTY27JAN2624600PE,0.1361755184367893
14-01-2026 13:55||NIFTY27JAN2624600PE,0.13603837825719237
14-01-2026 14:15||NIFTY27JAN2624600PE,0.13778178450303336
14-01-2026 14:50||NIFTY27JAN2624600PE,0.1398845728033944
14-01-2026 14:55||NIFTY27JAN2624600PE,0.13910881903376443
14-01-2026 15:25||NIFTY27JAN2624600PE,0.13879609580144614
16-01-2026 09:20||NIFTY27JAN2624600PE,0.144361279045601
16-01-2026 09:25||NIFTY27JAN2624600PE,0.1409313165679499
16-01-2026 10:25||NIFTY27JAN2624600PE,0.15458360397205212
16-01-2026 10:45||NIFTY27JAN2624600PE,0.15535197895764652
16-01-2026 10:50||NIFTY27JAN2624600PE,0.1540915202477999
16-01-2026 11:15||NIFTY27JAN2624600PE,0.15133144753244104
16-01-2026 12:15||NIFTY27JAN2624600PE,0.14771664970949683
16-01-2026 12:30||NIFTY27JAN2624600PE,0.13984460725634779
16-01-2026 13:15||NIFTY27JAN2624600PE,0.13774517582275408
16-01-2026 14:15||NIFTY27JAN2624600PE,0.1367407003076896
16-01-2026 14:40||NIFTY27JAN2624600PE,0.13804807090992885
16-01-2026 15:05||NIFTY27JAN2624600PE,0.1377005521800819
16-01-2026 15:20||NIFTY27JAN2624600PE,0.13737476021681738
19-01-2026 09:20||NIFTY27JAN2624600PE,0.14760116697675027
19-01-2026 09:40||NIFTY27JAN2624600PE,0.14262231448500595
19-01-2026 10:30||NIFTY27JAN2624600PE,0.14374122897253028
19-01-2026 11:15||NIFTY27JAN2624600PE,0.14584932123026995
19-01-2026 11:30||NIFTY27JAN2624600PE,0.14382485544421142
19-01-2026 11:35||NIFTY27JAN2624600PE,0.1431964119492243
19-01-2026 11:50||NIFTY27JAN2624600PE,0.1454039403713746
19-01-2026 11:55||NIFTY27JAN2624600PE,0.14629750812363046
19-01-2026 13:05||NIFTY27JAN2624600PE,0.14734020781690846
19-01-2026 13:10||NIFTY27JAN2624600PE,0.14742045853320623
19-01-2026 13:55||NIFTY27JAN2624600PE,0.15103846911532345
19-01-2026 14:00||NIFTY27JAN2624600PE,0.1502643724709984
19-01-2026 14:45||NIFTY27JAN2624600PE,0.1524008718014781
19-01-2026 15:15||NIFTY27JAN2624600PE,0.1534932121965981
20-01-2026 09:15||NIFTY27JAN2624600PE,0.15185523534546908
20-01-2026 10:00||NIFTY27JAN2624600PE,0.14566131421086895
20-01-2026 10:30||NIFTY27JAN2624600PE,0.14601422669012254
20-01-2026 10:55||NIFTY27JAN2624600PE,0.14553672424449876
20-01-2026 11:50||NIFTY27JAN2624600PE,0.1423410638183511
20-01-2026 12:00||NIFTY27JAN2624600PE,0.14371360456207682
20-01-2026 12:10||NIFTY27JAN2624600PE,0.14112784616371804
20-01-2026 12:40||NIFTY27JAN2624600PE,0.14112948980513312
20-01-2026 13:15||NIFTY27JAN2624600PE,0.14030674622181993
20-01-2026 13:20||NIFTY27JAN2624600PE,0.14291495192019493
20-01-2026 13:40||NIFTY27JAN2624600PE,0.13954065854800307
20-01-2026 13:45||NIFTY27JAN2624600PE,0.14224362443615046
20-01-2026 14:15||NIFTY27JAN2624600PE,0.14335318994203294
20-01-2026 14:25||NIFTY27JAN2624600PE,0.14251442974775286
20-01-2026 14:30||NIFTY27JAN2624600PE,0.14515844307693285
20-01-2026 14:35||NIFTY27JAN2624600PE,0.14703299622114
20-01-2026 14:45||NIFTY27JAN2624600PE,0.14547780333971305
21-01-2026 10:15||NIFTY27JAN2624600PE,0.14275110730163879
21-01-2026 11:00||NIFTY27JAN2624600PE,0.15069527085508216
21-01-2026 11:25||NIFTY27JAN2624600PE,0.154115548866922
21-01-2026 11:35||NIFTY27JAN2624600PE,0.15309133729815386
21-01-2026 11:45||NIFTY27JAN2624600PE,0.15086601697096533
21-01-2026 11:55||NIFTY27JAN2624600PE,0.1514579964211929
21-01-2026 12:25||NIFTY27JAN2624600PE,0.16429160819015254
21-01-2026 13:00||NIFTY27JAN2624600PE,0.17512561620451894
21-01-2026 13:20||NIFTY27JAN2624600PE,0.17251170759421694
21-01-2026 13:40||NIFTY27JAN2624600PE,0.16731303181870957
21-01-2026 14:00||NIFTY27JAN2624600PE,0.16056339679240722
21-01-2026 14:30||NIFTY27JAN2624600PE,0.15041871061201545
21-01-2026 14:40||NIFTY27JAN2624600PE,0.15659929266014477
21-01-2026 15:10||NIFTY27JAN2624600PE,0.15529760801411127
22-01-2026 09:30||NIFTY27JAN2624600PE,0.2023171721040008
22-01-2026 10:40||NIFTY27JAN2624600PE,0.15368888393239538
22-01-2026 10:50||NIFTY27JAN2624600PE,0.15465980282356284
22-01-2026 10:55||NIFTY27JAN2624600PE,0.16348613126858724
22-01-2026 11:10||NIFTY27JAN2624600PE,0.15846667045579163
22-01-2026 11:25||NIFTY27JAN2624600PE,0.1589014586209376
22-01-2026 13:15||NIFTY27JAN2624600PE,0.1427295807473919
22-01-2026 13:30||NIFTY27JAN2624600PE,0.13868127535128993
22-01-2026 13:35||NIFTY27JAN2624600PE,0.1501941108238738
22-01-2026 13:55||NIFTY27JAN2624600PE,0.14445754414187234
22-01-2026 14:15||NIFTY27JAN2624600PE,0.1379380777088204
22-01-2026 14:25||NIFTY27JAN2624600PE,0.13408151706004978
22-01-2026 15:00||NIFTY27JAN2624600PE,0.13830662571658528
22-01-2026 15:15||NIFTY27JAN2624600PE,0.13438427095549083
23-01-2026 09:30||NIFTY27JAN2624600PE,0.15795824317668844
23-01-2026 10:05||NIFTY27JAN2624600PE,0.15119749977360677
23-01-2026 10:10||NIFTY27JAN2624600PE,0.14950529944347793
23-01-2026 10:25||NIFTY27JAN2624600PE,0.14433470079548522
23-01-2026 10:30||NIFTY27JAN2624600PE,0.14968565762462763
23-01-2026 10:40||NIFTY27JAN2624600PE,0.15057380582251456
23-01-2026 10:55||NIFTY27JAN2624600PE,0.14751961247033002
23-01-2026 12:05||NIFTY27JAN2624600PE,0.13939588541153522
23-01-2026 12:25||NIFTY27JAN2624600PE,0.13494477192785634
23-01-2026 12:40||NIFTY27JAN2624600PE,0.13229539400724383
23-01-2026 12:45||NIFTY27JAN2624600PE,0.13836478315343517
23-01-2026 13:40||NIFTY27JAN2624600PE,0.13643552746248302
23-01-2026 13:45||NIFTY27JAN2624600PE,0.126263711322894
23-01-2026 14:30||NIFTY27JAN2624600PE,0.1232432709634963
23-01-2026 15:00||NIFTY27JAN2624600PE,0.12555216926317334
23-01-2026 15:10||NIFTY27JAN2624600PE,0.12282760075455443
23-01-2026 15:25||NIFTY27JAN2624600PE,0.11812791425738242
27-01-2026 09:25||NIFTY27JAN2624600PE,0.35212121085399717
27-01-2026 10:20||NIFTY27JAN2624600PE,0.4720170511715731
27-01-2026 10:25||NIFTY27JAN2624600PE,0.47178482859561593
27-01-2026 10:50||NIFTY27JAN2624600PE,0.40203443902795716
27-01-2026 12:15||NIFTY27JAN2624600PE,0.5007263348254619
27-01-2026 12:50||NIFTY27JAN2624600PE,0.47760394354409363
27-01-2026 13:10||NIFTY27JAN2624600PE,0.5401727950557895
27-01-2026 13:20||NIFTY27JAN2624600PE,0.5395225278546083
27-01-2026 13:35||NIFTY27JAN2624600PE,0.6146719254384765
27-01-2026 13:55||NIFTY27JAN2624600PE,0.5826353682893757
27-01-2026 14:10||NIFTY27JAN2624600PE,0.6091795861402703
27-01-2026 14:30||NIFTY27JAN2624600PE,0.6840740894169124
07-01-2026 09:55||NIFTY27JAN2624700PE,0.13061249425509971
07-01-2026 12:25||NIFTY27JAN2624700PE,0.130693831495249
07-01-2026 12:50||NIFTY27JAN2624700PE,0.12931199586636288
07-01-2026 13:05||NIFTY27JAN2624700PE,0.12993327031136848
07-01-2026 13:10||NIFTY27JAN2624700PE,0.1303503085443888
07-01-2026 13:25||NIFTY27JAN2624700PE,0.1280112057245307
07-01-2026 14:10||NIFTY27JAN2624700PE,0.12970131059081982
07-01-2026 14:35||NIFTY27JAN2624700PE,0.12908028336773486
07-01-2026 15:25||NIFTY27JAN2624700PE,0.13168385523698822
08-01-2026 09:30||NIFTY27JAN2624700PE,0.12853286893075666
08-01-2026 10:55||NIFTY27JAN2624700PE,0.12834076739292793
08-01-2026 11:10||NIFTY27JAN2624700PE,0.13013281337547244
08-01-2026 11:25||NIFTY27JAN2624700PE,0.13096426873843325
08-01-2026 11:35||NIFTY27JAN2624700PE,0.13011455440734207
08-01-2026 11:55||NIFTY27JAN2624700PE,0.13121647881572968
08-01-2026 12:00||NIFTY27JAN2624700PE,0.13203485715107816
08-01-2026 13:00||NIFTY27JAN2624700PE,0.1319486583232769
08-01-2026 13:35||NIFTY27JAN2624700PE,0.13200460676477987
08-01-2026 13:45||NIFTY27JAN2624700PE,0.13064420871295887
08-01-2026 14:45||NIFTY27JAN2624700PE,0.1286349606084212
09-01-2026 09:45||NIFTY27JAN2624700PE,0.12388616508121114
09-01-2026 09:50||NIFTY27JAN2624700PE,0.12492635800869598
09-01-2026 10:40||NIFTY27JAN2624700PE,0.12480794225249348
09-01-2026 10:55||NIFTY27JAN2624700PE,0.12441122504085236
09-01-2026 11:10||NIFTY27JAN2624700PE,0.1235172568818763
09-01-2026 11:40||NIFTY27JAN2624700PE,0.12245997504440784
09-01-2026 12:20||NIFTY27JAN2624700PE,0.12101930331222342
09-01-2026 12:35||NIFTY27JAN2624700PE,0.12447590466677094
09-01-2026 13:05||NIFTY27JAN2624700PE,0.12123233097448373
09-01-2026 13:50||NIFTY27JAN2624700PE,0.12286608205658231
09-01-2026 14:10||NIFTY27JAN2624700PE,0.122886190985663
09-01-2026 15:15||NIFTY27JAN2624700PE,0.12341048613198749
09-01-2026 15:20||NIFTY27JAN2624700PE,0.123673458668954
12-01-2026 09:25||NIFTY27JAN2624700PE,0.13240920855208865
12-01-2026 09:35||NIFTY27JAN2624700PE,0.13146178970954217
12-01-2026 09:40||NIFTY27JAN2624700PE,0.13335597771953253
12-01-2026 10:05||NIFTY27JAN2624700PE,0.13346821987896937
12-01-2026 11:05||NIFTY27JAN2624700PE,0.13020388967053548
12-01-2026 11:25||NIFTY27JAN2624700PE,0.12844385083800544
12-01-2026 11:35||NIFTY27JAN2624700PE,0.1282717291150485
12-01-2026 11:50||NIFTY27JAN2624700PE,0.1282192850205579
12-01-2026 12:10||NIFTY27JAN2624700PE,0.12423418595903471
12-01-2026 12:20||NIFTY27JAN2624700PE,0.13029224414363055
12-01-2026 12:55||NIFTY27JAN2624700PE,0.13942391825490877
12-01-2026 13:10||NIFTY27JAN2624700PE,0.13864271116392257
12-01-2026 13:15||NIFTY27JAN2624700PE,0.13963028930873503
12-01-2026 13:35||NIFTY27JAN2624700PE,0.1402971238572346
12-01-2026 13:55||NIFTY27JAN2624700PE,0.1406069580072811
12-01-2026 14:55||NIFTY27JAN2624700PE,0.13978839733308082
12-01-2026 15:00||NIFTY27JAN2624700PE,0.14011308362018884
13-01-2026 09:15||NIFTY27JAN2624700PE,0.14507451244433175
13-01-2026 09:55||NIFTY27JAN2624700PE,0.14141693790506418
13-01-2026 10:10||NIFTY27JAN2624700PE,0.14179401870118163
13-01-2026 10:25||NIFTY27JAN2624700PE,0.13906674266649838
13-01-2026 10:30||NIFTY27JAN2624700PE,0.14317246454079816
13-01-2026 12:05||NIFTY27JAN2624700PE,0.13489419122740337
13-01-2026 12:20||NIFTY27JAN2624700PE,0.136192652103093
13-01-2026 12:30||NIFTY27JAN2624700PE,0.13591454972585193
13-01-2026 12:40||NIFTY27JAN2624700PE,0.13465577412496665
13-01-2026 12:55||NIFTY27JAN2624700PE,0.13482862326130335
13-01-2026 13:00||NIFTY27JAN2624700PE,0.1337134332488343
13-01-2026 13:10||NIFTY27JAN2624700PE,0.13496936022249142
13-01-2026 13:15||NIFTY27JAN2624700PE,0.13440794598853087
13-01-2026 14:10||NIFTY27JAN2624700PE,0.1322511490051053
13-01-2026 15:15||NIFTY27JAN2624700PE,0.13536759175323743
13-01-2026 15:25||NIFTY27JAN2624700PE,0.13524309698660839
14-01-2026 09:25||NIFTY27JAN2624700PE,0.13695259201882487
14-01-2026 09:30||NIFTY27JAN2624700PE,0.14002965425138772
14-01-2026 09:40||NIFTY27JAN2624700PE,0.13764677025263006
14-01-2026 10:20||NIFTY27JAN2624700PE,0.13393715752634758
14-01-2026 10:30||NIFTY27JAN2624700PE,0.13340469430668056
14-01-2026 11:25||NIFTY27JAN2624700PE,0.13548927237062425
14-01-2026 11:35||NIFTY27JAN2624700PE,0.13758974838936014
14-01-2026 13:00||NIFTY27JAN2624700PE,0.13649030994139885
14-01-2026 13:10||NIFTY27JAN2624700PE,0.13692802762816075
14-01-2026 13:20||NIFTY27JAN2624700PE,0.13587995641112813
14-01-2026 13:25||NIFTY27JAN2624700PE,0.1341586257422086
14-01-2026 13:45||NIFTY27JAN2624700PE,0.13016890822129237
14-01-2026 14:05||NIFTY27JAN2624700PE,0.13027121224344354
14-01-2026 14:40||NIFTY27JAN2624700PE,0.13088057964862826
14-01-2026 15:00||NIFTY27JAN2624700PE,0.13141213726300535
14-01-2026 15:15||NIFTY27JAN2624700PE,0.13044110050902763
16-01-2026 09:25||NIFTY27JAN2624700PE,0.13464903413583057
16-01-2026 10:40||NIFTY27JAN2624700PE,0.14965013353327966
16-01-2026 12:25||NIFTY27JAN2624700PE,0.14274203363342608
16-01-2026 12:55||NIFTY27JAN2624700PE,0.13710200615546306
16-01-2026 13:00||NIFTY27JAN2624700PE,0.13494949564264627
16-01-2026 13:15||NIFTY27JAN2624700PE,0.13145668543721611
16-01-2026 13:20||NIFTY27JAN2624700PE,0.13103876404407502
16-01-2026 13:40||NIFTY27JAN2624700PE,0.13175137509345466
16-01-2026 13:50||NIFTY27JAN2624700PE,0.13381388805996153
16-01-2026 14:50||NIFTY27JAN2624700PE,0.1312721265127491
16-01-2026 15:10||NIFTY27JAN2624700PE,0.1313932408974471
16-01-2026 15:15||NIFTY27JAN2624700PE,0.13115887446319435
19-01-2026 09:15||NIFTY27JAN2624700PE,0.136307267731579
19-01-2026 09:50||NIFTY27JAN2624700PE,0.13791945660577493
19-01-2026 09:55||NIFTY27JAN2624700PE,0.13815448119768334
19-01-2026 10:15||NIFTY27JAN2624700PE,0.13461354760642966
19-01-2026 10:30||NIFTY27JAN2624700PE,0.1376108089082289
19-01-2026 10:35||NIFTY27JAN2624700PE,0.13684265744480076
19-01-2026 10:40||NIFTY27JAN2624700PE,0.1348140134180641
19-01-2026 10:45||NIFTY27JAN2624700PE,0.13812416305393738
19-01-2026 11:15||NIFTY27JAN2624700PE,0.13924785474514706
19-01-2026 11:55||NIFTY27JAN2624700PE,0.13952501691209526
19-01-2026 12:00||NIFTY27JAN2624700PE,0.13831203910840528
19-01-2026 12:35||NIFTY27JAN2624700PE,0.13823883471158221
19-01-2026 12:55||NIFTY27JAN2624700PE,0.13840708367657834
19-01-2026 13:00||NIFTY27JAN2624700PE,0.14036442203987612
19-01-2026 13:45||NIFTY27JAN2624700PE,0.13559478909234168
19-01-2026 14:15||NIFTY27JAN2624700PE,0.14076268237016656
19-01-2026 14:30||NIFTY27JAN2624700PE,0.14282700877268684
19-01-2026 14:40||NIFTY27JAN2624700PE,0.144489380327336
19-01-2026 15:15||NIFTY27JAN2624700PE,0.14634959064728953
19-01-2026 15:25||NIFTY27JAN2624700PE,0.14334504083547805
20-01-2026 09:20||NIFTY27JAN2624700PE,0.14596122311260518
20-01-2026 10:00||NIFTY27JAN2624700PE,0.13872922854760686
20-01-2026 10:25||NIFTY27JAN2624700PE,0.13952196585397358
20-01-2026 10:35||NIFTY27JAN2624700PE,0.13681457261783567
20-01-2026 10:55||NIFTY27JAN2624700PE,0.1384977509383004
20-01-2026 11:15||NIFTY27JAN2624700PE,0.13492902517411057
20-01-2026 11:40||NIFTY27JAN2624700PE,0.1339469963744228
20-01-2026 11:50||NIFTY27JAN2624700PE,0.13488757183846092
20-01-2026 12:00||NIFTY27JAN2624700PE,0.13655953420541497
20-01-2026 12:05||NIFTY27JAN2624700PE,0.13641701820681074
20-01-2026 12:10||NIFTY27JAN2624700PE,0.13399895608553591
20-01-2026 12:40||NIFTY27JAN2624700PE,0.13425455594310826
20-01-2026 13:10||NIFTY27JAN2624700PE,0.13442710684554948
20-01-2026 13:25||NIFTY27JAN2624700PE,0.13395222945390997
20-01-2026 13:30||NIFTY27JAN2624700PE,0.1346044192378594
21-01-2026 09:50||NIFTY27JAN2624700PE,0.13846044029692955
21-01-2026 10:30||NIFTY27JAN2624700PE,0.13392135869284377
21-01-2026 10:45||NIFTY27JAN2624700PE,0.13599902606981598
21-01-2026 11:55||NIFTY27JAN2624700PE,0.14364793350337945
21-01-2026 12:00||NIFTY27JAN2624700PE,0.1372858793356447
21-01-2026 12:25||NIFTY27JAN2624700PE,0.15644778004681495
21-01-2026 12:40||NIFTY27JAN2624700PE,0.15762170925313781
21-01-2026 13:00||NIFTY27JAN2624700PE,0.16616785221671376
21-01-2026 13:35||NIFTY27JAN2624700PE,0.15392978395889884
21-01-2026 14:15||NIFTY27JAN2624700PE,0.14213915789602533
21-01-2026 14:20||NIFTY27JAN2624700PE,0.15552574220756893
21-01-2026 14:35||NIFTY27JAN2624700PE,0.14490140928556894
21-01-2026 14:40||NIFTY27JAN2624700PE,0.14952796680253627
22-01-2026 09:25||NIFTY27JAN2624700PE,0.14458736476572698
22-01-2026 09:55||NIFTY27JAN2624700PE,0.16559886193488899
22-01-2026 10:00||NIFTY27JAN2624700PE,0.1636836520435266
22-01-2026 11:10||NIFTY27JAN2624700PE,0.15087131210034946
22-01-2026 11:20||NIFTY27JAN2624700PE,0.14115437428811997
22-01-2026 11:40||NIFTY27JAN2624700PE,0.15035874475743127
22-01-2026 12:25||NIFTY27JAN2624700PE,0.1421807154316283
22-01-2026 12:45||NIFTY27JAN2624700PE,0.14348873542520063
22-01-2026 13:15||NIFTY27JAN2624700PE,0.13462065202732218
22-01-2026 13:20||NIFTY27JAN2624700PE,0.1372171859918061
22-01-2026 13:35||NIFTY27JAN2624700PE,0.1430573501003593
22-01-2026 14:25||NIFTY27JAN2624700PE,0.125162094688684
22-01-2026 15:25||NIFTY27JAN2624700PE,0.12378975229560692
23-01-2026 09:30||NIFTY27JAN2624700PE,0.14798696563115296
23-01-2026 09:50||NIFTY27JAN2624700PE,0.14473010276975512
23-01-2026 10:00||NIFTY27JAN2624700PE,0.14192010183192053
23-01-2026 10:15||NIFTY27JAN2624700PE,0.14208071166743513
23-01-2026 11:30||NIFTY27JAN2624700PE,0.1372765583321248
23-01-2026 13:10||NIFTY27JAN2624700PE,0.12085743523645377
23-01-2026 13:20||NIFTY27JAN2624700PE,0.12284729726712293
23-01-2026 13:30||NIFTY27JAN2624700PE,0.12819930384696548
23-01-2026 14:35||NIFTY27JAN2624700PE,0.11580262373985328
23-01-2026 14:45||NIFTY27JAN2624700PE,0.12093477724761187
27-01-2026 09:55||NIFTY27JAN2624700PE,0.4109420088900054
27-01-2026 10:45||NIFTY27JAN2624700PE,0.3584147797820136
27-01-2026 11:50||NIFTY27JAN2624700PE,0.4218109724310271
27-01-2026 12:05||NIFTY27JAN2624700PE,0.4325275385838614
27-01-2026 12:25||NIFTY27JAN2624700PE,0.47006768535299537
27-01-2026 12:40||NIFTY27JAN2624700PE,0.4389516410412796
27-01-2026 13:10||NIFTY27JAN2624700PE,0.4758761961404727
27-01-2026 13:45||NIFTY27JAN2624700PE,0.4858776378425703
27-01-2026 14:45||NIFTY27JAN2624700PE,0.7198883985066022
27-01-2026 15:00||NIFTY27JAN2624700PE,0.8632853397405447
07-01-2026 09:20||NIFTY27JAN2624800PE,0.12817184692966024
07-01-2026 11:05||NIFTY27JAN2624800PE,0.1299447142136395
07-01-2026 11:10||NIFTY27JAN2624800PE,0.1289570961846307
07-01-2026 11:15||NIFTY27JAN2624800PE,0.12747829784828726
07-01-2026 11:25||NIFTY27JAN2624800PE,0.126630223732769
07-01-2026 13:20||NIFTY27JAN2624800PE,0.12445317612902645
07-01-2026 14:30||NIFTY27JAN2624800PE,0.1239290510715721
08-01-2026 09:20||NIFTY27JAN2624800PE,0.12579728415446434
08-01-2026 09:30||NIFTY27JAN2624800PE,0.1232885280119673
08-01-2026 09:40||NIFTY27JAN2624800PE,0.12507111130645382
08-01-2026 10:05||NIFTY27JAN2624800PE,0.1250376579394442
08-01-2026 10:25||NIFTY27JAN2624800PE,0.12334832661517009
08-01-2026 10:55||NIFTY27JAN2624800PE,0.12314333781717456
08-01-2026 11:05||NIFTY27JAN2624800PE,0.12418385171604887
08-01-2026 12:20||NIFTY27JAN2624800PE,0.12843064839151574
08-01-2026 12:35||NIFTY27JAN2624800PE,0.12682033115257674
08-01-2026 12:40||NIFTY27JAN2624800PE,0.12673144591406482
08-01-2026 13:35||NIFTY27JAN2624800PE,0.12634755981915133
08-01-2026 13:40||NIFTY27JAN2624800PE,0.1250374171503372
08-01-2026 14:10||NIFTY27JAN2624800PE,0.12414724816545264
08-01-2026 14:25||NIFTY27JAN2624800PE,0.124847554002126
08-01-2026 14:35||NIFTY27JAN2624800PE,0.12339791660177271
08-01-2026 15:05||NIFTY27JAN2624800PE,0.11963960704766037
08-01-2026 15:15||NIFTY27JAN2624800PE,0.12006495079081536
08-01-2026 15:20||NIFTY27JAN2624800PE,0.12027858051754173
09-01-2026 09:20||NIFTY27JAN2624800PE,0.12444552277982146
09-01-2026 09:35||NIFTY27JAN2624800PE,0.11968846773369331
09-01-2026 09:55||NIFTY27JAN2624800PE,0.1203541694692884
09-01-2026 10:05||NIFTY27JAN2624800PE,0.11958242173140556
09-01-2026 10:35||NIFTY27JAN2624800PE,0.12024886554272501
09-01-2026 12:00||NIFTY27JAN2624800PE,0.11547961963876993
09-01-2026 12:20||NIFTY27JAN2624800PE,0.11602108171672795
09-01-2026 12:55||NIFTY27JAN2624800PE,0.11731848688541816
09-01-2026 13:05||NIFTY27JAN2624800PE,0.11607717147027272
09-01-2026 13:40||NIFTY27JAN2624800PE,0.11876662962278436
09-01-2026 14:55||NIFTY27JAN2624800PE,0.11731001112632122
12-01-2026 09:20||NIFTY27JAN2624800PE,0.12805961925123718
12-01-2026 09:45||NIFTY27JAN2624800PE,0.12569681847454287
12-01-2026 10:00||NIFTY27JAN2624800PE,0.12459043646575252
12-01-2026 10:05||NIFTY27JAN2624800PE,0.12804540742054424
12-01-2026 10:15||NIFTY27JAN2624800PE,0.12429956337255404
12-01-2026 10:20||NIFTY27JAN2624800PE,0.12728274789539834
12-01-2026 11:00||NIFTY27JAN2624800PE,0.12555151411104365
12-01-2026 11:20||NIFTY27JAN2624800PE,0.1235820274890287
12-01-2026 12:10||NIFTY27JAN2624800PE,0.11861487768946279
12-01-2026 12:25||NIFTY27JAN2624800PE,0.1294303987753956
12-01-2026 12:30||NIFTY27JAN2624800PE,0.130164229034305
12-01-2026 12:45||NIFTY27JAN2624800PE,0.13495613721430091
12-01-2026 13:10||NIFTY27JAN2624800PE,0.13323435775506945
12-01-2026 13:15||NIFTY27JAN2624800PE,0.13455702647765663
12-01-2026 13:25||NIFTY27JAN2624800PE,0.13478231204888338
12-01-2026 13:30||NIFTY27JAN2624800PE,0.13052222289400706
12-01-2026 13:40||NIFTY27JAN2624800PE,0.13481335114187643
12-01-2026 14:05||NIFTY27JAN2624800PE,0.13324229972567336
12-01-2026 14:10||NIFTY27JAN2624800PE,0.13525134824549073
12-01-2026 14:50||NIFTY27JAN2624800PE,0.13383748004455648
12-01-2026 15:00||NIFTY27JAN2624800PE,0.134541563480323
13-01-2026 09:20||NIFTY27JAN2624800PE,0.13732751250070638
13-01-2026 09:25||NIFTY27JAN2624800PE,0.14344477080602686
13-01-2026 10:05||NIFTY27JAN2624800PE,0.13421870359292443
13-01-2026 10:15||NIFTY27JAN2624800PE,0.13550357978305977
13-01-2026 10:40||NIFTY27JAN2624800PE,0.13640422761109527
13-01-2026 11:05||NIFTY27JAN2624800PE,0.13245486042351345
13-01-2026 11:10||NIFTY27JAN2624800PE,0.13393998924585165
13-01-2026 11:25||NIFTY27JAN2624800PE,0.1324697737957595
13-01-2026 11:55||NIFTY27JAN2624800PE,0.1315080844230512
13-01-2026 12:35||NIFTY27JAN2624800PE,0.1293391769742292
13-01-2026 13:20||NIFTY27JAN2624800PE,0.12861887457576002
13-01-2026 13:35||NIFTY27JAN2624800PE,0.1298543556514231
13-01-2026 14:15||NIFTY27JAN2624800PE,0.12544369936090755
13-01-2026 14:20||NIFTY27JAN2624800PE,0.12676304404265115
13-01-2026 14:40||NIFTY27JAN2624800PE,0.12462586649598723
13-01-2026 14:55||NIFTY27JAN2624800PE,0.1275235535053928
13-01-2026 15:20||NIFTY27JAN2624800PE,0.12831433264661368
14-01-2026 09:40||NIFTY27JAN2624800PE,0.1316535851297061
14-01-2026 10:05||NIFTY27JAN2624800PE,0.13000463270354384
14-01-2026 10:30||NIFTY27JAN2624800PE,0.1275078995206816
14-01-2026 10:45||NIFTY27JAN2624800PE,0.1256478138657953
14-01-2026 10:50||NIFTY27JAN2624800PE,0.12848187170968633
14-01-2026 11:05||NIFTY27JAN2624800PE,0.1310228797793215
14-01-2026 11:20||NIFTY27JAN2624800PE,0.13124248770317842
14-01-2026 11:55||NIFTY27JAN2624800PE,0.13206990378345285
14-01-2026 12:10||NIFTY27JAN2624800PE,0.13129825615502277
14-01-2026 12:15||NIFTY27JAN2624800PE,0.1285024114912707
14-01-2026 13:05||NIFTY27JAN2624800PE,0.12987131467415894
14-01-2026 13:15||NIFTY27JAN2624800PE,0.1296469145179521
14-01-2026 13:45||NIFTY27JAN2624800PE,0.12438908138994226
14-01-2026 14:05||NIFTY27JAN2624800PE,0.12459220141647617
14-01-2026 14:10||NIFTY27JAN2624800PE,0.12352506641590338
14-01-2026 14:40||NIFTY27JAN2624800PE,0.12495983138118776
14-01-2026 14:45||NIFTY27JAN2624800PE,0.12729741114448026
14-01-2026 14:55||NIFTY27JAN2624800PE,0.12707203956181945
14-01-2026 15:05||NIFTY27JAN2624800PE,0.1282178377072611
14-01-2026 15:20||NIFTY27JAN2624800PE,0.12549500038736808
16-01-2026 09:15||NIFTY27JAN2624800PE,0.1307937506522903
16-01-2026 09:35||NIFTY27JAN2624800PE,0.12706097804821148
16-01-2026 09:45||NIFTY27JAN2624800PE,0.12534266993780357
16-01-2026 10:10||NIFTY27JAN2624800PE,0.13021167461459715
16-01-2026 10:20||NIFTY27JAN2624800PE,0.1390080164607018
16-01-2026 10:30||NIFTY27JAN2624800PE,0.14055364775180812
16-01-2026 11:25||NIFTY27JAN2624800PE,0.13611857951910533
16-01-2026 11:35||NIFTY27JAN2624800PE,0.13603111739855672
16-01-2026 11:55||NIFTY27JAN2624800PE,0.13513120460968592
16-01-2026 12:00||NIFTY27JAN2624800PE,0.13233883770529145
16-01-2026 12:05||NIFTY27JAN2624800PE,0.13255835752074036
16-01-2026 12:10||NIFTY27JAN2624800PE,0.1337654363746319
16-01-2026 12:15||NIFTY27JAN2624800PE,0.13471099781770948
16-01-2026 12:25||NIFTY27JAN2624800PE,0.13705921645780408
16-01-2026 12:35||NIFTY27JAN2624800PE,0.1306193353670565
16-01-2026 12:45||NIFTY27JAN2624800PE,0.1304055716261824
16-01-2026 13:00||NIFTY27JAN2624800PE,0.1289970329091522
16-01-2026 14:20||NIFTY27JAN2624800PE,0.12504033685085963
16-01-2026 14:35||NIFTY27JAN2624800PE,0.12667037530316638
16-01-2026 15:00||NIFTY27JAN2624800PE,0.12745949617512956
16-01-2026 15:10||NIFTY27JAN2624800PE,0.12607770412067948
16-01-2026 15:15||NIFTY27JAN2624800PE,0.1256784095588701
16-01-2026 15:20||NIFTY27JAN2624800PE,0.12581451848531378
19-01-2026 09:30||NIFTY27JAN2624800PE,0.12796277699928615
19-01-2026 09:35||NIFTY27JAN2624800PE,0.13413062599765954
19-01-2026 09:50||NIFTY27JAN2624800PE,0.13157508023055833
19-01-2026 10:05||NIFTY27JAN2624800PE,0.1270518177437064
19-01-2026 10:15||NIFTY27JAN2624800PE,0.12856444078597137
19-01-2026 10:30||NIFTY27JAN2624800PE,0.13186812636434345
19-01-2026 10:35||NIFTY27JAN2624800PE,0.13110137344676523
19-01-2026 13:20||NIFTY27JAN2624800PE,0.13217605551068912
19-01-2026 13:40||NIFTY27JAN2624800PE,0.13462823807888571
19-01-2026 14:15||NIFTY27JAN2624800PE,0.13315903398897436
19-01-2026 14:30||NIFTY27JAN2624800PE,0.13551785118084023
19-01-2026 14:45||NIFTY27JAN2624800PE,0.1375205925305874
19-01-2026 15:10||NIFTY27JAN2624800PE,0.13864651274035222
20-01-2026 09:30||NIFTY27JAN2624800PE,0.13210519339281984
20-01-2026 09:45||NIFTY27JAN2624800PE,0.13336515986206252
20-01-2026 09:50||NIFTY27JAN2624800PE,0.1356976545321465
20-01-2026 10:55||NIFTY27JAN2624800PE,0.132143603158644
20-01-2026 11:40||NIFTY27JAN2624800PE,0.12738126790720905
20-01-2026 12:10||NIFTY27JAN2624800PE,0.12757409544926313
20-01-2026 14:00||NIFTY27JAN2624800PE,0.12913590642441358
20-01-2026 14:35||NIFTY27JAN2624800PE,0.13380645503332472
20-01-2026 15:00||NIFTY27JAN2624800PE,0.12899331640105166
20-01-2026 15:15||NIFTY27JAN2624800PE,0.13733666613100498
21-01-2026 09:55||NIFTY27JAN2624800PE,0.13346002602728008
21-01-2026 10:30||NIFTY27JAN2624800PE,0.12681140910396066
21-01-2026 10:40||NIFTY27JAN2624800PE,0.14216176411674486
21-01-2026 10:45||NIFTY27JAN2624800PE,0.12982838350239814
21-01-2026 10:55||NIFTY27JAN2624800PE,0.13069580070294162
21-01-2026 11:00||NIFTY27JAN2624800PE,0.137523762764868
21-01-2026 11:10||NIFTY27JAN2624800PE,0.12579129879332374
21-01-2026 11:25||NIFTY27JAN2624800PE,0.13957537438376666
21-01-2026 11:40||NIFTY27JAN2624800PE,0.13615284360458474
21-01-2026 12:00||NIFTY27JAN2624800PE,0.1288617895805828
21-01-2026 12:40||NIFTY27JAN2624800PE,0.14947249017091205
21-01-2026 13:20||NIFTY27JAN2624800PE,0.15593678938974612
21-01-2026 13:35||NIFTY27JAN2624800PE,0.14546090420743737
21-01-2026 13:40||NIFTY27JAN2624800PE,0.1512522043726714
21-01-2026 13:45||NIFTY27JAN2624800PE,0.15063435671142367
21-01-2026 14:25||NIFTY27JAN2624800PE,0.14789982556135445
21-01-2026 14:30||NIFTY27JAN2624800PE,0.134230630737412
21-01-2026 14:35||NIFTY27JAN2624800PE,0.13774231329125813
21-01-2026 15:00||NIFTY27JAN2624800PE,0.13359097993908045
21-01-2026 15:15||NIFTY27JAN2624800PE,0.13929900194810363
21-01-2026 15:20||NIFTY27JAN2624800PE,0.14030734349132384
21-01-2026 15:25||NIFTY27JAN2624800PE,0.13004244997807152
22-01-2026 09:20||NIFTY27JAN2624800PE,0.1392329356332209
22-01-2026 09:30||NIFTY27JAN2624800PE,0.17348666622996153
22-01-2026 09:55||NIFTY27JAN2624800PE,0.15486109119443345
22-01-2026 10:05||NIFTY27JAN2624800PE,0.15288512237166166
22-01-2026 10:10||NIFTY27JAN2624800PE,0.14825785475848074
22-01-2026 11:00||NIFTY27JAN2624800PE,0.14067301338896526
22-01-2026 11:05||NIFTY27JAN2624800PE,0.1386160914870887
22-01-2026 11:20||NIFTY27JAN2624800PE,0.1333548706762314
22-01-2026 11:50||NIFTY27JAN2624800PE,0.14140151948299226
22-01-2026 12:20||NIFTY27JAN2624800PE,0.14464877845222798
22-01-2026 12:25||NIFTY27JAN2624800PE,0.13465007073665938
22-01-2026 13:55||NIFTY27JAN2624800PE,0.12844981339858572
22-01-2026 14:35||NIFTY27JAN2624800PE,0.1234744757508256
22-01-2026 15:20||NIFTY27JAN2624800PE,0.11794294054636861
23-01-2026 09:45||NIFTY27JAN2624800PE,0.1279257791958598
23-01-2026 09:55||NIFTY27JAN2624800PE,0.1296453527202386
23-01-2026 10:05||NIFTY27JAN2624800PE,0.13184151186018736
23-01-2026 10:10||NIFTY27JAN2624800PE,0.1301018967410898
23-01-2026 10:40||NIFTY27JAN2624800PE,0.12990486838638107
23-01-2026 11:15||NIFTY27JAN2624800PE,0.1278217025474338
23-01-2026 11:20||NIFTY27JAN2624800PE,0.12309353676972297
23-01-2026 11:55||NIFTY27JAN2624800PE,0.11969846949924977
23-01-2026 12:00||NIFTY27JAN2624800PE,0.11846504551794038
23-01-2026 12:50||NIFTY27JAN2624800PE,0.11041821478551092
23-01-2026 13:20||NIFTY27JAN2624800PE,0.11531151998744771
23-01-2026 13:30||NIFTY27JAN2624800PE,0.1223217460601242
23-01-2026 14:05||NIFTY27JAN2624800PE,0.11143062184288778
23-01-2026 14:20||NIFTY27JAN2624800PE,0.11530060454654298
23-01-2026 14:50||NIFTY27JAN2624800PE,0.10355090381141092
23-01-2026 15:05||NIFTY27JAN2624800PE,0.11905588309134695
23-01-2026 15:20||NIFTY27JAN2624800PE,0.10351750076414676
27-01-2026 09:30||NIFTY27JAN2624800PE,0.27454073691066544
27-01-2026 09:50||NIFTY27JAN2624800PE,0.3845917846392774
27-01-2026 09:55||NIFTY27JAN2624800PE,0.3854621432334472
27-01-2026 10:20||NIFTY27JAN2624800PE,0.3899464089575553
27-01-2026 10:30||NIFTY27JAN2624800PE,0.3687177066682962
27-01-2026 10:35||NIFTY27JAN2624800PE,0.37964790865002224
27-01-2026 11:55||NIFTY27JAN2624800PE,0.3621583431283719
27-01-2026 12:40||NIFTY27JAN2624800PE,0.39330418003757495
27-01-2026 13:05||NIFTY27JAN2624800PE,0.3960999911618381
27-01-2026 13:35||NIFTY27JAN2624800PE,0.5281370035512082
27-01-2026 13:50||NIFTY27JAN2624800PE,0.44599742533819453
27-01-2026 14:05||NIFTY27JAN2624800PE,0.41329756789993694
27-01-2026 14:25||NIFTY27JAN2624800PE,0.41601335680203466
27-01-2026 14:40||NIFTY27JAN2624800PE,0.5402626336903318
27-01-2026 14:50||NIFTY27JAN2624800PE,0.6261469308958929
27-01-2026 14:55||NIFTY27JAN2624800PE,0.7435582474487195
07-01-2026 09:50||NIFTY27JAN2624900PE,0.12089007034946249
07-01-2026 10:40||NIFTY27JAN2624900PE,0.12219554885502759
07-01-2026 10:55||NIFTY27JAN2624900PE,0.12347849110772452
07-01-2026 11:20||NIFTY27JAN2624900PE,0.12215377342247666
07-01-2026 11:35||NIFTY27JAN2624900PE,0.1225305217869084
07-01-2026 12:45||NIFTY27JAN2624900PE,0.11916413690025365
07-01-2026 13:20||NIFTY27JAN2624900PE,0.1193278529536811
07-01-2026 13:30||NIFTY27JAN2624900PE,0.11749058185475444
07-01-2026 14:45||NIFTY27JAN2624900PE,0.1193102187620686
07-01-2026 14:50||NIFTY27JAN2624900PE,0.1181318572111196
07-01-2026 15:15||NIFTY27JAN2624900PE,0.12172485521428052
08-01-2026 09:20||NIFTY27JAN2624900PE,0.12056769451324287
08-01-2026 09:30||NIFTY27JAN2624900PE,0.11820671602567402
08-01-2026 09:40||NIFTY27JAN2624900PE,0.11984423296421269
08-01-2026 11:15||NIFTY27JAN2624900PE,0.12091144213866228
08-01-2026 11:35||NIFTY27JAN2624900PE,0.11946058648314091
08-01-2026 11:40||NIFTY27JAN2624900PE,0.12003908290180851
08-01-2026 12:05||NIFTY27JAN2624900PE,0.11928929697200436
08-01-2026 12:25||NIFTY27JAN2624900PE,0.12273901129836931
08-01-2026 12:50||NIFTY27JAN2624900PE,0.12148308270953735
08-01-2026 13:10||NIFTY27JAN2624900PE,0.12099326480263493
08-01-2026 13:25||NIFTY27JAN2624900PE,0.12325379340552053
08-01-2026 13:35||NIFTY27JAN2624900PE,0.12083087035358706
08-01-2026 13:40||NIFTY27JAN2624900PE,0.11972802926143072
08-01-2026 15:00||NIFTY27JAN2624900PE,0.11748055536030298
08-01-2026 15:05||NIFTY27JAN2624900PE,0.11455146588162554
09-01-2026 09:45||NIFTY27JAN2624900PE,0.11328489267849054
09-01-2026 09:50||NIFTY27JAN2624900PE,0.11452125668091101
09-01-2026 09:55||NIFTY27JAN2624900PE,0.1153924829780858
09-01-2026 10:30||NIFTY27JAN2624900PE,0.1167729178665121
09-01-2026 10:55||NIFTY27JAN2624900PE,0.11437029834707745
09-01-2026 11:00||NIFTY27JAN2624900PE,0.11260088494544508
09-01-2026 11:30||NIFTY27JAN2624900PE,0.11290841709248063
09-01-2026 11:55||NIFTY27JAN2624900PE,0.1131917230253958
09-01-2026 12:30||NIFTY27JAN2624900PE,0.11190354560543497
09-01-2026 12:35||NIFTY27JAN2624900PE,0.11539707509109695
09-01-2026 13:00||NIFTY27JAN2624900PE,0.1134649872163232
09-01-2026 13:05||NIFTY27JAN2624900PE,0.11152879565928402
09-01-2026 13:30||NIFTY27JAN2624900PE,0.11486001394511369
09-01-2026 15:15||NIFTY27JAN2624900PE,0.11433920516922584
12-01-2026 09:15||NIFTY27JAN2624900PE,0.12474486271687302
12-01-2026 10:10||NIFTY27JAN2624900PE,0.1224394622035177
12-01-2026 10:20||NIFTY27JAN2624900PE,0.12213364721647307
12-01-2026 10:25||NIFTY27JAN2624900PE,0.12110239650466427
12-01-2026 10:50||NIFTY27JAN2624900PE,0.12331565246268474
12-01-2026 10:55||NIFTY27JAN2624900PE,0.12172484976831946
12-01-2026 11:00||NIFTY27JAN2624900PE,0.12069124111030506
12-01-2026 11:35||NIFTY27JAN2624900PE,0.11895766413864334
12-01-2026 11:55||NIFTY27JAN2624900PE,0.11850784524189192
12-01-2026 12:00||NIFTY27JAN2624900PE,0.11859257066867229
12-01-2026 12:05||NIFTY27JAN2624900PE,0.11726040788766688
12-01-2026 12:30||NIFTY27JAN2624900PE,0.12488845853589313
12-01-2026 12:35||NIFTY27JAN2624900PE,0.12884569127166995
12-01-2026 13:05||NIFTY27JAN2624900PE,0.12752551405909737
12-01-2026 13:30||NIFTY27JAN2624900PE,0.12542696684573806
12-01-2026 13:35||NIFTY27JAN2624900PE,0.12960136292192853
12-01-2026 13:40||NIFTY27JAN2624900PE,0.12972438668337272
12-01-2026 13:55||NIFTY27JAN2624900PE,0.12971948664763402
12-01-2026 14:15||NIFTY27JAN2624900PE,0.12826225289054777
12-01-2026 14:55||NIFTY27JAN2624900PE,0.12894614842988103
12-01-2026 15:05||NIFTY27JAN2624900PE,0.1296812812253479
12-01-2026 15:15||NIFTY27JAN2624900PE,0.12949944174426464
13-01-2026 10:15||NIFTY27JAN2624900PE,0.1307078866839824
13-01-2026 10:30||NIFTY27JAN2624900PE,0.13173814447403748
13-01-2026 10:45||NIFTY27JAN2624900PE,0.12821606407299965
13-01-2026 10:50||NIFTY27JAN2624900PE,0.130707625942265
13-01-2026 11:10||NIFTY27JAN2624900PE,0.1284992437043337
13-01-2026 11:20||NIFTY27JAN2624900PE,0.1280670762186153
13-01-2026 11:35||NIFTY27JAN2624900PE,0.1291169065887087
13-01-2026 11:40||NIFTY27JAN2624900PE,0.12971208896929556
13-01-2026 12:30||NIFTY27JAN2624900PE,0.12583371132365587
13-01-2026 14:20||NIFTY27JAN2624900PE,0.12227339033044432
13-01-2026 14:30||NIFTY27JAN2624900PE,0.11892781385521303
13-01-2026 14:55||NIFTY27JAN2624900PE,0.12269266836244566
13-01-2026 15:05||NIFTY27JAN2624900PE,0.12000470389122445
13-01-2026 15:10||NIFTY27JAN2624900PE,0.12365077802039554
13-01-2026 15:25||NIFTY27JAN2624900PE,0.12434499404060492
14-01-2026 11:25||NIFTY27JAN2624900PE,0.12312622169798443
14-01-2026 12:00||NIFTY27JAN2624900PE,0.12738131519791848
14-01-2026 12:10||NIFTY27JAN2624900PE,0.1257605888289348
14-01-2026 12:30||NIFTY27JAN2624900PE,0.12532110053343026
14-01-2026 12:50||NIFTY27JAN2624900PE,0.1243527685245808
14-01-2026 13:05||NIFTY27JAN2624900PE,0.12389745861143589
14-01-2026 13:10||NIFTY27JAN2624900PE,0.12481746652243893
14-01-2026 13:20||NIFTY27JAN2624900PE,0.12429337241901706
14-01-2026 13:25||NIFTY27JAN2624900PE,0.12234226368426437
14-01-2026 13:55||NIFTY27JAN2624900PE,0.11933800819537897
14-01-2026 14:20||NIFTY27JAN2624900PE,0.12047783826688917
14-01-2026 14:50||NIFTY27JAN2624900PE,0.12202740897853467
14-01-2026 15:10||NIFTY27JAN2624900PE,0.12194937524690586
16-01-2026 09:30||NIFTY27JAN2624900PE,0.1220605311812524
16-01-2026 09:45||NIFTY27JAN2624900PE,0.1190499761083064
16-01-2026 09:50||NIFTY27JAN2624900PE,0.12132429981193964
16-01-2026 09:55||NIFTY27JAN2624900PE,0.1218312195883493
16-01-2026 10:35||NIFTY27JAN2624900PE,0.13465652014480636
16-01-2026 10:40||NIFTY27JAN2624900PE,0.13566211486099233
16-01-2026 10:45||NIFTY27JAN2624900PE,0.13418994351021302
16-01-2026 10:55||NIFTY27JAN2624900PE,0.1330662230361391
16-01-2026 11:00||NIFTY27JAN2624900PE,0.13208869207379947
16-01-2026 11:20||NIFTY27JAN2624900PE,0.13037487078726553
16-01-2026 12:00||NIFTY27JAN2624900PE,0.12595666101106087
16-01-2026 12:15||NIFTY27JAN2624900PE,0.128556354446397
16-01-2026 12:20||NIFTY27JAN2624900PE,0.1284185148697556
16-01-2026 12:55||NIFTY27JAN2624900PE,0.1253939786585256
16-01-2026 13:30||NIFTY27JAN2624900PE,0.12047893899448874
16-01-2026 13:35||NIFTY27JAN2624900PE,0.1189107394835204
16-01-2026 14:00||NIFTY27JAN2624900PE,0.12027626480315133
16-01-2026 14:15||NIFTY27JAN2624900PE,0.11921033780991387
16-01-2026 14:25||NIFTY27JAN2624900PE,0.12225037436392043
16-01-2026 14:35||NIFTY27JAN2624900PE,0.12120945306654318
16-01-2026 14:40||NIFTY27JAN2624900PE,0.12050094068252608
16-01-2026 14:55||NIFTY27JAN2624900PE,0.12063822331325183
16-01-2026 15:00||NIFTY27JAN2624900PE,0.12223769474868178
16-01-2026 15:05||NIFTY27JAN2624900PE,0.12135787889904756
19-01-2026 09:15||NIFTY27JAN2624900PE,0.12384253537071145
19-01-2026 09:40||NIFTY27JAN2624900PE,0.12317854209663795
19-01-2026 10:30||NIFTY27JAN2624900PE,0.1264503629140651
19-01-2026 11:15||NIFTY27JAN2624900PE,0.12787797322149191
19-01-2026 11:20||NIFTY27JAN2624900PE,0.12487788133219603
19-01-2026 11:25||NIFTY27JAN2624900PE,0.1249969141544292
19-01-2026 11:30||NIFTY27JAN2624900PE,0.12484010145098909
19-01-2026 13:20||NIFTY27JAN2624900PE,0.1261656478323622
19-01-2026 13:30||NIFTY27JAN2624900PE,0.124808417840542
19-01-2026 13:35||NIFTY27JAN2624900PE,0.12712559831177794
20-01-2026 10:10||NIFTY27JAN2624900PE,0.1300431589514916
20-01-2026 10:45||NIFTY27JAN2624900PE,0.12608787011226097
20-01-2026 11:10||NIFTY27JAN2624900PE,0.12493083307320643
20-01-2026 11:25||NIFTY27JAN2624900PE,0.12132582206632993
20-01-2026 11:30||NIFTY27JAN2624900PE,0.12390537832212767
20-01-2026 11:50||NIFTY27JAN2624900PE,0.12197962284098618
20-01-2026 12:05||NIFTY27JAN2624900PE,0.12496380033916075
20-01-2026 12:10||NIFTY27JAN2624900PE,0.1219390467129606
20-01-2026 12:30||NIFTY27JAN2624900PE,0.12164357514845278
20-01-2026 12:55||NIFTY27JAN2624900PE,0.12123430153532937
20-01-2026 13:05||NIFTY27JAN2624900PE,0.12204884067291945
20-01-2026 13:15||NIFTY27JAN2624900PE,0.12082339491536688
20-01-2026 13:30||NIFTY27JAN2624900PE,0.12333768884328403
20-01-2026 14:00||NIFTY27JAN2624900PE,0.12357747892437992
20-01-2026 14:10||NIFTY27JAN2624900PE,0.12350155295312641
20-01-2026 14:15||NIFTY27JAN2624900PE,0.12506365402496128
20-01-2026 14:50||NIFTY27JAN2624900PE,0.12721992741407437
21-01-2026 09:50||NIFTY27JAN2624900PE,0.12300118456118064
21-01-2026 11:55||NIFTY27JAN2624900PE,0.12971728495745566
21-01-2026 13:25||NIFTY27JAN2624900PE,0.14368604035587995
21-01-2026 14:25||NIFTY27JAN2624900PE,0.14268171984711242
21-01-2026 14:50||NIFTY27JAN2624900PE,0.13466519908580993
21-01-2026 15:15||NIFTY27JAN2624900PE,0.13370201907987966
22-01-2026 09:30||NIFTY27JAN2624900PE,0.1594000639811551
22-01-2026 09:50||NIFTY27JAN2624900PE,0.16389237946407223
22-01-2026 09:55||NIFTY27JAN2624900PE,0.1445091346726756
22-01-2026 10:50||NIFTY27JAN2624900PE,0.13066795353085026
22-01-2026 12:20||NIFTY27JAN2624900PE,0.13910581257465018
22-01-2026 12:45||NIFTY27JAN2624900PE,0.1299795011164676
22-01-2026 12:50||NIFTY27JAN2624900PE,0.13238567719112013
22-01-2026 13:00||NIFTY27JAN2624900PE,0.12529531650982093
22-01-2026 13:20||NIFTY27JAN2624900PE,0.12433568427619647
22-01-2026 13:25||NIFTY27JAN2624900PE,0.12894825701027407
22-01-2026 13:40||NIFTY27JAN2624900PE,0.12145585883943708
22-01-2026 14:20||NIFTY27JAN2624900PE,0.11608394587086758
22-01-2026 15:00||NIFTY27JAN2624900PE,0.11693446628691827
23-01-2026 09:45||NIFTY27JAN2624900PE,0.11914949112305892
23-01-2026 10:35||NIFTY27JAN2624900PE,0.12339491199629134
23-01-2026 10:55||NIFTY27JAN2624900PE,0.11734377666696619
23-01-2026 11:15||NIFTY27JAN2624900PE,0.11956747855862833
23-01-2026 11:25||NIFTY27JAN2624900PE,0.11399222533023765
23-01-2026 11:30||NIFTY27JAN2624900PE,0.11950400289700487
23-01-2026 11:35||NIFTY27JAN2624900PE,0.12065352266916449
23-01-2026 11:40||NIFTY27JAN2624900PE,0.115199712049274
23-01-2026 12:25||NIFTY27JAN2624900PE,0.10787781963653191
23-01-2026 12:40||NIFTY27JAN2624900PE,0.10286043827417846
23-01-2026 13:00||NIFTY27JAN2624900PE,0.10325922525685685
23-01-2026 13:35||NIFTY27JAN2624900PE,0.11017298645051979
23-01-2026 13:40||NIFTY27JAN2624900PE,0.12111055524900288
27-01-2026 09:20||NIFTY27JAN2624900PE,0.39169429663315675
27-01-2026 09:30||NIFTY27JAN2624900PE,0.24373784803422346
27-01-2026 09:50||NIFTY27JAN2624900PE,0.35794166853195547
27-01-2026 10:10||NIFTY27JAN2624900PE,0.2972297380512072
27-01-2026 10:25||NIFTY27JAN2624900PE,0.38732333972539845
27-01-2026 10:45||NIFTY27JAN2624900PE,0.3066812842666351
27-01-2026 10:55||NIFTY27JAN2624900PE,0.3449150408875498
27-01-2026 11:05||NIFTY27JAN2624900PE,0.30690910564359475
27-01-2026 11:10||NIFTY27JAN2624900PE,0.2987072391198206
27-01-2026 11:25||NIFTY27JAN2624900PE,0.28033129509650095
27-01-2026 11:35||NIFTY27JAN2624900PE,0.30069110311495767
27-01-2026 11:50||NIFTY27JAN2624900PE,0.36803030657260993
27-01-2026 12:35||NIFTY27JAN2624900PE,0.3841209422993501
27-01-2026 12:40||NIFTY27JAN2624900PE,0.36005785990629174
27-01-2026 13:20||NIFTY27JAN2624900PE,0.34198547253212713
27-01-2026 13:55||NIFTY27JAN2624900PE,0.34418903382612404
27-01-2026 14:15||NIFTY27JAN2624900PE,0.35992284884476716
27-01-2026 14:25||NIFTY27JAN2624900PE,0.30851072201796004
27-01-2026 14:35||NIFTY27JAN2624900PE,0.342656311694522
27-01-2026 15:10||NIFTY27JAN2624900PE,0.6028270203672064
27-01-2026 15:20||NIFTY27JAN2624900PE,0.9557489366581661
27-01-2026 15:25||NIFTY27JAN2624900PE,1.4931926428659472
07-01-2026 09:20||NIFTY27JAN2625000PE,0.11840583669299026
07-01-2026 09:45||NIFTY27JAN2625000PE,0.11572653080717452
07-01-2026 09:55||NIFTY27JAN2625000PE,0.11515195864615703
07-01-2026 10:00||NIFTY27JAN2625000PE,0.11727798115573847
07-01-2026 10:35||NIFTY27JAN2625000PE,0.11621399128752422
07-01-2026 11:45||NIFTY27JAN2625000PE,0.11577677953753751
07-01-2026 12:15||NIFTY27JAN2625000PE,0.11403353644695227
07-01-2026 12:45||NIFTY27JAN2625000PE,0.11423421091129804
07-01-2026 13:20||NIFTY27JAN2625000PE,0.11429210147585911
07-01-2026 13:40||NIFTY27JAN2625000PE,0.11248245656724054
07-01-2026 14:35||NIFTY27JAN2625000PE,0.11308478564903778
08-01-2026 09:30||NIFTY27JAN2625000PE,0.11329870120646163
08-01-2026 09:40||NIFTY27JAN2625000PE,0.11477452565197138
08-01-2026 09:55||NIFTY27JAN2625000PE,0.11586267022161398
08-01-2026 10:10||NIFTY27JAN2625000PE,0.11246469572419732
08-01-2026 10:25||NIFTY27JAN2625000PE,0.11295111414156982
08-01-2026 10:40||NIFTY27JAN2625000PE,0.11285321499566006
08-01-2026 11:00||NIFTY27JAN2625000PE,0.11399614945452421
08-01-2026 12:00||NIFTY27JAN2625000PE,0.11769151289833334
08-01-2026 12:35||NIFTY27JAN2625000PE,0.11663607967129677
08-01-2026 12:40||NIFTY27JAN2625000PE,0.11655539235014803
08-01-2026 12:45||NIFTY27JAN2625000PE,0.11778315296539262
08-01-2026 13:00||NIFTY27JAN2625000PE,0.11668076538090713
08-01-2026 13:15||NIFTY27JAN2625000PE,0.11650594524325063
08-01-2026 13:20||NIFTY27JAN2625000PE,0.116351058422227
08-01-2026 13:55||NIFTY27JAN2625000PE,0.11392078931453059
08-01-2026 14:10||NIFTY27JAN2625000PE,0.11377230646108263
08-01-2026 14:15||NIFTY27JAN2625000PE,0.112921532799549
08-01-2026 14:20||NIFTY27JAN2625000PE,0.11318058697710431
08-01-2026 14:40||NIFTY27JAN2625000PE,0.11279474790461935
08-01-2026 14:45||NIFTY27JAN2625000PE,0.1121827060850743
08-01-2026 15:20||NIFTY27JAN2625000PE,0.11063334190481129
09-01-2026 09:15||NIFTY27JAN2625000PE,0.11200303820494509
09-01-2026 09:20||NIFTY27JAN2625000PE,0.11524651130255409
09-01-2026 09:25||NIFTY27JAN2625000PE,0.11162192929516933
09-01-2026 09:55||NIFTY27JAN2625000PE,0.1109255719329558
09-01-2026 10:25||NIFTY27JAN2625000PE,0.1094333738729144
09-01-2026 10:40||NIFTY27JAN2625000PE,0.10943931496810266
09-01-2026 10:45||NIFTY27JAN2625000PE,0.10953286571589856
09-01-2026 11:00||NIFTY27JAN2625000PE,0.10801203110643305
09-01-2026 11:30||NIFTY27JAN2625000PE,0.1083756556598902
09-01-2026 11:40||NIFTY27JAN2625000PE,0.10842420394795567
09-01-2026 11:50||NIFTY27JAN2625000PE,0.10832931335996368
09-01-2026 12:20||NIFTY27JAN2625000PE,0.10726648013269884
09-01-2026 12:25||NIFTY27JAN2625000PE,0.10846875311490009
09-01-2026 13:05||NIFTY27JAN2625000PE,0.10769725426426313
09-01-2026 13:15||NIFTY27JAN2625000PE,0.1083998549584097
09-01-2026 13:20||NIFTY27JAN2625000PE,0.10839494316779333
09-01-2026 14:20||NIFTY27JAN2625000PE,0.10880196542727759
09-01-2026 15:05||NIFTY27JAN2625000PE,0.1068217926801493
09-01-2026 15:10||NIFTY27JAN2625000PE,0.10803270397714276
12-01-2026 09:20||NIFTY27JAN2625000PE,0.11915826087207529
12-01-2026 09:35||NIFTY27JAN2625000PE,0.11692878121398514
12-01-2026 09:45||NIFTY27JAN2625000PE,0.11537054353871877
12-01-2026 09:50||NIFTY27JAN2625000PE,0.11914909901595054
12-01-2026 09:55||NIFTY27JAN2625000PE,0.12013591387343145
12-01-2026 10:15||NIFTY27JAN2625000PE,0.11414266497508953
12-01-2026 10:40||NIFTY27JAN2625000PE,0.11703464000957918
12-01-2026 10:45||NIFTY27JAN2625000PE,0.11537461981791451
12-01-2026 11:00||NIFTY27JAN2625000PE,0.1163158406960759
12-01-2026 11:40||NIFTY27JAN2625000PE,0.11552507343422744
12-01-2026 12:10||NIFTY27JAN2625000PE,0.1086671113076404
12-01-2026 12:40||NIFTY27JAN2625000PE,0.11878396344346331
12-01-2026 12:45||NIFTY27JAN2625000PE,0.12525310345121965
12-01-2026 12:55||NIFTY27JAN2625000PE,0.12391201726112941
12-01-2026 13:20||NIFTY27JAN2625000PE,0.12233913618517883
12-01-2026 14:00||NIFTY27JAN2625000PE,0.12419163390119084
12-01-2026 14:20||NIFTY27JAN2625000PE,0.12100330479990734
12-01-2026 14:45||NIFTY27JAN2625000PE,0.12456741068555136
12-01-2026 15:20||NIFTY27JAN2625000PE,0.12421379171509844
13-01-2026 09:35||NIFTY27JAN2625000PE,0.12547250347612346
13-01-2026 09:50||NIFTY27JAN2625000PE,0.12479277248926902
13-01-2026 10:35||NIFTY27JAN2625000PE,0.1263652503728238
13-01-2026 10:50||NIFTY27JAN2625000PE,0.12583523460149743
13-01-2026 11:00||NIFTY27JAN2625000PE,0.12419725852976776
13-01-2026 11:10||NIFTY27JAN2625000PE,0.1231248993292923
13-01-2026 11:45||NIFTY27JAN2625000PE,0.12185852435409307
13-01-2026 11:55||NIFTY27JAN2625000PE,0.12175391876207271
13-01-2026 12:00||NIFTY27JAN2625000PE,0.12094114841299952
13-01-2026 12:05||NIFTY27JAN2625000PE,0.1195444903356156
13-01-2026 12:10||NIFTY27JAN2625000PE,0.12241535046293721
13-01-2026 12:55||NIFTY27JAN2625000PE,0.1205323611457576
13-01-2026 13:10||NIFTY27JAN2625000PE,0.12094418095492732
13-01-2026 13:15||NIFTY27JAN2625000PE,0.11993962725342948
13-01-2026 13:20||NIFTY27JAN2625000PE,0.11933203670360196
13-01-2026 13:55||NIFTY27JAN2625000PE,0.11865107398899989
14-01-2026 09:40||NIFTY27JAN2625000PE,0.12042147192791444
14-01-2026 10:05||NIFTY27JAN2625000PE,0.11877186424583008
14-01-2026 10:15||NIFTY27JAN2625000PE,0.11928759338558409
14-01-2026 10:20||NIFTY27JAN2625000PE,0.11730781832912313
14-01-2026 10:25||NIFTY27JAN2625000PE,0.1172194114934078
14-01-2026 10:55||NIFTY27JAN2625000PE,0.11651179037424644
14-01-2026 11:30||NIFTY27JAN2625000PE,0.12164731870960066
14-01-2026 12:00||NIFTY27JAN2625000PE,0.12170929040004097
14-01-2026 12:55||NIFTY27JAN2625000PE,0.11809965646174968
14-01-2026 14:30||NIFTY27JAN2625000PE,0.11235712713650538
14-01-2026 14:40||NIFTY27JAN2625000PE,0.11411545623246794
16-01-2026 09:15||NIFTY27JAN2625000PE,0.11888076846927427
16-01-2026 09:20||NIFTY27JAN2625000PE,0.12068530568276534
16-01-2026 09:55||NIFTY27JAN2625000PE,0.11587283426233587
16-01-2026 11:00||NIFTY27JAN2625000PE,0.12538677674676574
16-01-2026 11:25||NIFTY27JAN2625000PE,0.12352346113768234
16-01-2026 11:45||NIFTY27JAN2625000PE,0.12159495428881612
16-01-2026 11:55||NIFTY27JAN2625000PE,0.12281975742132986
16-01-2026 12:05||NIFTY27JAN2625000PE,0.11979349233379713
16-01-2026 12:15||NIFTY27JAN2625000PE,0.12265554498648401
16-01-2026 12:25||NIFTY27JAN2625000PE,0.12628374197922151
16-01-2026 13:05||NIFTY27JAN2625000PE,0.11527420168642202
16-01-2026 13:30||NIFTY27JAN2625000PE,0.11553889578452514
16-01-2026 13:55||NIFTY27JAN2625000PE,0.11545208443379423
16-01-2026 14:00||NIFTY27JAN2625000PE,0.1153905267411447
16-01-2026 14:35||NIFTY27JAN2625000PE,0.11611906763040922
16-01-2026 14:45||NIFTY27JAN2625000PE,0.11588018326405405
16-01-2026 15:15||NIFTY27JAN2625000PE,0.11514759234345304
19-01-2026 10:00||NIFTY27JAN2625000PE,0.11901676526093845
19-01-2026 10:35||NIFTY27JAN2625000PE,0.12164855972655367
19-01-2026 11:05||NIFTY27JAN2625000PE,0.1249041699046815
19-01-2026 11:30||NIFTY27JAN2625000PE,0.11974807967310219
19-01-2026 12:00||NIFTY27JAN2625000PE,0.12163502131723636
19-01-2026 12:30||NIFTY27JAN2625000PE,0.12022991405864081
19-01-2026 12:35||NIFTY27JAN2625000PE,0.12114709528246001
19-01-2026 13:20||NIFTY27JAN2625000PE,0.1210400571268672
19-01-2026 13:25||NIFTY27JAN2625000PE,0.11961747240214367
19-01-2026 14:05||NIFTY27JAN2625000PE,0.12431545122854196
19-01-2026 14:30||NIFTY27JAN2625000PE,0.12297432410770673
19-01-2026 14:35||NIFTY27JAN2625000PE,0.12232578208132015
19-01-2026 15:00||NIFTY27JAN2625000PE,0.12830800650902874
20-01-2026 09:25||NIFTY27JAN2625000PE,0.12495568784455634
20-01-2026 09:40||NIFTY27JAN2625000PE,0.12129005450810616
20-01-2026 09:55||NIFTY27JAN2625000PE,0.12219463806794982
20-01-2026 10:25||NIFTY27JAN2625000PE,0.1233346162535225
20-01-2026 11:15||NIFTY27JAN2625000PE,0.11882807849190252
20-01-2026 12:15||NIFTY27JAN2625000PE,0.11799028441184178
20-01-2026 12:25||NIFTY27JAN2625000PE,0.11405751879030004
20-01-2026 12:30||NIFTY27JAN2625000PE,0.1154540230562392
20-01-2026 12:35||NIFTY27JAN2625000PE,0.11672689284327799
20-01-2026 13:10||NIFTY27JAN2625000PE,0.11772794192934631
20-01-2026 13:15||NIFTY27JAN2625000PE,0.11589754036648672
20-01-2026 13:20||NIFTY27JAN2625000PE,0.11930442262881914
20-01-2026 13:25||NIFTY27JAN2625000PE,0.11747216980044593
20-01-2026 13:40||NIFTY27JAN2625000PE,0.11605051828144033
20-01-2026 14:00||NIFTY27JAN2625000PE,0.11822495193487928
20-01-2026 14:10||NIFTY27JAN2625000PE,0.11851455470370069
20-01-2026 15:05||NIFTY27JAN2625000PE,0.12551816461064436
20-01-2026 15:15||NIFTY27JAN2625000PE,0.12866523029374577
21-01-2026 10:00||NIFTY27JAN2625000PE,0.11457846763657348
21-01-2026 10:25||NIFTY27JAN2625000PE,0.11769727858162687
21-01-2026 10:55||NIFTY27JAN2625000PE,0.11614164584671696
21-01-2026 11:05||NIFTY27JAN2625000PE,0.11773018019692097
21-01-2026 12:10||NIFTY27JAN2625000PE,0.11478337322119497
21-01-2026 12:20||NIFTY27JAN2625000PE,0.12053061117000054
21-01-2026 13:25||NIFTY27JAN2625000PE,0.13674262852377186
21-01-2026 14:00||NIFTY27JAN2625000PE,0.1326995699763997
21-01-2026 14:05||NIFTY27JAN2625000PE,0.13567840166641282
21-01-2026 14:10||NIFTY27JAN2625000PE,0.13230202143511555
21-01-2026 15:00||NIFTY27JAN2625000PE,0.12053693513722999
22-01-2026 09:25||NIFTY27JAN2625000PE,0.11738319339017414
22-01-2026 09:50||NIFTY27JAN2625000PE,0.1535302310407828
22-01-2026 10:05||NIFTY27JAN2625000PE,0.13455657636341378
22-01-2026 10:15||NIFTY27JAN2625000PE,0.13952717857640864
22-01-2026 10:20||NIFTY27JAN2625000PE,0.12432364509790723
22-01-2026 10:40||NIFTY27JAN2625000PE,0.12311266658858497
22-01-2026 10:45||NIFTY27JAN2625000PE,0.12605163275582773
22-01-2026 10:50||NIFTY27JAN2625000PE,0.12417273958661429
22-01-2026 11:10||NIFTY27JAN2625000PE,0.13029373587448276
22-01-2026 11:45||NIFTY27JAN2625000PE,0.12338998411495501
22-01-2026 11:55||NIFTY27JAN2625000PE,0.13190085514953795
22-01-2026 13:05||NIFTY27JAN2625000PE,0.12287336521629551
22-01-2026 14:00||NIFTY27JAN2625000PE,0.11665117364047303
22-01-2026 14:15||NIFTY27JAN2625000PE,0.11184616892114305
22-01-2026 14:55||NIFTY27JAN2625000PE,0.1086053656624538
23-01-2026 09:55||NIFTY27JAN2625000PE,0.1146074607274742
23-01-2026 11:30||NIFTY27JAN2625000PE,0.1126750249087534
23-01-2026 12:10||NIFTY27JAN2625000PE,0.10620902445505324
23-01-2026 13:25||NIFTY27JAN2625000PE,0.1018068977843554
23-01-2026 13:30||NIFTY27JAN2625000PE,0.11534093368154982
23-01-2026 13:45||NIFTY27JAN2625000PE,0.1009933729553931
23-01-2026 14:15||NIFTY27JAN2625000PE,0.11273223792383859
23-01-2026 14:40||NIFTY27JAN2625000PE,0.1000611976299698
23-01-2026 15:10||NIFTY27JAN2625000PE,0.098707427338242
23-01-2026 15:15||NIFTY27JAN2625000PE,0.10277295824510638
27-01-2026 09:45||NIFTY27JAN2625000PE,0.3182078891090648
27-01-2026 09:55||NIFTY27JAN2625000PE,0.34959509327426663
27-01-2026 10:20||NIFTY27JAN2625000PE,0.3268324897067874
27-01-2026 10:50||NIFTY27JAN2625000PE,0.3818889204642311
27-01-2026 10:55||NIFTY27JAN2625000PE,0.3582020996710406
27-01-2026 11:15||NIFTY27JAN2625000PE,0.2833912486146395
27-01-2026 12:20||NIFTY27JAN2625000PE,0.2884453658599534
27-01-2026 12:50||NIFTY27JAN2625000PE,0.273148835513755
27-01-2026 13:15||NIFTY27JAN2625000PE,0.3090642072704536
27-01-2026 13:50||NIFTY27JAN2625000PE,0.3592002236496404
27-01-2026 14:00||NIFTY27JAN2625000PE,0.39010874621056346
27-01-2026 14:25||NIFTY27JAN2625000PE,0.20834380263028113
27-01-2026 14:35||NIFTY27JAN2625000PE,0.2199167092597118
27-01-2026 15:15||NIFTY27JAN2625000PE,0.4982564588558648
07-01-2026 09:25||NIFTY27JAN2625100PE,0.11296522306628017
07-01-2026 09:35||NIFTY27JAN2625100PE,0.11132648149020327
07-01-2026 09:40||NIFTY27JAN2625100PE,0.1137608987079936
07-01-2026 10:30||NIFTY27JAN2625100PE,0.11043145041926646
07-01-2026 10:40||NIFTY27JAN2625100PE,0.11169646187810149
07-01-2026 10:45||NIFTY27JAN2625100PE,0.1112079230800071
07-01-2026 12:15||NIFTY27JAN2625100PE,0.10840177145497183
07-01-2026 12:20||NIFTY27JAN2625100PE,0.11011725694854363
07-01-2026 12:35||NIFTY27JAN2625100PE,0.11001345351070715
07-01-2026 12:40||NIFTY27JAN2625100PE,0.11090818039224473
07-01-2026 12:50||NIFTY27JAN2625100PE,0.10866662513521015
07-01-2026 12:55||NIFTY27JAN2625100PE,0.10837178452119609
07-01-2026 13:25||NIFTY27JAN2625100PE,0.1080651406364894
07-01-2026 13:35||NIFTY27JAN2625100PE,0.10723060315768526
07-01-2026 13:55||NIFTY27JAN2625100PE,0.10769829477151671
07-01-2026 14:30||NIFTY27JAN2625100PE,0.10872938497044386
07-01-2026 14:40||NIFTY27JAN2625100PE,0.10740936416334022
07-01-2026 15:00||NIFTY27JAN2625100PE,0.10985303808654259
07-01-2026 15:15||NIFTY27JAN2625100PE,0.11116250642047018
08-01-2026 09:15||NIFTY27JAN2625100PE,0.10927056859664999
08-01-2026 09:50||NIFTY27JAN2625100PE,0.109160568546705
08-01-2026 09:55||NIFTY27JAN2625100PE,0.11066210361915156
08-01-2026 10:10||NIFTY27JAN2625100PE,0.10688590347904392
08-01-2026 10:15||NIFTY27JAN2625100PE,0.10922447844769738
08-01-2026 10:25||NIFTY27JAN2625100PE,0.10775574248449064
08-01-2026 10:55||NIFTY27JAN2625100PE,0.10988523951972988
08-01-2026 11:00||NIFTY27JAN2625100PE,0.10878059604181856
08-01-2026 11:55||NIFTY27JAN2625100PE,0.1126904295462716
08-01-2026 12:30||NIFTY27JAN2625100PE,0.11511216747963775
08-01-2026 13:00||NIFTY27JAN2625100PE,0.1118768370730723
08-01-2026 13:45||NIFTY27JAN2625100PE,0.10976044253709116
08-01-2026 14:35||NIFTY27JAN2625100PE,0.10894102834626736
08-01-2026 14:50||NIFTY27JAN2625100PE,0.10940909446998606
08-01-2026 15:00||NIFTY27JAN2625100PE,0.108349373656273
08-01-2026 15:10||NIFTY27JAN2625100PE,0.10584508855488434
08-01-2026 15:15||NIFTY27JAN2625100PE,0.10598840750567017
08-01-2026 15:25||NIFTY27JAN2625100PE,0.10843902879015936
09-01-2026 10:00||NIFTY27JAN2625100PE,0.10828422268320742
09-01-2026 10:15||NIFTY27JAN2625100PE,0.10737715706239735
09-01-2026 11:05||NIFTY27JAN2625100PE,0.10443743323828855
09-01-2026 11:10||NIFTY27JAN2625100PE,0.10645318480165693
09-01-2026 11:25||NIFTY27JAN2625100PE,0.10350396337880695
09-01-2026 12:45||NIFTY27JAN2625100PE,0.10724147827776519
09-01-2026 13:25||NIFTY27JAN2625100PE,0.10596244762180064
09-01-2026 13:35||NIFTY27JAN2625100PE,0.10527360242743515
09-01-2026 13:40||NIFTY27JAN2625100PE,0.10812098380339835
09-01-2026 14:25||NIFTY27JAN2625100PE,0.10693395757713228
09-01-2026 15:05||NIFTY27JAN2625100PE,0.10205320366587946
09-01-2026 15:10||NIFTY27JAN2625100PE,0.10358461036284408
09-01-2026 15:20||NIFTY27JAN2625100PE,0.10693941315809125
12-01-2026 09:20||NIFTY27JAN2625100PE,0.11467130612455595
12-01-2026 09:55||NIFTY27JAN2625100PE,0.11502796771755162
12-01-2026 10:05||NIFTY27JAN2625100PE,0.11409222078391171
12-01-2026 10:15||NIFTY27JAN2625100PE,0.10906799155414276
12-01-2026 10:40||NIFTY27JAN2625100PE,0.11186855993571003
12-01-2026 10:55||NIFTY27JAN2625100PE,0.11264814320554356
12-01-2026 11:55||NIFTY27JAN2625100PE,0.1107191222825908
12-01-2026 12:00||NIFTY27JAN2625100PE,0.1112155337091256
12-01-2026 12:15||NIFTY27JAN2625100PE,0.10881842715728271
12-01-2026 12:20||NIFTY27JAN2625100PE,0.11056736716348764
12-01-2026 12:35||NIFTY27JAN2625100PE,0.11928911607551837
12-01-2026 13:15||NIFTY27JAN2625100PE,0.12286475782891282
12-01-2026 13:30||NIFTY27JAN2625100PE,0.11594973169994233
12-01-2026 13:45||NIFTY27JAN2625100PE,0.12004997149734883
12-01-2026 14:35||NIFTY27JAN2625100PE,0.11638139962009533
12-01-2026 14:40||NIFTY27JAN2625100PE,0.11970609511250502
12-01-2026 14:50||NIFTY27JAN2625100PE,0.11840887287355345
12-01-2026 14:55||NIFTY27JAN2625100PE,0.11924313681941898
13-01-2026 09:50||NIFTY27JAN2625100PE,0.11946169043184106
13-01-2026 10:10||NIFTY27JAN2625100PE,0.12409106846002049
13-01-2026 10:15||NIFTY27JAN2625100PE,0.12187126957717101
13-01-2026 10:25||NIFTY27JAN2625100PE,0.11798385418754907
13-01-2026 11:05||NIFTY27JAN2625100PE,0.11794710827452046
13-01-2026 11:10||NIFTY27JAN2625100PE,0.11782429457115261
13-01-2026 11:15||NIFTY27JAN2625100PE,0.1196205199269535
13-01-2026 11:30||NIFTY27JAN2625100PE,0.11735333366751702
13-01-2026 11:50||NIFTY27JAN2625100PE,0.11990961719799006
13-01-2026 12:20||NIFTY27JAN2625100PE,0.11823645735155149
13-01-2026 12:35||NIFTY27JAN2625100PE,0.11585102047206695
13-01-2026 12:40||NIFTY27JAN2625100PE,0.11684767448404447
13-01-2026 12:55||NIFTY27JAN2625100PE,0.11588505295784879
13-01-2026 13:45||NIFTY27JAN2625100PE,0.11667097891313322
13-01-2026 14:30||NIFTY27JAN2625100PE,0.11042249080493774
13-01-2026 14:35||NIFTY27JAN2625100PE,0.11124014577511351
13-01-2026 14:45||NIFTY27JAN2625100PE,0.11421822741878218
13-01-2026 14:55||NIFTY27JAN2625100PE,0.11361249001519386
13-01-2026 15:00||NIFTY27JAN2625100PE,0.11745391442657488
14-01-2026 10:00||NIFTY27JAN2625100PE,0.11535605316379721
14-01-2026 10:30||NIFTY27JAN2625100PE,0.11253637155502967
14-01-2026 11:20||NIFTY27JAN2625100PE,0.11654780456274413
14-01-2026 11:35||NIFTY27JAN2625100PE,0.11577888238841329
14-01-2026 11:50||NIFTY27JAN2625100PE,0.1158541855667407
14-01-2026 12:00||NIFTY27JAN2625100PE,0.1160831395718736
14-01-2026 12:10||NIFTY27JAN2625100PE,0.1153905872735915
14-01-2026 13:35||NIFTY27JAN2625100PE,0.11573809650147458
14-01-2026 14:20||NIFTY27JAN2625100PE,0.11156461110953549
14-01-2026 14:30||NIFTY27JAN2625100PE,0.10672144778805623
14-01-2026 14:45||NIFTY27JAN2625100PE,0.11179878170154418
14-01-2026 14:55||NIFTY27JAN2625100PE,0.11221087308901491
14-01-2026 15:15||NIFTY27JAN2625100PE,0.11058505273029164
14-01-2026 15:25||NIFTY27JAN2625100PE,0.11423165388701151
16-01-2026 09:30||NIFTY27JAN2625100PE,0.11164878904040304
16-01-2026 09:35||NIFTY27JAN2625100PE,0.11253024120242981
16-01-2026 10:05||NIFTY27JAN2625100PE,0.11026791336013718
16-01-2026 10:35||NIFTY27JAN2625100PE,0.1213699120272983
16-01-2026 11:05||NIFTY27JAN2625100PE,0.11878271236937049
16-01-2026 11:55||NIFTY27JAN2625100PE,0.11669446251043508
16-01-2026 12:10||NIFTY27JAN2625100PE,0.11637350129934428
16-01-2026 12:25||NIFTY27JAN2625100PE,0.12082647024820325
16-01-2026 13:20||NIFTY27JAN2625100PE,0.1115151191202605
16-01-2026 14:00||NIFTY27JAN2625100PE,0.1105786958128433
16-01-2026 14:10||NIFTY27JAN2625100PE,0.11120727204588884
16-01-2026 14:20||NIFTY27JAN2625100PE,0.11089078142627673
16-01-2026 14:25||NIFTY27JAN2625100PE,0.1120994557285986
16-01-2026 14:50||NIFTY27JAN2625100PE,0.11138840459049881
16-01-2026 15:10||NIFTY27JAN2625100PE,0.11169212564128239
19-01-2026 10:10||NIFTY27JAN2625100PE,0.11624723348141007
19-01-2026 10:15||NIFTY27JAN2625100PE,0.11580617712785106
19-01-2026 10:50||NIFTY27JAN2625100PE,0.11571877328101868
19-01-2026 11:15||NIFTY27JAN2625100PE,0.11844274409075646
19-01-2026 11:40||NIFTY27JAN2625100PE,0.11595628933877301
19-01-2026 12:20||NIFTY27JAN2625100PE,0.1181625670715485
19-01-2026 12:55||NIFTY27JAN2625100PE,0.11734276614880582
19-01-2026 13:05||NIFTY27JAN2625100PE,0.11831045580485047
19-01-2026 13:30||NIFTY27JAN2625100PE,0.11429260742558368
19-01-2026 13:45||NIFTY27JAN2625100PE,0.11021389177576381
19-01-2026 13:50||NIFTY27JAN2625100PE,0.11706266658014063
19-01-2026 14:10||NIFTY27JAN2625100PE,0.1207772607063515
19-01-2026 14:15||NIFTY27JAN2625100PE,0.11494742638658122
19-01-2026 14:25||NIFTY27JAN2625100PE,0.12020194949009215
19-01-2026 14:50||NIFTY27JAN2625100PE,0.11956750673349001
20-01-2026 09:50||NIFTY27JAN2625100PE,0.1236937366901968
20-01-2026 10:10||NIFTY27JAN2625100PE,0.1216944453948116
20-01-2026 11:40||NIFTY27JAN2625100PE,0.11265188479694033
20-01-2026 12:15||NIFTY27JAN2625100PE,0.11279884163479337
20-01-2026 12:25||NIFTY27JAN2625100PE,0.10841408397906532
20-01-2026 12:30||NIFTY27JAN2625100PE,0.10938566550997265
20-01-2026 12:45||NIFTY27JAN2625100PE,0.11250882220842176
20-01-2026 13:00||NIFTY27JAN2625100PE,0.11305950467520402
20-01-2026 13:35||NIFTY27JAN2625100PE,0.11725503793690681
20-01-2026 14:00||NIFTY27JAN2625100PE,0.1131015079523192
20-01-2026 14:05||NIFTY27JAN2625100PE,0.11552439145981062
20-01-2026 14:50||NIFTY27JAN2625100PE,0.11812351027796793
20-01-2026 15:10||NIFTY27JAN2625100PE,0.1289277814604629
20-01-2026 15:15||NIFTY27JAN2625100PE,0.12422809041264762
20-01-2026 15:25||NIFTY27JAN2625100PE,0.1098994068104998
21-01-2026 09:25||NIFTY27JAN2625100PE,0.12677877106368676
21-01-2026 09:40||NIFTY27JAN2625100PE,0.10777561367159356
21-01-2026 10:35||NIFTY27JAN2625100PE,0.11448795570606571
21-01-2026 10:55||NIFTY27JAN2625100PE,0.1088461181972729
21-01-2026 11:00||NIFTY27JAN2625100PE,0.12253682197364729
21-01-2026 11:15||NIFTY27JAN2625100PE,0.10527444104308413
21-01-2026 11:40||NIFTY27JAN2625100PE,0.11776202995078988
21-01-2026 11:45||NIFTY27JAN2625100PE,0.11593009612718448
21-01-2026 13:50||NIFTY27JAN2625100PE,0.13466816948787927
21-01-2026 14:25||NIFTY27JAN2625100PE,0.133503438374232
21-01-2026 14:35||NIFTY27JAN2625100PE,0.1195968189115519
21-01-2026 14:40||NIFTY27JAN2625100PE,0.1269613932729402
21-01-2026 15:05||NIFTY27JAN2625100PE,0.12746154270607846
21-01-2026 15:20||NIFTY27JAN2625100PE,0.12692837464905274
21-01-2026 15:25||NIFTY27JAN2625100PE,0.1141274408594704
22-01-2026 09:15||NIFTY27JAN2625100PE,0.1254221305723575
22-01-2026 09:30||NIFTY27JAN2625100PE,0.13216119139556984
22-01-2026 10:00||NIFTY27JAN2625100PE,0.12969752580392915
22-01-2026 10:20||NIFTY27JAN2625100PE,0.11565888841647073
22-01-2026 10:25||NIFTY27JAN2625100PE,0.12794855659650792
22-01-2026 10:35||NIFTY27JAN2625100PE,0.124107124878686
22-01-2026 11:10||NIFTY27JAN2625100PE,0.12368016914758581
22-01-2026 12:30||NIFTY27JAN2625100PE,0.11516058836120256
22-01-2026 12:55||NIFTY27JAN2625100PE,0.11943070362367689
22-01-2026 13:25||NIFTY27JAN2625100PE,0.120414894993089
22-01-2026 13:30||NIFTY27JAN2625100PE,0.09917665221296702
22-01-2026 13:40||NIFTY27JAN2625100PE,0.10963046008606701
22-01-2026 14:10||NIFTY27JAN2625100PE,0.12026872903044292
22-01-2026 14:15||NIFTY27JAN2625100PE,0.10614862752815335
22-01-2026 15:10||NIFTY27JAN2625100PE,0.10349032047902051
22-01-2026 15:25||NIFTY27JAN2625100PE,0.09699762115059117
23-01-2026 09:25||NIFTY27JAN2625100PE,0.11206130511052748
23-01-2026 10:25||NIFTY27JAN2625100PE,0.09939854202053948
23-01-2026 10:30||NIFTY27JAN2625100PE,0.10582265526763318
23-01-2026 10:35||NIFTY27JAN2625100PE,0.10913786463907905
23-01-2026 10:45||NIFTY27JAN2625100PE,0.11076702622713756
23-01-2026 11:00||NIFTY27JAN2625100PE,0.10712801529318955
23-01-2026 11:20||NIFTY27JAN2625100PE,0.0998859389728294
23-01-2026 11:55||NIFTY27JAN2625100PE,0.10179755099818963
23-01-2026 12:35||NIFTY27JAN2625100PE,0.09023167507520072
23-01-2026 13:10||NIFTY27JAN2625100PE,0.09111476524058779
23-01-2026 13:50||NIFTY27JAN2625100PE,0.0969602736390058
23-01-2026 14:40||NIFTY27JAN2625100PE,0.09498308955424736
23-01-2026 14:45||NIFTY27JAN2625100PE,0.10396628247313526
27-01-2026 09:20||NIFTY27JAN2625100PE,0.4286122518479974
27-01-2026 09:25||NIFTY27JAN2625100PE,0.2670323957422035
27-01-2026 11:15||NIFTY27JAN2625100PE,0.2709612461071539
27-01-2026 11:30||NIFTY27JAN2625100PE,0.3285232316736153
27-01-2026 12:00||NIFTY27JAN2625100PE,0.29433307942047243
27-01-2026 12:05||NIFTY27JAN2625100PE,0.3347533214464075
27-01-2026 12:35||NIFTY27JAN2625100PE,0.34657101807388885
27-01-2026 12:40||NIFTY27JAN2625100PE,0.3065167291150567
27-01-2026 12:50||NIFTY27JAN2625100PE,0.23010831033669946
27-01-2026 13:25||NIFTY27JAN2625100PE,0.25683354652140733
27-01-2026 13:30||NIFTY27JAN2625100PE,0.3169831222321754
27-01-2026 14:00||NIFTY27JAN2625100PE,0.36493205748039503
27-01-2026 14:30||NIFTY27JAN2625100PE,0.24646955707520787
27-01-2026 15:00||NIFTY27JAN2625100PE,0.13334184978695612
27-01-2026 15:25||NIFTY27JAN2625100PE,0.6885694310729699
